iso3,country,region,year,gdp_usd_bn,gdp_usd_tn
AFG,Afghanistan,Asia,2002,4.367,0.004367
AFG,Afghanistan,Asia,2003,4.553,0.004553
AFG,Afghanistan,Asia,2004,5.146,0.005146
AFG,Afghanistan,Asia,2005,6.167,0.006167
AFG,Afghanistan,Asia,2006,6.925,0.006925
AFG,Afghanistan,Asia,2007,8.556,0.008556
AFG,Afghanistan,Asia,2008,10.297,0.010297
AFG,Afghanistan,Asia,2009,12.066,0.012066
AFG,Afghanistan,Asia,2010,15.325,0.015325
AFG,Afghanistan,Asia,2011,17.89,0.01789
AFG,Afghanistan,Asia,2012,20.293,0.020293
AFG,Afghanistan,Asia,2013,20.17,0.02017
AFG,Afghanistan,Asia,2014,20.616,0.020616
AFG,Afghanistan,Asia,2015,20.057,0.020057
AFG,Afghanistan,Asia,2016,18.02,0.01802
AFG,Afghanistan,Asia,2017,18.883,0.018883
AFG,Afghanistan,Asia,2018,18.336,0.018336
AFG,Afghanistan,Asia,2019,18.876,0.018876
AFG,Afghanistan,Asia,2020,20.136,0.020136
AFG,Afghanistan,Asia,2021,14.278,0.014278
AFG,Afghanistan,Asia,2022,14.501,0.014501
AFG,Afghanistan,Asia,2023,17.248,0.017248
AFG,Afghanistan,Asia,2024,17.817,0.017817
AFG,Afghanistan,Asia,2025,19.662,0.019662
ALB,Albania,Europe,1980,1.946,0.001946
ALB,Albania,Europe,1981,2.229,0.002229
ALB,Albania,Europe,1982,2.296,0.002296
ALB,Albania,Europe,1983,2.319,0.002319
ALB,Albania,Europe,1984,2.29,0.00229
ALB,Albania,Europe,1985,2.339,0.002339
ALB,Albania,Europe,1986,2.587,0.002587
ALB,Albania,Europe,1987,2.566,0.002566
ALB,Albania,Europe,1988,2.53,0.00253
ALB,Albania,Europe,1989,2.779,0.002779
ALB,Albania,Europe,1990,2.221,0.002221
ALB,Albania,Europe,1991,1.333,0.001333
ALB,Albania,Europe,1992,0.843,0.000843
ALB,Albania,Europe,1993,1.461,0.001461
ALB,Albania,Europe,1994,2.361,0.002361
ALB,Albania,Europe,1995,2.882,0.002882
ALB,Albania,Europe,1996,3.2,0.0032
ALB,Albania,Europe,1997,2.225,0.002225
ALB,Albania,Europe,1998,2.555,0.002555
ALB,Albania,Europe,1999,3.226,0.003226
ALB,Albania,Europe,2000,3.488,0.003488
ALB,Albania,Europe,2001,3.927,0.003927
ALB,Albania,Europe,2002,4.356,0.004356
ALB,Albania,Europe,2003,5.561,0.005561
ALB,Albania,Europe,2004,7.177,0.007177
ALB,Albania,Europe,2005,8.052,0.008052
ALB,Albania,Europe,2006,8.896,0.008896
ALB,Albania,Europe,2007,10.677,0.010677
ALB,Albania,Europe,2008,12.881,0.012881
ALB,Albania,Europe,2009,12.044,0.012044
ALB,Albania,Europe,2010,11.937,0.011937
ALB,Albania,Europe,2011,12.899,0.012899
ALB,Albania,Europe,2012,12.324,0.012324
ALB,Albania,Europe,2013,12.784,0.012784
ALB,Albania,Europe,2014,13.246,0.013246
ALB,Albania,Europe,2015,11.389,0.011389
ALB,Albania,Europe,2016,11.862,0.011862
ALB,Albania,Europe,2017,13.053,0.013053
ALB,Albania,Europe,2018,15.38,0.01538
ALB,Albania,Europe,2019,15.582,0.015582
ALB,Albania,Europe,2020,15.271,0.015271
ALB,Albania,Europe,2021,17.985,0.017985
ALB,Albania,Europe,2022,19.189,0.019189
ALB,Albania,Europe,2023,23.633,0.023633
ALB,Albania,Europe,2024,27.084,0.027084
ALB,Albania,Europe,2025,30.279,0.030279
ALB,Albania,Europe,2026,33.333,0.033333
ALB,Albania,Europe,2027,34.912,0.034912
ALB,Albania,Europe,2028,36.998,0.036998
ALB,Albania,Europe,2029,39.189,0.039189
ALB,Albania,Europe,2030,41.533,0.041533
ALB,Albania,Europe,2031,44.032,0.044032
DZA,Algeria,Africa,1980,45.957,0.045957
DZA,Algeria,Africa,1981,48.156,0.048156
DZA,Algeria,Africa,1982,48.599,0.048599
DZA,Algeria,Africa,1983,51.582,0.051582
DZA,Algeria,Africa,1984,55.906,0.055906
DZA,Algeria,Africa,1985,66.346,0.066346
DZA,Algeria,Africa,1986,66.783,0.066783
DZA,Algeria,Africa,1987,68.698,0.068698
DZA,Algeria,Africa,1988,56.07,0.05607
DZA,Algeria,Africa,1989,57.041,0.057041
DZA,Algeria,Africa,1990,67.171,0.067171
DZA,Algeria,Africa,1991,50.65,0.05065
DZA,Algeria,Africa,1992,53.414,0.053414
DZA,Algeria,Africa,1993,55.309,0.055309
DZA,Algeria,Africa,1994,46.044,0.046044
DZA,Algeria,Africa,1995,45.654,0.045654
DZA,Algeria,Africa,1996,50.945,0.050945
DZA,Algeria,Africa,1997,52.287,0.052287
DZA,Algeria,Africa,1998,52.297,0.052297
DZA,Algeria,Africa,1999,53.011,0.053011
DZA,Algeria,Africa,2000,59.418,0.059418
DZA,Algeria,Africa,2001,59.413,0.059413
DZA,Algeria,Africa,2002,61.516,0.061516
DZA,Algeria,Africa,2003,73.482,0.073482
DZA,Algeria,Africa,2004,91.914,0.091914
DZA,Algeria,Africa,2005,107.047,0.107047
DZA,Algeria,Africa,2006,123.084,0.123084
DZA,Algeria,Africa,2007,142.483,0.142483
DZA,Algeria,Africa,2008,180.384,0.180384
DZA,Algeria,Africa,2009,150.317,0.150317
DZA,Algeria,Africa,2010,177.785,0.177785
DZA,Algeria,Africa,2011,218.332,0.218332
DZA,Algeria,Africa,2012,227.144,0.227144
DZA,Algeria,Africa,2013,229.701,0.229701
DZA,Algeria,Africa,2014,238.943,0.238943
DZA,Algeria,Africa,2015,187.494,0.187494
DZA,Algeria,Africa,2016,180.764,0.180764
DZA,Algeria,Africa,2017,190.004,0.190004
DZA,Algeria,Africa,2018,194.507,0.194507
DZA,Algeria,Africa,2019,193.361,0.193361
DZA,Algeria,Africa,2020,164.774,0.164774
DZA,Algeria,Africa,2021,185.85,0.18585
DZA,Algeria,Africa,2022,225.709,0.225709
DZA,Algeria,Africa,2023,248.087,0.248087
DZA,Algeria,Africa,2024,269.14,0.26914
DZA,Algeria,Africa,2025,285.724,0.285724
DZA,Algeria,Africa,2026,317.173,0.317173
DZA,Algeria,Africa,2027,319.16,0.31916
DZA,Algeria,Africa,2028,319.479,0.319479
DZA,Algeria,Africa,2029,322.957,0.322957
DZA,Algeria,Africa,2030,325.415,0.325415
DZA,Algeria,Africa,2031,327.645,0.327645
AND,Andorra,Europe,2000,1.429,0.001429
AND,Andorra,Europe,2001,1.547,0.001547
AND,Andorra,Europe,2002,1.758,0.001758
AND,Andorra,Europe,2003,2.362,0.002362
AND,Andorra,Europe,2004,2.896,0.002896
AND,Andorra,Europe,2005,3.158,0.003158
AND,Andorra,Europe,2006,3.456,0.003456
AND,Andorra,Europe,2007,3.952,0.003952
AND,Andorra,Europe,2008,4.082,0.004082
AND,Andorra,Europe,2009,3.675,0.003675
AND,Andorra,Europe,2010,3.446,0.003446
AND,Andorra,Europe,2011,3.625,0.003625
AND,Andorra,Europe,2012,3.189,0.003189
AND,Andorra,Europe,2013,3.193,0.003193
AND,Andorra,Europe,2014,3.267,0.003267
AND,Andorra,Europe,2015,2.789,0.002789
AND,Andorra,Europe,2016,2.895,0.002895
AND,Andorra,Europe,2017,2.993,0.002993
AND,Andorra,Europe,2018,3.217,0.003217
AND,Andorra,Europe,2019,3.155,0.003155
AND,Andorra,Europe,2020,2.885,0.002885
AND,Andorra,Europe,2021,3.325,0.003325
AND,Andorra,Europe,2022,3.376,0.003376
AND,Andorra,Europe,2023,3.786,0.003786
AND,Andorra,Europe,2024,4.042,0.004042
AND,Andorra,Europe,2025,4.491,0.004491
AND,Andorra,Europe,2026,4.879,0.004879
AND,Andorra,Europe,2027,5.065,0.005065
AND,Andorra,Europe,2028,5.245,0.005245
AND,Andorra,Europe,2029,5.43,0.00543
AND,Andorra,Europe,2030,5.617,0.005617
AND,Andorra,Europe,2031,5.878,0.005878
AGO,Angola,Africa,1980,8.73,0.00873
AGO,Angola,Africa,1981,8.17,0.00817
AGO,Angola,Africa,1982,8.17,0.00817
AGO,Angola,Africa,1983,8.514,0.008514
AGO,Angola,Africa,1984,9.025,0.009025
AGO,Angola,Africa,1985,11.119,0.011119
AGO,Angola,Africa,1986,10.411,0.010411
AGO,Angola,Africa,1987,11.9,0.0119
AGO,Angola,Africa,1988,12.909,0.012909
AGO,Angola,Africa,1989,15.017,0.015017
AGO,Angola,Africa,1990,16.529,0.016529
AGO,Angola,Africa,1991,16.022,0.016022
AGO,Angola,Africa,1992,12.354,0.012354
AGO,Angola,Africa,1993,8.966,0.008966
AGO,Angola,Africa,1994,6.529,0.006529
AGO,Angola,Africa,1995,8.148,0.008148
AGO,Angola,Africa,1996,10.51,0.01051
AGO,Angola,Africa,1997,12.344,0.012344
AGO,Angola,Africa,1998,10.464,0.010464
AGO,Angola,Africa,1999,9.895,0.009895
AGO,Angola,Africa,2000,12.646,0.012646
AGO,Angola,Africa,2001,12.378,0.012378
AGO,Angola,Africa,2002,17.312,0.017312
AGO,Angola,Africa,2003,20.342,0.020342
AGO,Angola,Africa,2004,26.998,0.026998
AGO,Angola,Africa,2005,41.397,0.041397
AGO,Angola,Africa,2006,58.654,0.058654
AGO,Angola,Africa,2007,73.038,0.073038
AGO,Angola,Africa,2008,98.79,0.09879
AGO,Angola,Africa,2009,81.705,0.081705
AGO,Angola,Africa,2010,95.547,0.095547
AGO,Angola,Africa,2011,125.552,0.125552
AGO,Angola,Africa,2012,143.573,0.143573
AGO,Angola,Africa,2013,153.761,0.153761
AGO,Angola,Africa,2014,164.448,0.164448
AGO,Angola,Africa,2015,131.661,0.131661
AGO,Angola,Africa,2016,116.473,0.116473
AGO,Angola,Africa,2017,141.911,0.141911
AGO,Angola,Africa,2018,115.456,0.115456
AGO,Angola,Africa,2019,95.21,0.09521
AGO,Angola,Africa,2020,66.136,0.066136
AGO,Angola,Africa,2021,83.022,0.083022
AGO,Angola,Africa,2022,139.171,0.139171
AGO,Angola,Africa,2023,113.135,0.113135
AGO,Angola,Africa,2024,119.574,0.119574
AGO,Angola,Africa,2025,141.728,0.141728
AGO,Angola,Africa,2026,152.354,0.152354
AGO,Angola,Africa,2027,154.464,0.154464
AGO,Angola,Africa,2028,159.152,0.159152
AGO,Angola,Africa,2029,164.468,0.164468
AGO,Angola,Africa,2030,171.593,0.171593
AGO,Angola,Africa,2031,179.876,0.179876
ATG,Antigua and Barbuda,Americas,1980,0.132,0.000132
ATG,Antigua and Barbuda,Americas,1981,0.149,0.000149
ATG,Antigua and Barbuda,Americas,1982,0.166,0.000166
ATG,Antigua and Barbuda,Americas,1983,0.185,0.000185
ATG,Antigua and Barbuda,Americas,1984,0.212,0.000212
ATG,Antigua and Barbuda,Americas,1985,0.246,0.000246
ATG,Antigua and Barbuda,Americas,1986,0.298,0.000298
ATG,Antigua and Barbuda,Americas,1987,0.347,0.000347
ATG,Antigua and Barbuda,Americas,1988,0.411,0.000411
ATG,Antigua and Barbuda,Americas,1989,0.455,0.000455
ATG,Antigua and Barbuda,Americas,1990,0.479,0.000479
ATG,Antigua and Barbuda,Americas,1991,0.504,0.000504
ATG,Antigua and Barbuda,Americas,1992,0.525,0.000525
ATG,Antigua and Barbuda,Americas,1993,0.566,0.000566
ATG,Antigua and Barbuda,Americas,1994,0.625,0.000625
ATG,Antigua and Barbuda,Americas,1995,0.616,0.000616
ATG,Antigua and Barbuda,Americas,1996,0.679,0.000679
ATG,Antigua and Barbuda,Americas,1997,0.734,0.000734
ATG,Antigua and Barbuda,Americas,1998,0.79,0.00079
ATG,Antigua and Barbuda,Americas,1999,0.836,0.000836
ATG,Antigua and Barbuda,Americas,2000,0.901,0.000901
ATG,Antigua and Barbuda,Americas,2001,0.878,0.000878
ATG,Antigua and Barbuda,Americas,2002,0.898,0.000898
ATG,Antigua and Barbuda,Americas,2003,0.948,0.000948
ATG,Antigua and Barbuda,Americas,2004,1.026,0.001026
ATG,Antigua and Barbuda,Americas,2005,1.144,0.001144
ATG,Antigua and Barbuda,Americas,2006,1.304,0.001304
ATG,Antigua and Barbuda,Americas,2007,1.487,0.001487
ATG,Antigua and Barbuda,Americas,2008,1.558,0.001558
ATG,Antigua and Barbuda,Americas,2009,1.387,0.001387
ATG,Antigua and Barbuda,Americas,2010,1.298,0.001298
ATG,Antigua and Barbuda,Americas,2011,1.287,0.001287
ATG,Antigua and Barbuda,Americas,2012,1.365,0.001365
ATG,Antigua and Barbuda,Americas,2013,1.325,0.001325
ATG,Antigua and Barbuda,Americas,2014,1.379,0.001379
ATG,Antigua and Barbuda,Americas,2015,1.437,0.001437
ATG,Antigua and Barbuda,Americas,2016,1.49,0.00149
ATG,Antigua and Barbuda,Americas,2017,1.535,0.001535
ATG,Antigua and Barbuda,Americas,2018,1.662,0.001662
ATG,Antigua and Barbuda,Americas,2019,1.726,0.001726
ATG,Antigua and Barbuda,Americas,2020,1.412,0.001412
ATG,Antigua and Barbuda,Americas,2021,1.602,0.001602
ATG,Antigua and Barbuda,Americas,2022,1.857,0.001857
ATG,Antigua and Barbuda,Americas,2023,2.054,0.002054
ATG,Antigua and Barbuda,Americas,2024,2.162,0.002162
ATG,Antigua and Barbuda,Americas,2025,2.273,0.002273
ATG,Antigua and Barbuda,Americas,2026,2.385,0.002385
ATG,Antigua and Barbuda,Americas,2027,2.492,0.002492
ATG,Antigua and Barbuda,Americas,2028,2.604,0.002604
ATG,Antigua and Barbuda,Americas,2029,2.721,0.002721
ATG,Antigua and Barbuda,Americas,2030,2.844,0.002844
ATG,Antigua and Barbuda,Americas,2031,2.972,0.002972
ARG,Argentina,Americas,1980,233.696,0.233696
ARG,Argentina,Americas,1981,189.802,0.189802
ARG,Argentina,Americas,1982,94.25,0.09425
ARG,Argentina,Americas,1983,116.267,0.116267
ARG,Argentina,Americas,1984,130.544,0.130544
ARG,Argentina,Americas,1985,98.599,0.098599
ARG,Argentina,Americas,1986,118.565,0.118565
ARG,Argentina,Americas,1987,121.561,0.121561
ARG,Argentina,Americas,1988,142.386,0.142386
ARG,Argentina,Americas,1989,91.352,0.091352
ARG,Argentina,Americas,1990,158.024,0.158024
ARG,Argentina,Americas,1991,211.979,0.211979
ARG,Argentina,Americas,1992,255.787,0.255787
ARG,Argentina,Americas,1993,264.429,0.264429
ARG,Argentina,Americas,1994,287.835,0.287835
ARG,Argentina,Americas,1995,288.497,0.288497
ARG,Argentina,Americas,1996,304.282,0.304282
ARG,Argentina,Americas,1997,327.436,0.327436
ARG,Argentina,Americas,1998,334.244,0.334244
ARG,Argentina,Americas,1999,316.998,0.316998
ARG,Argentina,Americas,2000,317.759,0.317759
ARG,Argentina,Americas,2001,300.421,0.300421
ARG,Argentina,Americas,2002,112.458,0.112458
ARG,Argentina,Americas,2003,142.431,0.142431
ARG,Argentina,Americas,2004,164.911,0.164911
ARG,Argentina,Americas,2005,199.273,0.199273
ARG,Argentina,Americas,2006,232.892,0.232892
ARG,Argentina,Americas,2007,287.921,0.287921
ARG,Argentina,Americas,2008,363.545,0.363545
ARG,Argentina,Americas,2009,334.633,0.334633
ARG,Argentina,Americas,2010,424.729,0.424729
ARG,Argentina,Americas,2011,527.644,0.527644
ARG,Argentina,Americas,2012,579.666,0.579666
ARG,Argentina,Americas,2013,611.471,0.611471
ARG,Argentina,Americas,2014,563.614,0.563614
ARG,Argentina,Americas,2015,642.464,0.642464
ARG,Argentina,Americas,2016,556.774,0.556774
ARG,Argentina,Americas,2017,643.861,0.643861
ARG,Argentina,Americas,2018,524.431,0.524431
ARG,Argentina,Americas,2019,446.762,0.446762
ARG,Argentina,Americas,2020,385.218,0.385218
ARG,Argentina,Americas,2021,486.04,0.48604
ARG,Argentina,Americas,2022,633.52,0.63352
ARG,Argentina,Americas,2023,648.895,0.648895
ARG,Argentina,Americas,2024,637.234,0.637234
ARG,Argentina,Americas,2025,681.485,0.681485
ARG,Argentina,Americas,2026,688.378,0.688378
ARG,Argentina,Americas,2027,703.668,0.703668
ARG,Argentina,Americas,2028,746.843,0.746843
ARG,Argentina,Americas,2029,789.967,0.789967
ARG,Argentina,Americas,2030,833.284,0.833284
ARG,Argentina,Americas,2031,878.051,0.878051
ARM,Armenia,Asia,1992,0.108,0.000108
ARM,Armenia,Asia,1993,0.835,0.000835
ARM,Armenia,Asia,1994,0.648,0.000648
ARM,Armenia,Asia,1995,1.287,0.001287
ARM,Armenia,Asia,1996,1.597,0.001597
ARM,Armenia,Asia,1997,1.639,0.001639
ARM,Armenia,Asia,1998,1.892,0.001892
ARM,Armenia,Asia,1999,1.845,0.001845
ARM,Armenia,Asia,2000,1.912,0.001912
ARM,Armenia,Asia,2001,2.118,0.002118
ARM,Armenia,Asia,2002,2.376,0.002376
ARM,Armenia,Asia,2003,2.807,0.002807
ARM,Armenia,Asia,2004,3.577,0.003577
ARM,Armenia,Asia,2005,4.9,0.0049
ARM,Armenia,Asia,2006,6.384,0.006384
ARM,Armenia,Asia,2007,9.206,0.009206
ARM,Armenia,Asia,2008,11.662,0.011662
ARM,Armenia,Asia,2009,8.648,0.008648
ARM,Armenia,Asia,2010,9.26,0.00926
ARM,Armenia,Asia,2011,10.142,0.010142
ARM,Armenia,Asia,2012,10.619,0.010619
ARM,Armenia,Asia,2013,11.121,0.011121
ARM,Armenia,Asia,2014,11.61,0.01161
ARM,Armenia,Asia,2015,10.553,0.010553
ARM,Armenia,Asia,2016,10.546,0.010546
ARM,Armenia,Asia,2017,11.527,0.011527
ARM,Armenia,Asia,2018,12.458,0.012458
ARM,Armenia,Asia,2019,13.619,0.013619
ARM,Armenia,Asia,2020,12.642,0.012642
ARM,Armenia,Asia,2021,13.879,0.013879
ARM,Armenia,Asia,2022,19.514,0.019514
ARM,Armenia,Asia,2023,24.186,0.024186
ARM,Armenia,Asia,2024,25.955,0.025955
ARM,Armenia,Asia,2025,29.243,0.029243
ARM,Armenia,Asia,2026,31.873,0.031873
ARM,Armenia,Asia,2027,33.553,0.033553
ARM,Armenia,Asia,2028,35.404,0.035404
ARM,Armenia,Asia,2029,37.902,0.037902
ARM,Armenia,Asia,2030,40.665,0.040665
ARM,Armenia,Asia,2031,43.618,0.043618
ABW,Aruba,Americas,1995,1.321,0.001321
ABW,Aruba,Americas,1996,1.38,0.00138
ABW,Aruba,Americas,1997,1.532,0.001532
ABW,Aruba,Americas,1998,1.665,0.001665
ABW,Aruba,Americas,1999,1.723,0.001723
ABW,Aruba,Americas,2000,1.873,0.001873
ABW,Aruba,Americas,2001,1.896,0.001896
ABW,Aruba,Americas,2002,1.962,0.001962
ABW,Aruba,Americas,2003,2.044,0.002044
ABW,Aruba,Americas,2004,2.255,0.002255
ABW,Aruba,Americas,2005,2.36,0.00236
ABW,Aruba,Americas,2006,2.47,0.00247
ABW,Aruba,Americas,2007,2.678,0.002678
ABW,Aruba,Americas,2008,2.843,0.002843
ABW,Aruba,Americas,2009,2.554,0.002554
ABW,Aruba,Americas,2010,2.454,0.002454
ABW,Aruba,Americas,2011,2.638,0.002638
ABW,Aruba,Americas,2012,2.615,0.002615
ABW,Aruba,Americas,2013,2.728,0.002728
ABW,Aruba,Americas,2014,2.791,0.002791
ABW,Aruba,Americas,2015,2.963,0.002963
ABW,Aruba,Americas,2016,2.984,0.002984
ABW,Aruba,Americas,2017,3.092,0.003092
ABW,Aruba,Americas,2018,3.276,0.003276
ABW,Aruba,Americas,2019,3.347,0.003347
ABW,Aruba,Americas,2020,2.471,0.002471
ABW,Aruba,Americas,2021,2.881,0.002881
ABW,Aruba,Americas,2022,3.324,0.003324
ABW,Aruba,Americas,2023,3.871,0.003871
ABW,Aruba,Americas,2024,4.285,0.004285
ABW,Aruba,Americas,2025,4.521,0.004521
ABW,Aruba,Americas,2026,4.671,0.004671
ABW,Aruba,Americas,2027,4.853,0.004853
ABW,Aruba,Americas,2028,5.024,0.005024
ABW,Aruba,Americas,2029,5.198,0.005198
ABW,Aruba,Americas,2030,5.377,0.005377
ABW,Aruba,Americas,2031,5.557,0.005557
AUS,Australia,Oceania,1980,163.135,0.163135
AUS,Australia,Oceania,1981,188.653,0.188653
AUS,Australia,Oceania,1982,187.291,0.187291
AUS,Australia,Oceania,1983,179.709,0.179709
AUS,Australia,Oceania,1984,197.39,0.19739
AUS,Australia,Oceania,1985,174.61,0.17461
AUS,Australia,Oceania,1986,181.712,0.181712
AUS,Australia,Oceania,1987,213.375,0.213375
AUS,Australia,Oceania,1988,271.438,0.271438
AUS,Australia,Oceania,1989,308.794,0.308794
AUS,Australia,Oceania,1990,324.567,0.324567
AUS,Australia,Oceania,1991,324.897,0.324897
AUS,Australia,Oceania,1992,318.448,0.318448
AUS,Australia,Oceania,1993,309.74,0.30974
AUS,Australia,Oceania,1994,353.899,0.353899
AUS,Australia,Oceania,1995,379.794,0.379794
AUS,Australia,Oceania,1996,425.321,0.425321
AUS,Australia,Oceania,1997,427.113,0.427113
AUS,Australia,Oceania,1998,382.157,0.382157
AUS,Australia,Oceania,1999,412.701,0.412701
AUS,Australia,Oceania,2000,401.043,0.401043
AUS,Australia,Oceania,2001,378.776,0.378776
AUS,Australia,Oceania,2002,426.227,0.426227
AUS,Australia,Oceania,2003,542.024,0.542024
AUS,Australia,Oceania,2004,659.797,0.659797
AUS,Australia,Oceania,2005,737.709,0.737709
AUS,Australia,Oceania,2006,784.874,0.784874
AUS,Australia,Oceania,2007,951.942,0.951942
AUS,Australia,Oceania,2008,1059.505,1.059505
AUS,Australia,Oceania,2009,1004.22,1.00422
AUS,Australia,Oceania,2010,1258.45,1.25845
AUS,Australia,Oceania,2011,1520.441,1.520441
AUS,Australia,Oceania,2012,1575.93,1.57593
AUS,Australia,Oceania,2013,1526.608,1.526608
AUS,Australia,Oceania,2014,1463.091,1.463091
AUS,Australia,Oceania,2015,1238.863,1.238863
AUS,Australia,Oceania,2016,1267.66,1.26766
AUS,Australia,Oceania,2017,1386.367,1.386367
AUS,Australia,Oceania,2018,1422.597,1.422597
AUS,Australia,Oceania,2019,1391.987,1.391987
AUS,Australia,Oceania,2020,1366.669,1.366669
AUS,Australia,Oceania,2021,1660.123,1.660123
AUS,Australia,Oceania,2022,1731.233,1.731233
AUS,Australia,Oceania,2023,1748.175,1.748175
AUS,Australia,Oceania,2024,1799.418,1.799418
AUS,Australia,Oceania,2025,1839.961,1.839961
AUS,Australia,Oceania,2026,2123.963,2.123963
AUS,Australia,Oceania,2027,2211.254,2.211254
AUS,Australia,Oceania,2028,2292.786,2.292786
AUS,Australia,Oceania,2029,2380.653,2.380653
AUS,Australia,Oceania,2030,2483.975,2.483975
AUS,Australia,Oceania,2031,2590.235,2.590235
AUT,Austria,Europe,1980,80.481,0.080481
AUT,Austria,Europe,1981,69.738,0.069738
AUT,Austria,Europe,1982,69.727,0.069727
AUT,Austria,Europe,1983,70.644,0.070644
AUT,Austria,Europe,1984,66.64,0.06664
AUT,Austria,Europe,1985,68.248,0.068248
AUT,Austria,Europe,1986,96.842,0.096842
AUT,Austria,Europe,1987,121.104,0.121104
AUT,Austria,Europe,1988,132.86,0.13286
AUT,Austria,Europe,1989,132.534,0.132534
AUT,Austria,Europe,1990,165.953,0.165953
AUT,Austria,Europe,1991,173.481,0.173481
AUT,Austria,Europe,1992,194.436,0.194436
AUT,Austria,Europe,1993,189.342,0.189342
AUT,Austria,Europe,1994,202.854,0.202854
AUT,Austria,Europe,1995,239.914,0.239914
AUT,Austria,Europe,1996,236.044,0.236044
AUT,Austria,Europe,1997,211.978,0.211978
AUT,Austria,Europe,1998,217.363,0.217363
AUT,Austria,Europe,1999,216.637,0.216637
AUT,Austria,Europe,2000,196.268,0.196268
AUT,Austria,Europe,2001,196.479,0.196479
AUT,Austria,Europe,2002,212.687,0.212687
AUT,Austria,Europe,2003,260.714,0.260714
AUT,Austria,Europe,2004,299.075,0.299075
AUT,Austria,Europe,2005,314.126,0.314126
AUT,Austria,Europe,2006,333.924,0.333924
AUT,Austria,Europe,2007,386.806,0.386806
AUT,Austria,Europe,2008,429.187,0.429187
AUT,Austria,Europe,2009,398.857,0.398857
AUT,Austria,Europe,2010,390.146,0.390146
AUT,Austria,Europe,2011,428.879,0.428879
AUT,Austria,Europe,2012,407.008,0.407008
AUT,Austria,Europe,2013,426.587,0.426587
AUT,Austria,Europe,2014,438.669,0.438669
AUT,Austria,Europe,2015,379.584,0.379584
AUT,Austria,Europe,2016,393.579,0.393579
AUT,Austria,Europe,2017,414.78,0.41478
AUT,Austria,Europe,2018,452.787,0.452787
AUT,Austria,Europe,2019,443.033,0.443033
AUT,Austria,Europe,2020,434.05,0.43405
AUT,Austria,Europe,2021,480.786,0.480786
AUT,Austria,Europe,2022,473.594,0.473594
AUT,Austria,Europe,2023,516.82,0.51682
AUT,Austria,Europe,2024,534.63,0.53463
AUT,Austria,Europe,2025,579.928,0.579928
AUT,Austria,Europe,2026,623.719,0.623719
AUT,Austria,Europe,2027,644.693,0.644693
AUT,Austria,Europe,2028,664.452,0.664452
AUT,Austria,Europe,2029,686.014,0.686014
AUT,Austria,Europe,2030,706.581,0.706581
AUT,Austria,Europe,2031,727.089,0.727089
AZE,Azerbaijan,Asia,1992,1.193,0.001193
AZE,Azerbaijan,Asia,1993,1.309,0.001309
AZE,Azerbaijan,Asia,1994,2.258,0.002258
AZE,Azerbaijan,Asia,1995,2.417,0.002417
AZE,Azerbaijan,Asia,1996,3.177,0.003177
AZE,Azerbaijan,Asia,1997,4.317,0.004317
AZE,Azerbaijan,Asia,1998,4.28,0.00428
AZE,Azerbaijan,Asia,1999,4.581,0.004581
AZE,Azerbaijan,Asia,2000,5.273,0.005273
AZE,Azerbaijan,Asia,2001,5.475,0.005475
AZE,Azerbaijan,Asia,2002,6.232,0.006232
AZE,Azerbaijan,Asia,2003,7.276,0.007276
AZE,Azerbaijan,Asia,2004,8.682,0.008682
AZE,Azerbaijan,Asia,2005,13.239,0.013239
AZE,Azerbaijan,Asia,2006,20.983,0.020983
AZE,Azerbaijan,Asia,2007,33.05,0.03305
AZE,Azerbaijan,Asia,2008,48.852,0.048852
AZE,Azerbaijan,Asia,2009,44.297,0.044297
AZE,Azerbaijan,Asia,2010,52.909,0.052909
AZE,Azerbaijan,Asia,2011,65.952,0.065952
AZE,Azerbaijan,Asia,2012,69.684,0.069684
AZE,Azerbaijan,Asia,2013,74.164,0.074164
AZE,Azerbaijan,Asia,2014,75.235,0.075235
AZE,Azerbaijan,Asia,2015,52.997,0.052997
AZE,Azerbaijan,Asia,2016,37.83,0.03783
AZE,Azerbaijan,Asia,2017,41.375,0.041375
AZE,Azerbaijan,Asia,2018,47.113,0.047113
AZE,Azerbaijan,Asia,2019,48.174,0.048174
AZE,Azerbaijan,Asia,2020,42.693,0.042693
AZE,Azerbaijan,Asia,2021,54.825,0.054825
AZE,Azerbaijan,Asia,2022,78.807,0.078807
AZE,Azerbaijan,Asia,2023,72.428,0.072428
AZE,Azerbaijan,Asia,2024,74.426,0.074426
AZE,Azerbaijan,Asia,2025,75.938,0.075938
AZE,Azerbaijan,Asia,2026,78.372,0.078372
AZE,Azerbaijan,Asia,2027,83.06,0.08306
AZE,Azerbaijan,Asia,2028,88.175,0.088175
AZE,Azerbaijan,Asia,2029,93.718,0.093718
AZE,Azerbaijan,Asia,2030,99.6,0.0996
AZE,Azerbaijan,Asia,2031,105.923,0.105923
BHS,Bahamas,Americas,1980,2.598,0.002598
BHS,Bahamas,Americas,1981,2.692,0.002692
BHS,Bahamas,Americas,1982,3.031,0.003031
BHS,Bahamas,Americas,1983,3.373,0.003373
BHS,Bahamas,Americas,1984,3.603,0.003603
BHS,Bahamas,Americas,1985,3.923,0.003923
BHS,Bahamas,Americas,1986,4.241,0.004241
BHS,Bahamas,Americas,1987,4.669,0.004669
BHS,Bahamas,Americas,1988,4.855,0.004855
BHS,Bahamas,Americas,1989,5.473,0.005473
BHS,Bahamas,Americas,1990,5.218,0.005218
BHS,Bahamas,Americas,1991,5.128,0.005128
BHS,Bahamas,Americas,1992,5.125,0.005125
BHS,Bahamas,Americas,1993,5.097,0.005097
BHS,Bahamas,Americas,1994,5.372,0.005372
BHS,Bahamas,Americas,1995,5.653,0.005653
BHS,Bahamas,Americas,1996,5.95,0.00595
BHS,Bahamas,Americas,1997,6.332,0.006332
BHS,Bahamas,Americas,1998,6.833,0.006833
BHS,Bahamas,Americas,1999,7.684,0.007684
BHS,Bahamas,Americas,2000,8.076,0.008076
BHS,Bahamas,Americas,2001,8.318,0.008318
BHS,Bahamas,Americas,2002,8.881,0.008881
BHS,Bahamas,Americas,2003,8.87,0.00887
BHS,Bahamas,Americas,2004,9.055,0.009055
BHS,Bahamas,Americas,2005,9.836,0.009836
BHS,Bahamas,Americas,2006,10.167,0.010167
BHS,Bahamas,Americas,2007,10.618,0.010618
BHS,Bahamas,Americas,2008,10.526,0.010526
BHS,Bahamas,Americas,2009,9.982,0.009982
BHS,Bahamas,Americas,2010,10.096,0.010096
BHS,Bahamas,Americas,2011,10.07,0.01007
BHS,Bahamas,Americas,2012,10.72,0.01072
BHS,Bahamas,Americas,2013,10.475,0.010475
BHS,Bahamas,Americas,2014,11.139,0.011139
BHS,Bahamas,Americas,2015,11.838,0.011838
BHS,Bahamas,Americas,2016,11.881,0.011881
BHS,Bahamas,Americas,2017,12.447,0.012447
BHS,Bahamas,Americas,2018,12.819,0.012819
BHS,Bahamas,Americas,2019,13.277,0.013277
BHS,Bahamas,Americas,2020,10.363,0.010363
BHS,Bahamas,Americas,2021,12.037,0.012037
BHS,Bahamas,Americas,2022,13.897,0.013897
BHS,Bahamas,Americas,2023,15.271,0.015271
BHS,Bahamas,Americas,2024,15.833,0.015833
BHS,Bahamas,Americas,2025,16.508,0.016508
BHS,Bahamas,Americas,2026,17.042,0.017042
BHS,Bahamas,Americas,2027,17.605,0.017605
BHS,Bahamas,Americas,2028,18.208,0.018208
BHS,Bahamas,Americas,2029,18.851,0.018851
BHS,Bahamas,Americas,2030,19.513,0.019513
BHS,Bahamas,Americas,2031,20.201,0.020201
BHR,Bahrain,Asia,1980,3.745,0.003745
BHR,Bahrain,Asia,1981,4.228,0.004228
BHR,Bahrain,Asia,1982,4.445,0.004445
BHR,Bahrain,Asia,1983,4.554,0.004554
BHR,Bahrain,Asia,1984,4.727,0.004727
BHR,Bahrain,Asia,1985,4.46,0.00446
BHR,Bahrain,Asia,1986,3.49,0.00349
BHR,Bahrain,Asia,1987,3.78,0.00378
BHR,Bahrain,Asia,1988,4.672,0.004672
BHR,Bahrain,Asia,1989,4.873,0.004873
BHR,Bahrain,Asia,1990,5.176,0.005176
BHR,Bahrain,Asia,1991,5.43,0.00543
BHR,Bahrain,Asia,1992,5.673,0.005673
BHR,Bahrain,Asia,1993,6.241,0.006241
BHR,Bahrain,Asia,1994,6.683,0.006683
BHR,Bahrain,Asia,1995,7.075,0.007075
BHR,Bahrain,Asia,1996,7.357,0.007357
BHR,Bahrain,Asia,1997,7.629,0.007629
BHR,Bahrain,Asia,1998,7.293,0.007293
BHR,Bahrain,Asia,1999,7.905,0.007905
BHR,Bahrain,Asia,2000,9.448,0.009448
BHR,Bahrain,Asia,2001,9.579,0.009579
BHR,Bahrain,Asia,2002,10.001,0.010001
BHR,Bahrain,Asia,2003,11.546,0.011546
BHR,Bahrain,Asia,2004,13.709,0.013709
BHR,Bahrain,Asia,2005,16.647,0.016647
BHR,Bahrain,Asia,2006,19.291,0.019291
BHR,Bahrain,Asia,2007,22.653,0.022653
BHR,Bahrain,Asia,2008,26.803,0.026803
BHR,Bahrain,Asia,2009,23.913,0.023913
BHR,Bahrain,Asia,2010,26.806,0.026806
BHR,Bahrain,Asia,2011,29.915,0.029915
BHR,Bahrain,Asia,2012,31.963,0.031963
BHR,Bahrain,Asia,2013,33.823,0.033823
BHR,Bahrain,Asia,2014,34.773,0.034773
BHR,Bahrain,Asia,2015,32.523,0.032523
BHR,Bahrain,Asia,2016,33.885,0.033885
BHR,Bahrain,Asia,2017,37.205,0.037205
BHR,Bahrain,Asia,2018,39.568,0.039568
BHR,Bahrain,Asia,2019,40.447,0.040447
BHR,Bahrain,Asia,2020,35.838,0.035838
BHR,Bahrain,Asia,2021,40.84,0.04084
BHR,Bahrain,Asia,2022,46.458,0.046458
BHR,Bahrain,Asia,2023,46.192,0.046192
BHR,Bahrain,Asia,2024,47.21,0.04721
BHR,Bahrain,Asia,2025,47.538,0.047538
BHR,Bahrain,Asia,2026,48.849,0.048849
BHR,Bahrain,Asia,2027,50.994,0.050994
BHR,Bahrain,Asia,2028,53.033,0.053033
BHR,Bahrain,Asia,2029,55.441,0.055441
BHR,Bahrain,Asia,2030,58.166,0.058166
BHR,Bahrain,Asia,2031,61.074,0.061074
BGD,Bangladesh,Asia,1980,24.775,0.024775
BGD,Bangladesh,Asia,1981,26.355,0.026355
BGD,Bangladesh,Asia,1982,24.678,0.024678
BGD,Bangladesh,Asia,1983,23.904,0.023904
BGD,Bangladesh,Asia,1984,26.817,0.026817
BGD,Bangladesh,Asia,1985,28.819,0.028819
BGD,Bangladesh,Asia,1986,29.639,0.029639
BGD,Bangladesh,Asia,1987,32.449,0.032449
BGD,Bangladesh,Asia,1988,34.914,0.034914
BGD,Bangladesh,Asia,1989,38.07,0.03807
BGD,Bangladesh,Asia,1990,41.068,0.041068
BGD,Bangladesh,Asia,1991,42.488,0.042488
BGD,Bangladesh,Asia,1992,43.292,0.043292
BGD,Bangladesh,Asia,1993,43.684,0.043684
BGD,Bangladesh,Asia,1994,46.438,0.046438
BGD,Bangladesh,Asia,1995,51.842,0.051842
BGD,Bangladesh,Asia,1996,55.445,0.055445
BGD,Bangladesh,Asia,1997,57.599,0.057599
BGD,Bangladesh,Asia,1998,59.879,0.059879
BGD,Bangladesh,Asia,1999,61.526,0.061526
BGD,Bangladesh,Asia,2000,61.687,0.061687
BGD,Bangladesh,Asia,2001,62.537,0.062537
BGD,Bangladesh,Asia,2002,65.036,0.065036
BGD,Bangladesh,Asia,2003,71.755,0.071755
BGD,Bangladesh,Asia,2004,77.152,0.077152
BGD,Bangladesh,Asia,2005,79.53,0.07953
BGD,Bangladesh,Asia,2006,86.028,0.086028
BGD,Bangladesh,Asia,2007,95.374,0.095374
BGD,Bangladesh,Asia,2008,109.765,0.109765
BGD,Bangladesh,Asia,2009,122.76,0.12276
BGD,Bangladesh,Asia,2010,138.094,0.138094
BGD,Bangladesh,Asia,2011,154.097,0.154097
BGD,Bangladesh,Asia,2012,159.749,0.159749
BGD,Bangladesh,Asia,2013,179.676,0.179676
BGD,Bangladesh,Asia,2014,207.102,0.207102
BGD,Bangladesh,Asia,2015,233.687,0.233687
BGD,Bangladesh,Asia,2016,265.236,0.265236
BGD,Bangladesh,Asia,2017,293.755,0.293755
BGD,Bangladesh,Asia,2018,321.379,0.321379
BGD,Bangladesh,Asia,2019,351.238,0.351238
BGD,Bangladesh,Asia,2020,373.902,0.373902
BGD,Bangladesh,Asia,2021,416.265,0.416265
BGD,Bangladesh,Asia,2022,460.201,0.460201
BGD,Bangladesh,Asia,2023,451.534,0.451534
BGD,Bangladesh,Asia,2024,450.461,0.450461
BGD,Bangladesh,Asia,2025,457.904,0.457904
BGD,Bangladesh,Asia,2026,510.705,0.510705
BGD,Bangladesh,Asia,2027,539.741,0.539741
BGD,Bangladesh,Asia,2028,574.318,0.574318
BGD,Bangladesh,Asia,2029,621.977,0.621977
BGD,Bangladesh,Asia,2030,677.005,0.677005
BGD,Bangladesh,Asia,2031,740.011,0.740011
BRB,Barbados,Americas,1980,1.108,0.001108
BRB,Barbados,Americas,1981,1.219,0.001219
BRB,Barbados,Americas,1982,1.274,0.001274
BRB,Barbados,Americas,1983,1.352,0.001352
BRB,Barbados,Americas,1984,1.474,0.001474
BRB,Barbados,Americas,1985,1.542,0.001542
BRB,Barbados,Americas,1986,1.693,0.001693
BRB,Barbados,Americas,1987,1.865,0.001865
BRB,Barbados,Americas,1988,1.983,0.001983
BRB,Barbados,Americas,1989,2.195,0.002195
BRB,Barbados,Americas,1990,2.202,0.002202
BRB,Barbados,Americas,1991,2.211,0.002211
BRB,Barbados,Americas,1992,2.129,0.002129
BRB,Barbados,Americas,1993,2.257,0.002257
BRB,Barbados,Americas,1994,2.354,0.002354
BRB,Barbados,Americas,1995,2.481,0.002481
BRB,Barbados,Americas,1996,2.657,0.002657
BRB,Barbados,Americas,1997,2.818,0.002818
BRB,Barbados,Americas,1998,3.23,0.00323
BRB,Barbados,Americas,1999,3.392,0.003392
BRB,Barbados,Americas,2000,3.499,0.003499
BRB,Barbados,Americas,2001,3.494,0.003494
BRB,Barbados,Americas,2002,3.554,0.003554
BRB,Barbados,Americas,2003,3.676,0.003676
BRB,Barbados,Americas,2004,3.966,0.003966
BRB,Barbados,Americas,2005,4.451,0.004451
BRB,Barbados,Americas,2006,4.969,0.004969
BRB,Barbados,Americas,2007,5.572,0.005572
BRB,Barbados,Americas,2008,5.708,0.005708
BRB,Barbados,Americas,2009,5.351,0.005351
BRB,Barbados,Americas,2010,5.429,0.005429
BRB,Barbados,Americas,2011,5.563,0.005563
BRB,Barbados,Americas,2012,5.487,0.005487
BRB,Barbados,Americas,2013,5.66,0.00566
BRB,Barbados,Americas,2014,5.685,0.005685
BRB,Barbados,Americas,2015,5.7,0.0057
BRB,Barbados,Americas,2016,5.679,0.005679
BRB,Barbados,Americas,2017,5.847,0.005847
BRB,Barbados,Americas,2018,6.001,0.006001
BRB,Barbados,Americas,2019,6.167,0.006167
BRB,Barbados,Americas,2020,5.403,0.005403
BRB,Barbados,Americas,2021,5.949,0.005949
BRB,Barbados,Americas,2022,6.887,0.006887
BRB,Barbados,Americas,2023,7.223,0.007223
BRB,Barbados,Americas,2024,7.598,0.007598
BRB,Barbados,Americas,2025,8.017,0.008017
BRB,Barbados,Americas,2026,8.483,0.008483
BRB,Barbados,Americas,2027,8.955,0.008955
BRB,Barbados,Americas,2028,9.375,0.009375
BRB,Barbados,Americas,2029,9.811,0.009811
BRB,Barbados,Americas,2030,10.268,0.010268
BRB,Barbados,Americas,2031,10.75,0.01075
BLR,Belarus,Europe,1992,12.8,0.0128
BLR,Belarus,Europe,1993,11.408,0.011408
BLR,Belarus,Europe,1994,15.687,0.015687
BLR,Belarus,Europe,1995,10.532,0.010532
BLR,Belarus,Europe,1996,14.494,0.014494
BLR,Belarus,Europe,1997,14.091,0.014091
BLR,Belarus,Europe,1998,15.215,0.015215
BLR,Belarus,Europe,1999,12.133,0.012133
BLR,Belarus,Europe,2000,10.785,0.010785
BLR,Belarus,Europe,2001,12.778,0.012778
BLR,Belarus,Europe,2002,15.092,0.015092
BLR,Belarus,Europe,2003,18.42,0.01842
BLR,Belarus,Europe,2004,23.928,0.023928
BLR,Belarus,Europe,2005,31.239,0.031239
BLR,Belarus,Europe,2006,38.219,0.038219
BLR,Belarus,Europe,2007,46.815,0.046815
BLR,Belarus,Europe,2008,62.798,0.062798
BLR,Belarus,Europe,2009,50.855,0.050855
BLR,Belarus,Europe,2010,57.22,0.05722
BLR,Belarus,Europe,2011,61.368,0.061368
BLR,Belarus,Europe,2012,65.669,0.065669
BLR,Belarus,Europe,2013,75.496,0.075496
BLR,Belarus,Europe,2014,78.736,0.078736
BLR,Belarus,Europe,2015,56.329,0.056329
BLR,Belarus,Europe,2016,47.703,0.047703
BLR,Belarus,Europe,2017,54.723,0.054723
BLR,Belarus,Europe,2018,60.011,0.060011
BLR,Belarus,Europe,2019,64.414,0.064414
BLR,Belarus,Europe,2020,61.312,0.061312
BLR,Belarus,Europe,2021,68.207,0.068207
BLR,Belarus,Europe,2022,73.735,0.073735
BLR,Belarus,Europe,2023,71.792,0.071792
BLR,Belarus,Europe,2024,78.847,0.078847
BLR,Belarus,Europe,2025,92.766,0.092766
BLR,Belarus,Europe,2026,102.042,0.102042
BLR,Belarus,Europe,2027,107.418,0.107418
BLR,Belarus,Europe,2028,113.306,0.113306
BLR,Belarus,Europe,2029,120.533,0.120533
BLR,Belarus,Europe,2030,127.109,0.127109
BLR,Belarus,Europe,2031,133.483,0.133483
BEL,Belgium,Europe,1980,123.479,0.123479
BEL,Belgium,Europe,1981,102.245,0.102245
BEL,Belgium,Europe,1982,89.959,0.089959
BEL,Belgium,Europe,1983,85.037,0.085037
BEL,Belgium,Europe,1984,81.237,0.081237
BEL,Belgium,Europe,1985,84.468,0.084468
BEL,Belgium,Europe,1986,117.063,0.117063
BEL,Belgium,Europe,1987,145.412,0.145412
BEL,Belgium,Europe,1988,158.098,0.158098
BEL,Belgium,Europe,1989,159.817,0.159817
BEL,Belgium,Europe,1990,200.15,0.20015
BEL,Belgium,Europe,1991,205.37,0.20537
BEL,Belgium,Europe,1992,228.733,0.228733
BEL,Belgium,Europe,1993,218.721,0.218721
BEL,Belgium,Europe,1994,238.623,0.238623
BEL,Belgium,Europe,1995,288.302,0.288302
BEL,Belgium,Europe,1996,279.292,0.279292
BEL,Belgium,Europe,1997,253.022,0.253022
BEL,Belgium,Europe,1998,258.876,0.258876
BEL,Belgium,Europe,1999,258.503,0.258503
BEL,Belgium,Europe,2000,236.897,0.236897
BEL,Belgium,Europe,2001,236.748,0.236748
BEL,Belgium,Europe,2002,258.2,0.2582
BEL,Belgium,Europe,2003,318.004,0.318004
BEL,Belgium,Europe,2004,369.047,0.369047
BEL,Belgium,Europe,2005,385.927,0.385927
BEL,Belgium,Europe,2006,408.281,0.408281
BEL,Belgium,Europe,2007,470.978,0.470978
BEL,Belgium,Europe,2008,517.271,0.517271
BEL,Belgium,Europe,2009,484.488,0.484488
BEL,Belgium,Europe,2010,481.949,0.481949
BEL,Belgium,Europe,2011,527.106,0.527106
BEL,Belgium,Europe,2012,498.731,0.498731
BEL,Belgium,Europe,2013,524.106,0.524106
BEL,Belgium,Europe,2014,538.127,0.538127
BEL,Belgium,Europe,2015,461.091,0.461091
BEL,Belgium,Europe,2016,474.141,0.474141
BEL,Belgium,Europe,2017,500.733,0.500733
BEL,Belgium,Europe,2018,542.885,0.542885
BEL,Belgium,Europe,2019,536.787,0.536787
BEL,Belgium,Europe,2020,529.269,0.529269
BEL,Belgium,Europe,2021,598.92,0.59892
BEL,Belgium,Europe,2022,591.551,0.591551
BEL,Belgium,Europe,2023,651.518,0.651518
BEL,Belgium,Europe,2024,671.168,0.671168
BEL,Belgium,Europe,2025,724.917,0.724917
BEL,Belgium,Europe,2026,776.73,0.77673
BEL,Belgium,Europe,2027,797.019,0.797019
BEL,Belgium,Europe,2028,816.962,0.816962
BEL,Belgium,Europe,2029,840.792,0.840792
BEL,Belgium,Europe,2030,863.759,0.863759
BEL,Belgium,Europe,2031,887.607,0.887607
BLZ,Belize,Americas,1980,0.229,0.000229
BLZ,Belize,Americas,1981,0.238,0.000238
BLZ,Belize,Americas,1982,0.238,0.000238
BLZ,Belize,Americas,1983,0.251,0.000251
BLZ,Belize,Americas,1984,0.28,0.00028
BLZ,Belize,Americas,1985,0.278,0.000278
BLZ,Belize,Americas,1986,0.302,0.000302
BLZ,Belize,Americas,1987,0.354,0.000354
BLZ,Belize,Americas,1988,0.418,0.000418
BLZ,Belize,Americas,1989,0.482,0.000482
BLZ,Belize,Americas,1990,0.547,0.000547
BLZ,Belize,Americas,1991,0.597,0.000597
BLZ,Belize,Americas,1992,0.696,0.000696
BLZ,Belize,Americas,1993,0.752,0.000752
BLZ,Belize,Americas,1994,0.772,0.000772
BLZ,Belize,Americas,1995,0.819,0.000819
BLZ,Belize,Americas,1996,0.85,0.00085
BLZ,Belize,Americas,1997,0.873,0.000873
BLZ,Belize,Americas,1998,0.929,0.000929
BLZ,Belize,Americas,1999,1.0,0.001
BLZ,Belize,Americas,2000,1.138,0.001138
BLZ,Belize,Americas,2001,1.172,0.001172
BLZ,Belize,Americas,2002,1.244,0.001244
BLZ,Belize,Americas,2003,1.308,0.001308
BLZ,Belize,Americas,2004,1.4,0.0014
BLZ,Belize,Americas,2005,1.474,0.001474
BLZ,Belize,Americas,2006,1.59,0.00159
BLZ,Belize,Americas,2007,1.706,0.001706
BLZ,Belize,Americas,2008,1.738,0.001738
BLZ,Belize,Americas,2009,1.688,0.001688
BLZ,Belize,Americas,2010,1.749,0.001749
BLZ,Belize,Americas,2011,1.832,0.001832
BLZ,Belize,Americas,2012,1.917,0.001917
BLZ,Belize,Americas,2013,2.035,0.002035
BLZ,Belize,Americas,2014,2.138,0.002138
BLZ,Belize,Americas,2015,2.193,0.002193
BLZ,Belize,Americas,2016,2.24,0.00224
BLZ,Belize,Americas,2017,2.266,0.002266
BLZ,Belize,Americas,2018,2.286,0.002286
BLZ,Belize,Americas,2019,2.381,0.002381
BLZ,Belize,Americas,2020,2.047,0.002047
BLZ,Belize,Americas,2021,2.429,0.002429
BLZ,Belize,Americas,2022,2.847,0.002847
BLZ,Belize,Americas,2023,3.052,0.003052
BLZ,Belize,Americas,2024,3.204,0.003204
BLZ,Belize,Americas,2025,3.327,0.003327
BLZ,Belize,Americas,2026,3.45,0.00345
BLZ,Belize,Americas,2027,3.577,0.003577
BLZ,Belize,Americas,2028,3.695,0.003695
BLZ,Belize,Americas,2029,3.816,0.003816
BLZ,Belize,Americas,2030,3.941,0.003941
BLZ,Belize,Americas,2031,4.071,0.004071
BEN,Benin,Africa,1980,2.302,0.002302
BEN,Benin,Africa,1981,1.557,0.001557
BEN,Benin,Africa,1982,1.542,0.001542
BEN,Benin,Africa,1983,1.365,0.001365
BEN,Benin,Africa,1984,1.456,0.001456
BEN,Benin,Africa,1985,1.58,0.00158
BEN,Benin,Africa,1986,2.036,0.002036
BEN,Benin,Africa,1987,2.43,0.00243
BEN,Benin,Africa,1988,2.552,0.002552
BEN,Benin,Africa,1989,2.37,0.00237
BEN,Benin,Africa,1990,2.89,0.00289
BEN,Benin,Africa,1991,2.954,0.002954
BEN,Benin,Africa,1992,3.284,0.003284
BEN,Benin,Africa,1993,3.199,0.003199
BEN,Benin,Africa,1994,2.227,0.002227
BEN,Benin,Africa,1995,2.993,0.002993
BEN,Benin,Africa,1996,3.251,0.003251
BEN,Benin,Africa,1997,3.124,0.003124
BEN,Benin,Africa,1998,3.362,0.003362
BEN,Benin,Africa,1999,3.681,0.003681
BEN,Benin,Africa,2000,3.522,0.003522
BEN,Benin,Africa,2001,3.666,0.003666
BEN,Benin,Africa,2002,4.191,0.004191
BEN,Benin,Africa,2003,5.348,0.005348
BEN,Benin,Africa,2004,6.187,0.006187
BEN,Benin,Africa,2005,6.571,0.006571
BEN,Benin,Africa,2006,7.034,0.007034
BEN,Benin,Africa,2007,8.17,0.00817
BEN,Benin,Africa,2008,9.787,0.009787
BEN,Benin,Africa,2009,9.728,0.009728
BEN,Benin,Africa,2010,9.543,0.009543
BEN,Benin,Africa,2011,10.691,0.010691
BEN,Benin,Africa,2012,11.148,0.011148
BEN,Benin,Africa,2013,12.518,0.012518
BEN,Benin,Africa,2014,13.288,0.013288
BEN,Benin,Africa,2015,11.389,0.011389
BEN,Benin,Africa,2016,11.818,0.011818
BEN,Benin,Africa,2017,12.766,0.012766
BEN,Benin,Africa,2018,14.346,0.014346
BEN,Benin,Africa,2019,14.697,0.014697
BEN,Benin,Africa,2020,15.674,0.015674
BEN,Benin,Africa,2021,17.699,0.017699
BEN,Benin,Africa,2022,17.439,0.017439
BEN,Benin,Africa,2023,19.679,0.019679
BEN,Benin,Africa,2024,21.487,0.021487
BEN,Benin,Africa,2025,24.382,0.024382
BEN,Benin,Africa,2026,27.786,0.027786
BEN,Benin,Africa,2027,30.179,0.030179
BEN,Benin,Africa,2028,32.731,0.032731
BEN,Benin,Africa,2029,35.543,0.035543
BEN,Benin,Africa,2030,38.456,0.038456
BEN,Benin,Africa,2031,41.601,0.041601
BTN,Bhutan,Asia,1980,0.132,0.000132
BTN,Bhutan,Asia,1981,0.143,0.000143
BTN,Bhutan,Asia,1982,0.15,0.00015
BTN,Bhutan,Asia,1983,0.162,0.000162
BTN,Bhutan,Asia,1984,0.168,0.000168
BTN,Bhutan,Asia,1985,0.174,0.000174
BTN,Bhutan,Asia,1986,0.197,0.000197
BTN,Bhutan,Asia,1987,0.238,0.000238
BTN,Bhutan,Asia,1988,0.273,0.000273
BTN,Bhutan,Asia,1989,0.272,0.000272
BTN,Bhutan,Asia,1990,0.293,0.000293
BTN,Bhutan,Asia,1991,0.254,0.000254
BTN,Bhutan,Asia,1992,0.248,0.000248
BTN,Bhutan,Asia,1993,0.26,0.00026
BTN,Bhutan,Asia,1994,0.263,0.000263
BTN,Bhutan,Asia,1995,0.308,0.000308
BTN,Bhutan,Asia,1996,0.324,0.000324
BTN,Bhutan,Asia,1997,0.362,0.000362
BTN,Bhutan,Asia,1998,0.398,0.000398
BTN,Bhutan,Asia,1999,0.418,0.000418
BTN,Bhutan,Asia,2000,0.454,0.000454
BTN,Bhutan,Asia,2001,0.474,0.000474
BTN,Bhutan,Asia,2002,0.517,0.000517
BTN,Bhutan,Asia,2003,0.616,0.000616
BTN,Bhutan,Asia,2004,0.7,0.0007
BTN,Bhutan,Asia,2005,0.818,0.000818
BTN,Bhutan,Asia,2006,0.876,0.000876
BTN,Bhutan,Asia,2007,1.071,0.001071
BTN,Bhutan,Asia,2008,1.359,0.001359
BTN,Bhutan,Asia,2009,1.273,0.001273
BTN,Bhutan,Asia,2010,1.529,0.001529
BTN,Bhutan,Asia,2011,1.88,0.00188
BTN,Bhutan,Asia,2012,1.966,0.001966
BTN,Bhutan,Asia,2013,1.995,0.001995
BTN,Bhutan,Asia,2014,1.962,0.001962
BTN,Bhutan,Asia,2015,2.159,0.002159
BTN,Bhutan,Asia,2016,2.252,0.002252
BTN,Bhutan,Asia,2017,2.462,0.002462
BTN,Bhutan,Asia,2018,2.651,0.002651
BTN,Bhutan,Asia,2019,2.618,0.002618
BTN,Bhutan,Asia,2020,2.586,0.002586
BTN,Bhutan,Asia,2021,2.621,0.002621
BTN,Bhutan,Asia,2022,2.866,0.002866
BTN,Bhutan,Asia,2023,2.92,0.00292
BTN,Bhutan,Asia,2024,3.147,0.003147
BTN,Bhutan,Asia,2025,3.474,0.003474
BTN,Bhutan,Asia,2026,3.856,0.003856
BTN,Bhutan,Asia,2027,4.247,0.004247
BTN,Bhutan,Asia,2028,4.654,0.004654
BTN,Bhutan,Asia,2029,5.161,0.005161
BTN,Bhutan,Asia,2030,5.684,0.005684
BTN,Bhutan,Asia,2031,6.209,0.006209
BOL,Bolivia,Americas,1980,3.774,0.003774
BOL,Bolivia,Americas,1981,3.617,0.003617
BOL,Bolivia,Americas,1982,4.009,0.004009
BOL,Bolivia,Americas,1983,3.795,0.003795
BOL,Bolivia,Americas,1984,3.945,0.003945
BOL,Bolivia,Americas,1985,4.268,0.004268
BOL,Bolivia,Americas,1986,4.175,0.004175
BOL,Bolivia,Americas,1987,4.546,0.004546
BOL,Bolivia,Americas,1988,4.835,0.004835
BOL,Bolivia,Americas,1989,4.959,0.004959
BOL,Bolivia,Americas,1990,5.118,0.005118
BOL,Bolivia,Americas,1991,5.657,0.005657
BOL,Bolivia,Americas,1992,6.022,0.006022
BOL,Bolivia,Americas,1993,6.152,0.006152
BOL,Bolivia,Americas,1994,6.43,0.00643
BOL,Bolivia,Americas,1995,7.255,0.007255
BOL,Bolivia,Americas,1996,8.036,0.008036
BOL,Bolivia,Americas,1997,8.702,0.008702
BOL,Bolivia,Americas,1998,9.439,0.009439
BOL,Bolivia,Americas,1999,9.206,0.009206
BOL,Bolivia,Americas,2000,9.371,0.009371
BOL,Bolivia,Americas,2001,9.1,0.0091
BOL,Bolivia,Americas,2002,8.895,0.008895
BOL,Bolivia,Americas,2003,9.056,0.009056
BOL,Bolivia,Americas,2004,9.79,0.00979
BOL,Bolivia,Americas,2005,10.75,0.01075
BOL,Bolivia,Americas,2006,12.897,0.012897
BOL,Bolivia,Americas,2007,14.91,0.01491
BOL,Bolivia,Americas,2008,19.078,0.019078
BOL,Bolivia,Americas,2009,20.071,0.020071
BOL,Bolivia,Americas,2010,22.698,0.022698
BOL,Bolivia,Americas,2011,27.915,0.027915
BOL,Bolivia,Americas,2012,31.444,0.031444
BOL,Bolivia,Americas,2013,35.965,0.035965
BOL,Bolivia,Americas,2014,39.307,0.039307
BOL,Bolivia,Americas,2015,40.034,0.040034
BOL,Bolivia,Americas,2016,41.606,0.041606
BOL,Bolivia,Americas,2017,46.262,0.046262
BOL,Bolivia,Americas,2018,48.767,0.048767
BOL,Bolivia,Americas,2019,49.414,0.049414
BOL,Bolivia,Americas,2020,42.622,0.042622
BOL,Bolivia,Americas,2021,48.227,0.048227
BOL,Bolivia,Americas,2022,51.331,0.051331
BOL,Bolivia,Americas,2023,52.722,0.052722
BOL,Bolivia,Americas,2024,55.281,0.055281
BOL,Bolivia,Americas,2025,64.25,0.06425
BOL,Bolivia,Americas,2026,80.743,0.080743
BIH,Bosnia and Herzegovina,Europe,1996,3.584,0.003584
BIH,Bosnia and Herzegovina,Europe,1997,4.578,0.004578
BIH,Bosnia and Herzegovina,Europe,1998,5.281,0.005281
BIH,Bosnia and Herzegovina,Europe,1999,5.766,0.005766
BIH,Bosnia and Herzegovina,Europe,2000,5.568,0.005568
BIH,Bosnia and Herzegovina,Europe,2001,5.801,0.005801
BIH,Bosnia and Herzegovina,Europe,2002,6.728,0.006728
BIH,Bosnia and Herzegovina,Europe,2003,8.499,0.008499
BIH,Bosnia and Herzegovina,Europe,2004,10.17,0.01017
BIH,Bosnia and Herzegovina,Europe,2005,11.233,0.011233
BIH,Bosnia and Herzegovina,Europe,2006,12.877,0.012877
BIH,Bosnia and Herzegovina,Europe,2007,15.801,0.015801
BIH,Bosnia and Herzegovina,Europe,2008,19.188,0.019188
BIH,Bosnia and Herzegovina,Europe,2009,17.666,0.017666
BIH,Bosnia and Herzegovina,Europe,2010,17.207,0.017207
BIH,Bosnia and Herzegovina,Europe,2011,18.665,0.018665
BIH,Bosnia and Herzegovina,Europe,2012,17.237,0.017237
BIH,Bosnia and Herzegovina,Europe,2013,18.184,0.018184
BIH,Bosnia and Herzegovina,Europe,2014,18.588,0.018588
BIH,Bosnia and Herzegovina,Europe,2015,16.413,0.016413
BIH,Bosnia and Herzegovina,Europe,2016,17.124,0.017124
BIH,Bosnia and Herzegovina,Europe,2017,18.363,0.018363
BIH,Bosnia and Herzegovina,Europe,2018,20.504,0.020504
BIH,Bosnia and Herzegovina,Europe,2019,20.485,0.020485
BIH,Bosnia and Herzegovina,Europe,2020,20.264,0.020264
BIH,Bosnia and Herzegovina,Europe,2021,23.688,0.023688
BIH,Bosnia and Herzegovina,Europe,2022,24.581,0.024581
BIH,Bosnia and Herzegovina,Europe,2023,27.606,0.027606
BIH,Bosnia and Herzegovina,Europe,2024,29.738,0.029738
BIH,Bosnia and Herzegovina,Europe,2025,32.962,0.032962
BIH,Bosnia and Herzegovina,Europe,2026,36.771,0.036771
BIH,Bosnia and Herzegovina,Europe,2027,38.914,0.038914
BIH,Bosnia and Herzegovina,Europe,2028,40.862,0.040862
BIH,Bosnia and Herzegovina,Europe,2029,43.04,0.04304
BIH,Bosnia and Herzegovina,Europe,2030,45.291,0.045291
BIH,Bosnia and Herzegovina,Europe,2031,47.66,0.04766
BWA,Botswana,Africa,1980,1.174,0.001174
BWA,Botswana,Africa,1981,1.037,0.001037
BWA,Botswana,Africa,1982,1.094,0.001094
BWA,Botswana,Africa,1983,1.208,0.001208
BWA,Botswana,Africa,1984,1.2,0.0012
BWA,Botswana,Africa,1985,1.117,0.001117
BWA,Botswana,Africa,1986,1.515,0.001515
BWA,Botswana,Africa,1987,2.374,0.002374
BWA,Botswana,Africa,1988,3.082,0.003082
BWA,Botswana,Africa,1989,3.441,0.003441
BWA,Botswana,Africa,1990,3.799,0.003799
BWA,Botswana,Africa,1991,3.802,0.003802
BWA,Botswana,Africa,1992,3.928,0.003928
BWA,Botswana,Africa,1993,3.957,0.003957
BWA,Botswana,Africa,1994,4.258,0.004258
BWA,Botswana,Africa,1995,4.805,0.004805
BWA,Botswana,Africa,1996,4.926,0.004926
BWA,Botswana,Africa,1997,5.011,0.005011
BWA,Botswana,Africa,1998,4.808,0.004808
BWA,Botswana,Africa,1999,5.413,0.005413
BWA,Botswana,Africa,2000,5.682,0.005682
BWA,Botswana,Africa,2001,5.46,0.00546
BWA,Botswana,Africa,2002,5.395,0.005395
BWA,Botswana,Africa,2003,7.469,0.007469
BWA,Botswana,Africa,2004,8.819,0.008819
BWA,Botswana,Africa,2005,9.833,0.009833
BWA,Botswana,Africa,2006,9.919,0.009919
BWA,Botswana,Africa,2007,10.566,0.010566
BWA,Botswana,Africa,2008,10.731,0.010731
BWA,Botswana,Africa,2009,10.118,0.010118
BWA,Botswana,Africa,2010,12.637,0.012637
BWA,Botswana,Africa,2011,15.111,0.015111
BWA,Botswana,Africa,2012,13.907,0.013907
BWA,Botswana,Africa,2013,14.272,0.014272
BWA,Botswana,Africa,2014,15.47,0.01547
BWA,Botswana,Africa,2015,13.531,0.013531
BWA,Botswana,Africa,2016,15.083,0.015083
BWA,Botswana,Africa,2017,16.105,0.016105
BWA,Botswana,Africa,2018,17.032,0.017032
BWA,Botswana,Africa,2019,16.696,0.016696
BWA,Botswana,Africa,2020,14.93,0.01493
BWA,Botswana,Africa,2021,18.75,0.01875
BWA,Botswana,Africa,2022,20.321,0.020321
BWA,Botswana,Africa,2023,19.411,0.019411
BWA,Botswana,Africa,2024,19.356,0.019356
BWA,Botswana,Africa,2025,19.533,0.019533
BWA,Botswana,Africa,2026,21.937,0.021937
BWA,Botswana,Africa,2027,23.661,0.023661
BWA,Botswana,Africa,2028,25.4,0.0254
BWA,Botswana,Africa,2029,28.042,0.028042
BWA,Botswana,Africa,2030,30.928,0.030928
BWA,Botswana,Africa,2031,33.58,0.03358
BRA,Brazil,Americas,1980,145.819,0.145819
BRA,Brazil,Americas,1981,167.583,0.167583
BRA,Brazil,Americas,1982,179.166,0.179166
BRA,Brazil,Americas,1983,143.652,0.143652
BRA,Brazil,Americas,1984,142.957,0.142957
BRA,Brazil,Americas,1985,226.938,0.226938
BRA,Brazil,Americas,1986,263.256,0.263256
BRA,Brazil,Americas,1987,286.539,0.286539
BRA,Brazil,Americas,1988,320.105,0.320105
BRA,Brazil,Americas,1989,439.434,0.439434
BRA,Brazil,Americas,1990,455.335,0.455335
BRA,Brazil,Americas,1991,399.249,0.399249
BRA,Brazil,Americas,1992,382.465,0.382465
BRA,Brazil,Americas,1993,429.184,0.429184
BRA,Brazil,Americas,1994,546.764,0.546764
BRA,Brazil,Americas,1995,770.86,0.77086
BRA,Brazil,Americas,1996,851.146,0.851146
BRA,Brazil,Americas,1997,883.862,0.883862
BRA,Brazil,Americas,1998,864.307,0.864307
BRA,Brazil,Americas,1999,599.642,0.599642
BRA,Brazil,Americas,2000,655.454,0.655454
BRA,Brazil,Americas,2001,559.982,0.559982
BRA,Brazil,Americas,2002,509.798,0.509798
BRA,Brazil,Americas,2003,558.232,0.558232
BRA,Brazil,Americas,2004,669.29,0.66929
BRA,Brazil,Americas,2005,891.633,0.891633
BRA,Brazil,Americas,2006,1107.628,1.107628
BRA,Brazil,Americas,2007,1397.114,1.397114
BRA,Brazil,Americas,2008,1695.855,1.695855
BRA,Brazil,Americas,2009,1669.204,1.669204
BRA,Brazil,Americas,2010,2208.704,2.208704
BRA,Brazil,Americas,2011,2614.027,2.614027
BRA,Brazil,Americas,2012,2464.053,2.464053
BRA,Brazil,Americas,2013,2471.718,2.471718
BRA,Brazil,Americas,2014,2456.055,2.456055
BRA,Brazil,Americas,2015,1800.046,1.800046
BRA,Brazil,Americas,2016,1796.622,1.796622
BRA,Brazil,Americas,2017,2063.519,2.063519
BRA,Brazil,Americas,2018,1916.934,1.916934
BRA,Brazil,Americas,2019,1873.286,1.873286
BRA,Brazil,Americas,2020,1476.092,1.476092
BRA,Brazil,Americas,2021,1670.65,1.67065
BRA,Brazil,Americas,2022,1951.849,1.951849
BRA,Brazil,Americas,2023,2191.137,2.191137
BRA,Brazil,Americas,2024,2185.822,2.185822
BRA,Brazil,Americas,2025,2279.918,2.279918
BRA,Brazil,Americas,2026,2635.912,2.635912
BRA,Brazil,Americas,2027,2766.558,2.766558
BRA,Brazil,Americas,2028,2879.42,2.87942
BRA,Brazil,Americas,2029,3037.171,3.037171
BRA,Brazil,Americas,2030,3203.508,3.203508
BRA,Brazil,Americas,2031,3378.877,3.378877
BRN,Brunei Darussalam,Asia,1985,4.831,0.004831
BRN,Brunei Darussalam,Asia,1986,3.291,0.003291
BRN,Brunei Darussalam,Asia,1987,3.872,0.003872
BRN,Brunei Darussalam,Asia,1988,3.689,0.003689
BRN,Brunei Darussalam,Asia,1989,4.109,0.004109
BRN,Brunei Darussalam,Asia,1990,4.923,0.004923
BRN,Brunei Darussalam,Asia,1991,5.254,0.005254
BRN,Brunei Darussalam,Asia,1992,5.526,0.005526
BRN,Brunei Darussalam,Asia,1993,5.588,0.005588
BRN,Brunei Darussalam,Asia,1994,6.002,0.006002
BRN,Brunei Darussalam,Asia,1995,7.153,0.007153
BRN,Brunei Darussalam,Asia,1996,7.204,0.007204
BRN,Brunei Darussalam,Asia,1997,7.043,0.007043
BRN,Brunei Darussalam,Asia,1998,5.353,0.005353
BRN,Brunei Darussalam,Asia,1999,5.779,0.005779
BRN,Brunei Darussalam,Asia,2000,6.65,0.00665
BRN,Brunei Darussalam,Asia,2001,6.206,0.006206
BRN,Brunei Darussalam,Asia,2002,6.475,0.006475
BRN,Brunei Darussalam,Asia,2003,7.266,0.007266
BRN,Brunei Darussalam,Asia,2004,8.723,0.008723
BRN,Brunei Darussalam,Asia,2005,10.561,0.010561
BRN,Brunei Darussalam,Asia,2006,12.71,0.01271
BRN,Brunei Darussalam,Asia,2007,13.571,0.013571
BRN,Brunei Darussalam,Asia,2008,15.949,0.015949
BRN,Brunei Darussalam,Asia,2009,11.892,0.011892
BRN,Brunei Darussalam,Asia,2010,13.711,0.013711
BRN,Brunei Darussalam,Asia,2011,18.524,0.018524
BRN,Brunei Darussalam,Asia,2012,19.051,0.019051
BRN,Brunei Darussalam,Asia,2013,18.094,0.018094
BRN,Brunei Darussalam,Asia,2014,17.093,0.017093
BRN,Brunei Darussalam,Asia,2015,12.933,0.012933
BRN,Brunei Darussalam,Asia,2016,11.403,0.011403
BRN,Brunei Darussalam,Asia,2017,12.13,0.01213
BRN,Brunei Darussalam,Asia,2018,13.564,0.013564
BRN,Brunei Darussalam,Asia,2019,13.472,0.013472
BRN,Brunei Darussalam,Asia,2020,12.008,0.012008
BRN,Brunei Darussalam,Asia,2021,14.008,0.014008
BRN,Brunei Darussalam,Asia,2022,16.684,0.016684
BRN,Brunei Darussalam,Asia,2023,15.098,0.015098
BRN,Brunei Darussalam,Asia,2024,15.334,0.015334
BRN,Brunei Darussalam,Asia,2025,15.942,0.015942
BRN,Brunei Darussalam,Asia,2026,16.863,0.016863
BRN,Brunei Darussalam,Asia,2027,17.581,0.017581
BRN,Brunei Darussalam,Asia,2028,18.318,0.018318
BRN,Brunei Darussalam,Asia,2029,19.013,0.019013
BRN,Brunei Darussalam,Asia,2030,19.804,0.019804
BRN,Brunei Darussalam,Asia,2031,20.662,0.020662
BGR,Bulgaria,Europe,1980,37.751,0.037751
BGR,Bulgaria,Europe,1981,40.718,0.040718
BGR,Bulgaria,Europe,1982,42.467,0.042467
BGR,Bulgaria,Europe,1983,43.641,0.043641
BGR,Bulgaria,Europe,1984,46.358,0.046358
BGR,Bulgaria,Europe,1985,39.692,0.039692
BGR,Bulgaria,Europe,1986,35.13,0.03513
BGR,Bulgaria,Europe,1987,40.721,0.040721
BGR,Bulgaria,Europe,1988,66.546,0.066546
BGR,Bulgaria,Europe,1989,67.774,0.067774
BGR,Bulgaria,Europe,1990,29.882,0.029882
BGR,Bulgaria,Europe,1991,2.928,0.002928
BGR,Bulgaria,Europe,1992,11.882,0.011882
BGR,Bulgaria,Europe,1993,6.449,0.006449
BGR,Bulgaria,Europe,1994,11.338,0.011338
BGR,Bulgaria,Europe,1995,18.992,0.018992
BGR,Bulgaria,Europe,1996,12.295,0.012295
BGR,Bulgaria,Europe,1997,11.317,0.011317
BGR,Bulgaria,Europe,1998,15.031,0.015031
BGR,Bulgaria,Europe,1999,13.66,0.01366
BGR,Bulgaria,Europe,2000,13.287,0.013287
BGR,Bulgaria,Europe,2001,14.19,0.01419
BGR,Bulgaria,Europe,2002,16.459,0.016459
BGR,Bulgaria,Europe,2003,21.184,0.021184
BGR,Bulgaria,Europe,2004,26.192,0.026192
BGR,Bulgaria,Europe,2005,29.924,0.029924
BGR,Bulgaria,Europe,2006,34.417,0.034417
BGR,Bulgaria,Europe,2007,44.497,0.044497
BGR,Bulgaria,Europe,2008,54.774,0.054774
BGR,Bulgaria,Europe,2009,52.132,0.052132
BGR,Bulgaria,Europe,2010,50.802,0.050802
BGR,Bulgaria,Europe,2011,57.727,0.057727
BGR,Bulgaria,Europe,2012,54.323,0.054323
BGR,Bulgaria,Europe,2013,55.855,0.055855
BGR,Bulgaria,Europe,2014,57.172,0.057172
BGR,Bulgaria,Europe,2015,50.818,0.050818
BGR,Bulgaria,Europe,2016,53.948,0.053948
BGR,Bulgaria,Europe,2017,59.288,0.059288
BGR,Bulgaria,Europe,2018,66.163,0.066163
BGR,Bulgaria,Europe,2019,68.513,0.068513
BGR,Bulgaria,Europe,2020,70.595,0.070595
BGR,Bulgaria,Europe,2021,84.437,0.084437
BGR,Bulgaria,Europe,2022,90.716,0.090716
BGR,Bulgaria,Europe,2023,102.237,0.102237
BGR,Bulgaria,Europe,2024,113.364,0.113364
BGR,Bulgaria,Europe,2025,131.024,0.131024
BGR,Bulgaria,Europe,2026,148.121,0.148121
BGR,Bulgaria,Europe,2027,158.387,0.158387
BGR,Bulgaria,Europe,2028,170.208,0.170208
BGR,Bulgaria,Europe,2029,179.53,0.17953
BGR,Bulgaria,Europe,2030,190.064,0.190064
BGR,Bulgaria,Europe,2031,200.586,0.200586
BFA,Burkina Faso,Africa,1980,2.386,0.002386
BFA,Burkina Faso,Africa,1981,2.076,0.002076
BFA,Burkina Faso,Africa,1982,1.934,0.001934
BFA,Burkina Faso,Africa,1983,1.767,0.001767
BFA,Burkina Faso,Africa,1984,1.579,0.001579
BFA,Burkina Faso,Africa,1985,1.746,0.001746
BFA,Burkina Faso,Africa,1986,2.29,0.00229
BFA,Burkina Faso,Africa,1987,2.665,0.002665
BFA,Burkina Faso,Africa,1988,2.942,0.002942
BFA,Burkina Faso,Africa,1989,2.942,0.002942
BFA,Burkina Faso,Africa,1990,3.488,0.003488
BFA,Burkina Faso,Africa,1991,3.526,0.003526
BFA,Burkina Faso,Africa,1992,3.775,0.003775
BFA,Burkina Faso,Africa,1993,3.599,0.003599
BFA,Burkina Faso,Africa,1994,2.164,0.002164
BFA,Burkina Faso,Africa,1995,2.676,0.002676
BFA,Burkina Faso,Africa,1996,2.909,0.002909
BFA,Burkina Faso,Africa,1997,2.753,0.002753
BFA,Burkina Faso,Africa,1998,3.155,0.003155
BFA,Burkina Faso,Africa,1999,3.388,0.003388
BFA,Burkina Faso,Africa,2000,2.961,0.002961
BFA,Burkina Faso,Africa,2001,3.19,0.00319
BFA,Burkina Faso,Africa,2002,3.62,0.00362
BFA,Burkina Faso,Africa,2003,4.74,0.00474
BFA,Burkina Faso,Africa,2004,5.449,0.005449
BFA,Burkina Faso,Africa,2005,6.15,0.00615
BFA,Burkina Faso,Africa,2006,6.548,0.006548
BFA,Burkina Faso,Africa,2007,7.627,0.007627
BFA,Burkina Faso,Africa,2008,9.45,0.00945
BFA,Burkina Faso,Africa,2009,9.44,0.00944
BFA,Burkina Faso,Africa,2010,10.118,0.010118
BFA,Burkina Faso,Africa,2011,12.078,0.012078
BFA,Burkina Faso,Africa,2012,12.569,0.012569
BFA,Burkina Faso,Africa,2013,13.444,0.013444
BFA,Burkina Faso,Africa,2014,13.947,0.013947
BFA,Burkina Faso,Africa,2015,11.833,0.011833
BFA,Burkina Faso,Africa,2016,12.829,0.012829
BFA,Burkina Faso,Africa,2017,14.094,0.014094
BFA,Burkina Faso,Africa,2018,15.916,0.015916
BFA,Burkina Faso,Africa,2019,16.092,0.016092
BFA,Burkina Faso,Africa,2020,17.837,0.017837
BFA,Burkina Faso,Africa,2021,19.708,0.019708
BFA,Burkina Faso,Africa,2022,18.662,0.018662
BFA,Burkina Faso,Africa,2023,20.116,0.020116
BFA,Burkina Faso,Africa,2024,23.13,0.02313
BFA,Burkina Faso,Africa,2025,27.14,0.02714
BFA,Burkina Faso,Africa,2026,32.513,0.032513
BFA,Burkina Faso,Africa,2027,36.047,0.036047
BFA,Burkina Faso,Africa,2028,38.516,0.038516
BFA,Burkina Faso,Africa,2029,41.19,0.04119
BFA,Burkina Faso,Africa,2030,44.045,0.044045
BFA,Burkina Faso,Africa,2031,47.063,0.047063
BDI,Burundi,Africa,1980,1.106,0.001106
BDI,Burundi,Africa,1981,1.151,0.001151
BDI,Burundi,Africa,1982,1.216,0.001216
BDI,Burundi,Africa,1983,1.287,0.001287
BDI,Burundi,Africa,1984,1.17,0.00117
BDI,Burundi,Africa,1985,1.362,0.001362
BDI,Burundi,Africa,1986,1.435,0.001435
BDI,Burundi,Africa,1987,1.352,0.001352
BDI,Burundi,Africa,1988,1.267,0.001267
BDI,Burundi,Africa,1989,1.316,0.001316
BDI,Burundi,Africa,1990,1.316,0.001316
BDI,Burundi,Africa,1991,1.358,0.001358
BDI,Burundi,Africa,1992,1.26,0.00126
BDI,Burundi,Africa,1993,1.092,0.001092
BDI,Burundi,Africa,1994,1.076,0.001076
BDI,Burundi,Africa,1995,1.164,0.001164
BDI,Burundi,Africa,1996,1.011,0.001011
BDI,Burundi,Africa,1997,1.131,0.001131
BDI,Burundi,Africa,1998,1.039,0.001039
BDI,Burundi,Africa,1999,0.999,0.000999
BDI,Burundi,Africa,2000,0.989,0.000989
BDI,Burundi,Africa,2001,0.983,0.000983
BDI,Burundi,Africa,2002,0.907,0.000907
BDI,Burundi,Africa,2003,0.844,0.000844
BDI,Burundi,Africa,2004,0.952,0.000952
BDI,Burundi,Africa,2005,1.117,0.001117
BDI,Burundi,Africa,2006,1.273,0.001273
BDI,Burundi,Africa,2007,1.356,0.001356
BDI,Burundi,Africa,2008,1.612,0.001612
BDI,Burundi,Africa,2009,1.775,0.001775
BDI,Burundi,Africa,2010,2.032,0.002032
BDI,Burundi,Africa,2011,2.236,0.002236
BDI,Burundi,Africa,2012,2.333,0.002333
BDI,Burundi,Africa,2013,2.456,0.002456
BDI,Burundi,Africa,2014,2.706,0.002706
BDI,Burundi,Africa,2015,3.104,0.003104
BDI,Burundi,Africa,2016,2.96,0.00296
BDI,Burundi,Africa,2017,3.172,0.003172
BDI,Burundi,Africa,2018,3.037,0.003037
BDI,Burundi,Africa,2019,3.009,0.003009
BDI,Burundi,Africa,2020,3.089,0.003089
BDI,Burundi,Africa,2021,3.356,0.003356
BDI,Burundi,Africa,2022,3.922,0.003922
BDI,Burundi,Africa,2023,4.291,0.004291
BDI,Burundi,Africa,2024,4.838,0.004838
BDI,Burundi,Africa,2025,6.918,0.006918
BDI,Burundi,Africa,2026,8.137,0.008137
BDI,Burundi,Africa,2027,9.067,0.009067
BDI,Burundi,Africa,2028,9.298,0.009298
BDI,Burundi,Africa,2029,9.47,0.00947
BDI,Burundi,Africa,2030,9.455,0.009455
BDI,Burundi,Africa,2031,9.749,0.009749
CPV,Cabo Verde,Africa,1980,0.157,0.000157
CPV,Cabo Verde,Africa,1981,0.187,0.000187
CPV,Cabo Verde,Africa,1982,0.149,0.000149
CPV,Cabo Verde,Africa,1983,0.144,0.000144
CPV,Cabo Verde,Africa,1984,0.146,0.000146
CPV,Cabo Verde,Africa,1985,0.164,0.000164
CPV,Cabo Verde,Africa,1986,0.212,0.000212
CPV,Cabo Verde,Africa,1987,0.264,0.000264
CPV,Cabo Verde,Africa,1988,0.322,0.000322
CPV,Cabo Verde,Africa,1989,0.332,0.000332
CPV,Cabo Verde,Africa,1990,0.413,0.000413
CPV,Cabo Verde,Africa,1991,0.443,0.000443
CPV,Cabo Verde,Africa,1992,0.479,0.000479
CPV,Cabo Verde,Africa,1993,0.431,0.000431
CPV,Cabo Verde,Africa,1994,0.45,0.00045
CPV,Cabo Verde,Africa,1995,0.57,0.00057
CPV,Cabo Verde,Africa,1996,0.611,0.000611
CPV,Cabo Verde,Africa,1997,0.609,0.000609
CPV,Cabo Verde,Africa,1998,0.648,0.000648
CPV,Cabo Verde,Africa,1999,0.693,0.000693
CPV,Cabo Verde,Africa,2000,0.699,0.000699
CPV,Cabo Verde,Africa,2001,0.791,0.000791
CPV,Cabo Verde,Africa,2002,0.867,0.000867
CPV,Cabo Verde,Africa,2003,1.105,0.001105
CPV,Cabo Verde,Africa,2004,1.263,0.001263
CPV,Cabo Verde,Africa,2005,1.395,0.001395
CPV,Cabo Verde,Africa,2006,1.452,0.001452
CPV,Cabo Verde,Africa,2007,1.65,0.00165
CPV,Cabo Verde,Africa,2008,1.96,0.00196
CPV,Cabo Verde,Africa,2009,1.852,0.001852
CPV,Cabo Verde,Africa,2010,1.825,0.001825
CPV,Cabo Verde,Africa,2011,2.047,0.002047
CPV,Cabo Verde,Africa,2012,1.913,0.001913
CPV,Cabo Verde,Africa,2013,2.029,0.002029
CPV,Cabo Verde,Africa,2014,2.042,0.002042
CPV,Cabo Verde,Africa,2015,1.75,0.00175
CPV,Cabo Verde,Africa,2016,1.85,0.00185
CPV,Cabo Verde,Africa,2017,1.997,0.001997
CPV,Cabo Verde,Africa,2018,2.205,0.002205
CPV,Cabo Verde,Africa,2019,2.251,0.002251
CPV,Cabo Verde,Africa,2020,1.829,0.001829
CPV,Cabo Verde,Africa,2021,2.053,0.002053
CPV,Cabo Verde,Africa,2022,2.252,0.002252
CPV,Cabo Verde,Africa,2023,2.501,0.002501
CPV,Cabo Verde,Africa,2024,2.726,0.002726
CPV,Cabo Verde,Africa,2025,3.081,0.003081
CPV,Cabo Verde,Africa,2026,3.448,0.003448
CPV,Cabo Verde,Africa,2027,3.699,0.003699
CPV,Cabo Verde,Africa,2028,3.963,0.003963
CPV,Cabo Verde,Africa,2029,4.253,0.004253
CPV,Cabo Verde,Africa,2030,4.565,0.004565
CPV,Cabo Verde,Africa,2031,4.902,0.004902
KHM,Cambodia,Asia,1986,0.205,0.000205
KHM,Cambodia,Asia,1987,0.141,0.000141
KHM,Cambodia,Asia,1988,0.276,0.000276
KHM,Cambodia,Asia,1989,0.346,0.000346
KHM,Cambodia,Asia,1990,0.899,0.000899
KHM,Cambodia,Asia,1991,2.011,0.002011
KHM,Cambodia,Asia,1992,2.439,0.002439
KHM,Cambodia,Asia,1993,2.427,0.002427
KHM,Cambodia,Asia,1994,2.765,0.002765
KHM,Cambodia,Asia,1995,3.441,0.003441
KHM,Cambodia,Asia,1996,3.507,0.003507
KHM,Cambodia,Asia,1997,3.443,0.003443
KHM,Cambodia,Asia,1998,3.13,0.00313
KHM,Cambodia,Asia,1999,3.513,0.003513
KHM,Cambodia,Asia,2000,3.785,0.003785
KHM,Cambodia,Asia,2001,4.138,0.004138
KHM,Cambodia,Asia,2002,4.516,0.004516
KHM,Cambodia,Asia,2003,5.073,0.005073
KHM,Cambodia,Asia,2004,5.978,0.005978
KHM,Cambodia,Asia,2005,7.145,0.007145
KHM,Cambodia,Asia,2006,8.374,0.008374
KHM,Cambodia,Asia,2007,10.028,0.010028
KHM,Cambodia,Asia,2008,12.292,0.012292
KHM,Cambodia,Asia,2009,12.798,0.012798
KHM,Cambodia,Asia,2010,13.72,0.01372
KHM,Cambodia,Asia,2011,16.055,0.016055
KHM,Cambodia,Asia,2012,17.757,0.017757
KHM,Cambodia,Asia,2013,19.679,0.019679
KHM,Cambodia,Asia,2014,22.176,0.022176
KHM,Cambodia,Asia,2015,24.08,0.02408
KHM,Cambodia,Asia,2016,26.502,0.026502
KHM,Cambodia,Asia,2017,29.121,0.029121
KHM,Cambodia,Asia,2018,32.839,0.032839
KHM,Cambodia,Asia,2019,35.979,0.035979
KHM,Cambodia,Asia,2020,34.497,0.034497
KHM,Cambodia,Asia,2021,36.17,0.03617
KHM,Cambodia,Asia,2022,39.461,0.039461
KHM,Cambodia,Asia,2023,42.404,0.042404
KHM,Cambodia,Asia,2024,46.098,0.046098
KHM,Cambodia,Asia,2025,49.288,0.049288
KHM,Cambodia,Asia,2026,52.379,0.052379
KHM,Cambodia,Asia,2027,56.115,0.056115
KHM,Cambodia,Asia,2028,60.391,0.060391
KHM,Cambodia,Asia,2029,65.157,0.065157
KHM,Cambodia,Asia,2030,70.369,0.070369
KHM,Cambodia,Asia,2031,76.069,0.076069
CMR,Cameroon,Africa,1980,8.85,0.00885
CMR,Cameroon,Africa,1981,10.026,0.010026
CMR,Cameroon,Africa,1982,9.616,0.009616
CMR,Cameroon,Africa,1983,9.692,0.009692
CMR,Cameroon,Africa,1984,10.243,0.010243
CMR,Cameroon,Africa,1985,10.698,0.010698
CMR,Cameroon,Africa,1986,13.945,0.013945
CMR,Cameroon,Africa,1987,16.152,0.016152
CMR,Cameroon,Africa,1988,16.403,0.016403
CMR,Cameroon,Africa,1989,14.626,0.014626
CMR,Cameroon,Africa,1990,14.641,0.014641
CMR,Cameroon,Africa,1991,16.325,0.016325
CMR,Cameroon,Africa,1992,14.963,0.014963
CMR,Cameroon,Africa,1993,15.611,0.015611
CMR,Cameroon,Africa,1994,10.622,0.010622
CMR,Cameroon,Africa,1995,10.075,0.010075
CMR,Cameroon,Africa,1996,11.227,0.011227
CMR,Cameroon,Africa,1997,11.352,0.011352
CMR,Cameroon,Africa,1998,11.338,0.011338
CMR,Cameroon,Africa,1999,11.553,0.011553
CMR,Cameroon,Africa,2000,10.245,0.010245
CMR,Cameroon,Africa,2001,10.95,0.01095
CMR,Cameroon,Africa,2002,12.369,0.012369
CMR,Cameroon,Africa,2003,15.944,0.015944
CMR,Cameroon,Africa,2004,18.803,0.018803
CMR,Cameroon,Africa,2005,19.534,0.019534
CMR,Cameroon,Africa,2006,20.912,0.020912
CMR,Cameroon,Africa,2007,23.931,0.023931
CMR,Cameroon,Africa,2008,27.712,0.027712
CMR,Cameroon,Africa,2009,27.903,0.027903
CMR,Cameroon,Africa,2010,27.53,0.02753
CMR,Cameroon,Africa,2011,30.626,0.030626
CMR,Cameroon,Africa,2012,30.174,0.030174
CMR,Cameroon,Africa,2013,33.729,0.033729
CMR,Cameroon,Africa,2014,36.396,0.036396
CMR,Cameroon,Africa,2015,32.213,0.032213
CMR,Cameroon,Africa,2016,33.805,0.033805
CMR,Cameroon,Africa,2017,36.086,0.036086
CMR,Cameroon,Africa,2018,39.992,0.039992
CMR,Cameroon,Africa,2019,39.673,0.039673
CMR,Cameroon,Africa,2020,40.832,0.040832
CMR,Cameroon,Africa,2021,45.036,0.045036
CMR,Cameroon,Africa,2022,44.442,0.044442
CMR,Cameroon,Africa,2023,48.822,0.048822
CMR,Cameroon,Africa,2024,53.308,0.053308
CMR,Cameroon,Africa,2025,59.282,0.059282
CMR,Cameroon,Africa,2026,65.135,0.065135
CMR,Cameroon,Africa,2027,68.6,0.0686
CMR,Cameroon,Africa,2028,73.876,0.073876
CMR,Cameroon,Africa,2029,79.435,0.079435
CMR,Cameroon,Africa,2030,85.814,0.085814
CMR,Cameroon,Africa,2031,92.356,0.092356
CAN,Canada,Americas,1980,276.064,0.276064
CAN,Canada,Americas,1981,307.246,0.307246
CAN,Canada,Americas,1982,314.639,0.314639
CAN,Canada,Americas,1983,341.863,0.341863
CAN,Canada,Americas,1984,356.728,0.356728
CAN,Canada,Americas,1985,366.184,0.366184
CAN,Canada,Americas,1986,379.015,0.379015
CAN,Canada,Americas,1987,433.14,0.43314
CAN,Canada,Americas,1988,509.38,0.50938
CAN,Canada,Americas,1989,567.225,0.567225
CAN,Canada,Americas,1990,596.089,0.596089
CAN,Canada,Americas,1991,612.514,0.612514
CAN,Canada,Americas,1992,594.376,0.594376
CAN,Canada,Americas,1993,579.059,0.579059
CAN,Canada,Americas,1994,579.913,0.579913
CAN,Canada,Americas,1995,605.941,0.605941
CAN,Canada,Americas,1996,630.598,0.630598
CAN,Canada,Americas,1997,655.01,0.65501
CAN,Canada,Americas,1998,634.004,0.634004
CAN,Canada,Americas,1999,678.417,0.678417
CAN,Canada,Americas,2000,744.631,0.744631
CAN,Canada,Americas,2001,738.968,0.738968
CAN,Canada,Americas,2002,760.149,0.760149
CAN,Canada,Americas,2003,895.599,0.895599
CAN,Canada,Americas,2004,1026.473,1.026473
CAN,Canada,Americas,2005,1173.505,1.173505
CAN,Canada,Americas,2006,1319.356,1.319356
CAN,Canada,Americas,2007,1468.896,1.468896
CAN,Canada,Americas,2008,1552.864,1.552864
CAN,Canada,Americas,2009,1376.509,1.376509
CAN,Canada,Americas,2010,1617.345,1.617345
CAN,Canada,Americas,2011,1793.327,1.793327
CAN,Canada,Americas,2012,1828.362,1.828362
CAN,Canada,Americas,2013,1846.595,1.846595
CAN,Canada,Americas,2014,1805.751,1.805751
CAN,Canada,Americas,2015,1556.508,1.556508
CAN,Canada,Americas,2016,1527.996,1.527996
CAN,Canada,Americas,2017,1649.266,1.649266
CAN,Canada,Americas,2018,1725.3,1.7253
CAN,Canada,Americas,2019,1743.725,1.743725
CAN,Canada,Americas,2020,1655.685,1.655685
CAN,Canada,Americas,2021,2022.382,2.022382
CAN,Canada,Americas,2022,2200.567,2.200567
CAN,Canada,Americas,2023,2196.594,2.196594
CAN,Canada,Americas,2024,2270.076,2.270076
CAN,Canada,Americas,2025,2319.9,2.3199
CAN,Canada,Americas,2026,2507.34,2.50734
CAN,Canada,Americas,2027,2640.393,2.640393
CAN,Canada,Americas,2028,2759.418,2.759418
CAN,Canada,Americas,2029,2882.317,2.882317
CAN,Canada,Americas,2030,3008.107,3.008107
CAN,Canada,Americas,2031,3139.433,3.139433
CAF,Central African Republic,Africa,1980,0.714,0.000714
CAF,Central African Republic,Africa,1981,0.743,0.000743
CAF,Central African Republic,Africa,1982,0.719,0.000719
CAF,Central African Republic,Africa,1983,0.69,0.00069
CAF,Central African Republic,Africa,1984,0.67,0.00067
CAF,Central African Republic,Africa,1985,0.883,0.000883
CAF,Central African Republic,Africa,1986,1.158,0.001158
CAF,Central African Republic,Africa,1987,1.291,0.001291
CAF,Central African Republic,Africa,1988,1.379,0.001379
CAF,Central African Republic,Africa,1989,1.372,0.001372
CAF,Central African Republic,Africa,1990,1.605,0.001605
CAF,Central African Republic,Africa,1991,1.528,0.001528
CAF,Central African Republic,Africa,1992,1.527,0.001527
CAF,Central African Republic,Africa,1993,1.331,0.001331
CAF,Central African Republic,Africa,1994,0.87,0.00087
CAF,Central African Republic,Africa,1995,1.133,0.001133
CAF,Central African Republic,Africa,1996,1.018,0.001018
CAF,Central African Republic,Africa,1997,0.977,0.000977
CAF,Central African Republic,Africa,1998,1.03,0.00103
CAF,Central African Republic,Africa,1999,1.039,0.001039
CAF,Central African Republic,Africa,2000,0.868,0.000868
CAF,Central African Republic,Africa,2001,0.9,0.0009
CAF,Central African Republic,Africa,2002,0.987,0.000987
CAF,Central African Republic,Africa,2003,1.191,0.001191
CAF,Central African Republic,Africa,2004,1.312,0.001312
CAF,Central African Republic,Africa,2005,1.414,0.001414
CAF,Central African Republic,Africa,2006,1.539,0.001539
CAF,Central African Republic,Africa,2007,1.757,0.001757
CAF,Central African Republic,Africa,2008,2.041,0.002041
CAF,Central African Republic,Africa,2009,2.065,0.002065
CAF,Central African Republic,Africa,2010,2.144,0.002144
CAF,Central African Republic,Africa,2011,2.438,0.002438
CAF,Central African Republic,Africa,2012,2.512,0.002512
CAF,Central African Republic,Africa,2013,1.692,0.001692
CAF,Central African Republic,Africa,2014,2.051,0.002051
CAF,Central African Republic,Africa,2015,1.866,0.001866
CAF,Central African Republic,Africa,2016,1.995,0.001995
CAF,Central African Republic,Africa,2017,2.198,0.002198
CAF,Central African Republic,Africa,2018,2.383,0.002383
CAF,Central African Republic,Africa,2019,2.444,0.002444
CAF,Central African Republic,Africa,2020,2.503,0.002503
CAF,Central African Republic,Africa,2021,2.711,0.002711
CAF,Central African Republic,Africa,2022,2.565,0.002565
CAF,Central African Republic,Africa,2023,2.722,0.002722
CAF,Central African Republic,Africa,2024,2.868,0.002868
CAF,Central African Republic,Africa,2025,3.192,0.003192
CAF,Central African Republic,Africa,2026,3.492,0.003492
CAF,Central African Republic,Africa,2027,3.698,0.003698
CAF,Central African Republic,Africa,2028,3.922,0.003922
CAF,Central African Republic,Africa,2029,4.191,0.004191
CAF,Central African Republic,Africa,2030,4.477,0.004477
CAF,Central African Republic,Africa,2031,4.783,0.004783
TCD,Chad,Africa,1980,0.958,0.000958
TCD,Chad,Africa,1981,1.133,0.001133
TCD,Chad,Africa,1982,1.095,0.001095
TCD,Chad,Africa,1983,1.096,0.001096
TCD,Chad,Africa,1984,1.177,0.001177
TCD,Chad,Africa,1985,1.275,0.001275
TCD,Chad,Africa,1986,1.57,0.00157
TCD,Chad,Africa,1987,1.78,0.00178
TCD,Chad,Africa,1988,2.081,0.002081
TCD,Chad,Africa,1989,1.966,0.001966
TCD,Chad,Africa,1990,2.369,0.002369
TCD,Chad,Africa,1991,2.347,0.002347
TCD,Chad,Africa,1992,2.446,0.002446
TCD,Chad,Africa,1993,2.138,0.002138
TCD,Chad,Africa,1994,1.732,0.001732
TCD,Chad,Africa,1995,2.123,0.002123
TCD,Chad,Africa,1996,2.36,0.00236
TCD,Chad,Africa,1997,2.268,0.002268
TCD,Chad,Africa,1998,2.561,0.002561
TCD,Chad,Africa,1999,2.256,0.002256
TCD,Chad,Africa,2000,2.039,0.002039
TCD,Chad,Africa,2001,2.512,0.002512
TCD,Chad,Africa,2002,2.928,0.002928
TCD,Chad,Africa,2003,4.025,0.004025
TCD,Chad,Africa,2004,6.49,0.00649
TCD,Chad,Africa,2005,8.66,0.00866
TCD,Chad,Africa,2006,9.71,0.00971
TCD,Chad,Africa,2007,10.867,0.010867
TCD,Chad,Africa,2008,13.384,0.013384
TCD,Chad,Africa,2009,12.304,0.012304
TCD,Chad,Africa,2010,14.07,0.01407
TCD,Chad,Africa,2011,16.682,0.016682
TCD,Chad,Africa,2012,17.878,0.017878
TCD,Chad,Africa,2013,17.861,0.017861
TCD,Chad,Africa,2014,18.186,0.018186
TCD,Chad,Africa,2015,14.566,0.014566
TCD,Chad,Africa,2016,13.075,0.013075
TCD,Chad,Africa,2017,13.258,0.013258
TCD,Chad,Africa,2018,15.169,0.015169
TCD,Chad,Africa,2019,14.819,0.014819
TCD,Chad,Africa,2020,14.812,0.014812
TCD,Chad,Africa,2021,16.975,0.016975
TCD,Chad,Africa,2022,18.052,0.018052
TCD,Chad,Africa,2023,18.638,0.018638
TCD,Chad,Africa,2024,20.656,0.020656
TCD,Chad,Africa,2025,22.092,0.022092
TCD,Chad,Africa,2026,25.628,0.025628
TCD,Chad,Africa,2027,27.257,0.027257
TCD,Chad,Africa,2028,29.023,0.029023
TCD,Chad,Africa,2029,31.16,0.03116
TCD,Chad,Africa,2030,33.514,0.033514
TCD,Chad,Africa,2031,36.085,0.036085
CHL,Chile,Americas,1980,29.032,0.029032
CHL,Chile,Americas,1981,34.374,0.034374
CHL,Chile,Americas,1982,25.63,0.02563
CHL,Chile,Americas,1983,20.819,0.020819
CHL,Chile,Americas,1984,20.246,0.020246
CHL,Chile,Americas,1985,17.36,0.01736
CHL,Chile,Americas,1986,18.662,0.018662
CHL,Chile,Americas,1987,22.01,0.02201
CHL,Chile,Americas,1988,25.947,0.025947
CHL,Chile,Americas,1989,29.889,0.029889
CHL,Chile,Americas,1990,33.231,0.033231
CHL,Chile,Americas,1991,38.249,0.038249
CHL,Chile,Americas,1992,46.597,0.046597
CHL,Chile,Americas,1993,49.855,0.049855
CHL,Chile,Americas,1994,57.517,0.057517
CHL,Chile,Americas,1995,74.119,0.074119
CHL,Chile,Americas,1996,78.575,0.078575
CHL,Chile,Americas,1997,85.73,0.08573
CHL,Chile,Americas,1998,81.996,0.081996
CHL,Chile,Americas,1999,75.596,0.075596
CHL,Chile,Americas,2000,78.25,0.07825
CHL,Chile,Americas,2001,71.517,0.071517
CHL,Chile,Americas,2002,70.295,0.070295
CHL,Chile,Americas,2003,76.508,0.076508
CHL,Chile,Americas,2004,99.079,0.099079
CHL,Chile,Americas,2005,122.315,0.122315
CHL,Chile,Americas,2006,153.84,0.15384
CHL,Chile,Americas,2007,172.565,0.172565
CHL,Chile,Americas,2008,179.663,0.179663
CHL,Chile,Americas,2009,171.794,0.171794
CHL,Chile,Americas,2010,217.105,0.217105
CHL,Chile,Americas,2011,251.225,0.251225
CHL,Chile,Americas,2012,267.165,0.267165
CHL,Chile,Americas,2013,277.218,0.277218
CHL,Chile,Americas,2014,259.394,0.259394
CHL,Chile,Americas,2015,242.515,0.242515
CHL,Chile,Americas,2016,249.306,0.249306
CHL,Chile,Americas,2017,276.357,0.276357
CHL,Chile,Americas,2018,295.428,0.295428
CHL,Chile,Americas,2019,278.04,0.27804
CHL,Chile,Americas,2020,254.06,0.25406
CHL,Chile,Americas,2021,315.411,0.315411
CHL,Chile,Americas,2022,301.27,0.30127
CHL,Chile,Americas,2023,335.627,0.335627
CHL,Chile,Americas,2024,330.21,0.33021
CHL,Chile,Americas,2025,355.346,0.355346
CHL,Chile,Americas,2026,407.85,0.40785
CHL,Chile,Americas,2027,434.037,0.434037
CHL,Chile,Americas,2028,455.022,0.455022
CHL,Chile,Americas,2029,475.623,0.475623
CHL,Chile,Americas,2030,496.763,0.496763
CHL,Chile,Americas,2031,519.088,0.519088
CHN,China,Asia,1980,303.55,0.30355
CHN,China,Asia,1981,289.215,0.289215
CHN,China,Asia,1982,285.139,0.285139
CHN,China,Asia,1983,306.013,0.306013
CHN,China,Asia,1984,314.832,0.314832
CHN,China,Asia,1985,310.709,0.310709
CHN,China,Asia,1986,301.471,0.301471
CHN,China,Asia,1987,328.305,0.328305
CHN,China,Asia,1988,409.363,0.409363
CHN,China,Asia,1989,458.985,0.458985
CHN,China,Asia,1990,397.359,0.397359
CHN,China,Asia,1991,415.946,0.415946
CHN,China,Asia,1992,495.515,0.495515
CHN,China,Asia,1993,621.918,0.621918
CHN,China,Asia,1994,566.382,0.566382
CHN,China,Asia,1995,737.894,0.737894
CHN,China,Asia,1996,868.768,0.868768
CHN,China,Asia,1997,967.89,0.96789
CHN,China,Asia,1998,1035.515,1.035515
CHN,China,Asia,1999,1101.119,1.101119
CHN,China,Asia,2000,1220.346,1.220346
CHN,China,Asia,2001,1351.395,1.351395
CHN,China,Asia,2002,1486.628,1.486628
CHN,China,Asia,2003,1680.932,1.680932
CHN,China,Asia,2004,1978.988,1.978988
CHN,China,Asia,2005,2326.577,2.326577
CHN,China,Asia,2006,2798.78,2.79878
CHN,China,Asia,2007,3613.61,3.61361
CHN,China,Asia,2008,4655.583,4.655583
CHN,China,Asia,2009,5176.499,5.176499
CHN,China,Asia,2010,6138.878,6.138878
CHN,China,Asia,2011,7628.383,7.628383
CHN,China,Asia,2012,8682.534,8.682534
CHN,China,Asia,2013,9787.51,9.78751
CHN,China,Asia,2014,10702.458,10.702458
CHN,China,Asia,2015,11305.64,11.30564
CHN,China,Asia,2016,11452.0,11.452
CHN,China,Asia,2017,12516.152,12.516152
CHN,China,Asia,2018,14107.927,14.107927
CHN,China,Asia,2019,14593.45,14.59345
CHN,China,Asia,2020,15110.191,15.110191
CHN,China,Asia,2021,18183.505,18.183505
CHN,China,Asia,2022,18337.777,18.337777
CHN,China,Asia,2023,18366.936,18.366936
CHN,China,Asia,2024,18945.112,18.945112
CHN,China,Asia,2025,19626.247,19.626247
CHN,China,Asia,2026,20851.593,20.851593
CHN,China,Asia,2027,21928.979,21.928979
CHN,China,Asia,2028,23259.956,23.259956
CHN,China,Asia,2029,24662.788,24.662788
CHN,China,Asia,2030,26046.793,26.046793
CHN,China,Asia,2031,27496.67,27.49667
COL,Colombia,Americas,1980,46.501,0.046501
COL,Colombia,Americas,1981,50.661,0.050661
COL,Colombia,Americas,1982,54.252,0.054252
COL,Colombia,Americas,1983,53.92,0.05392
COL,Colombia,Americas,1984,53.257,0.053257
COL,Colombia,Americas,1985,48.581,0.048581
COL,Colombia,Americas,1986,48.648,0.048648
COL,Colombia,Americas,1987,50.64,0.05064
COL,Colombia,Americas,1988,54.592,0.054592
COL,Colombia,Americas,1989,55.048,0.055048
COL,Colombia,Americas,1990,56.071,0.056071
COL,Colombia,Americas,1991,57.954,0.057954
COL,Colombia,Americas,1992,68.579,0.068579
COL,Colombia,Americas,1993,77.721,0.077721
COL,Colombia,Americas,1994,97.665,0.097665
COL,Colombia,Americas,1995,110.564,0.110564
COL,Colombia,Americas,1996,116.13,0.11613
COL,Colombia,Americas,1997,127.49,0.12749
COL,Colombia,Americas,1998,117.725,0.117725
COL,Colombia,Americas,1999,103.132,0.103132
COL,Colombia,Americas,2000,99.27,0.09927
COL,Colombia,Americas,2001,97.606,0.097606
COL,Colombia,Americas,2002,97.353,0.097353
COL,Colombia,Americas,2003,94.072,0.094072
COL,Colombia,Americas,2004,116.382,0.116382
COL,Colombia,Americas,2005,145.601,0.145601
COL,Colombia,Americas,2006,161.793,0.161793
COL,Colombia,Americas,2007,206.23,0.20623
COL,Colombia,Americas,2008,242.504,0.242504
COL,Colombia,Americas,2009,232.469,0.232469
COL,Colombia,Americas,2010,286.499,0.286499
COL,Colombia,Americas,2011,334.967,0.334967
COL,Colombia,Americas,2012,370.692,0.370692
COL,Colombia,Americas,2013,382.094,0.382094
COL,Colombia,Americas,2014,381.241,0.381241
COL,Colombia,Americas,2015,293.493,0.293493
COL,Colombia,Americas,2016,282.72,0.28272
COL,Colombia,Americas,2017,311.89,0.31189
COL,Colombia,Americas,2018,334.124,0.334124
COL,Colombia,Americas,2019,323.055,0.323055
COL,Colombia,Americas,2020,270.348,0.270348
COL,Colombia,Americas,2021,318.525,0.318525
COL,Colombia,Americas,2022,345.632,0.345632
COL,Colombia,Americas,2023,366.901,0.366901
COL,Colombia,Americas,2024,420.504,0.420504
COL,Colombia,Americas,2025,457.41,0.45741
COL,Colombia,Americas,2026,539.53,0.53953
COL,Colombia,Americas,2027,554.384,0.554384
COL,Colombia,Americas,2028,578.238,0.578238
COL,Colombia,Americas,2029,604.409,0.604409
COL,Colombia,Americas,2030,632.137,0.632137
COL,Colombia,Americas,2031,661.138,0.661138
COM,Comoros,Africa,1980,0.243,0.000243
COM,Comoros,Africa,1981,0.213,0.000213
COM,Comoros,Africa,1982,0.202,0.000202
COM,Comoros,Africa,1983,0.196,0.000196
COM,Comoros,Africa,1984,0.189,0.000189
COM,Comoros,Africa,1985,0.192,0.000192
COM,Comoros,Africa,1986,0.258,0.000258
COM,Comoros,Africa,1987,0.313,0.000313
COM,Comoros,Africa,1988,0.336,0.000336
COM,Comoros,Africa,1989,0.329,0.000329
COM,Comoros,Africa,1990,0.402,0.000402
COM,Comoros,Africa,1991,0.401,0.000401
COM,Comoros,Africa,1992,0.437,0.000437
COM,Comoros,Africa,1993,0.428,0.000428
COM,Comoros,Africa,1994,0.315,0.000315
COM,Comoros,Africa,1995,0.393,0.000393
COM,Comoros,Africa,1996,0.392,0.000392
COM,Comoros,Africa,1997,0.363,0.000363
COM,Comoros,Africa,1998,0.364,0.000364
COM,Comoros,Africa,1999,0.372,0.000372
COM,Comoros,Africa,2000,0.34,0.00034
COM,Comoros,Africa,2001,0.373,0.000373
COM,Comoros,Africa,2002,0.427,0.000427
COM,Comoros,Africa,2003,0.547,0.000547
COM,Comoros,Africa,2004,0.622,0.000622
COM,Comoros,Africa,2005,0.656,0.000656
COM,Comoros,Africa,2006,0.689,0.000689
COM,Comoros,Africa,2007,0.796,0.000796
COM,Comoros,Africa,2008,0.916,0.000916
COM,Comoros,Africa,2009,0.904,0.000904
COM,Comoros,Africa,2010,0.909,0.000909
COM,Comoros,Africa,2011,1.023,0.001023
COM,Comoros,Africa,2012,1.016,0.001016
COM,Comoros,Africa,2013,1.116,0.001116
COM,Comoros,Africa,2014,1.15,0.00115
COM,Comoros,Africa,2015,0.966,0.000966
COM,Comoros,Africa,2016,1.013,0.001013
COM,Comoros,Africa,2017,1.077,0.001077
COM,Comoros,Africa,2018,1.179,0.001179
COM,Comoros,Africa,2019,1.188,0.001188
COM,Comoros,Africa,2020,1.218,0.001218
COM,Comoros,Africa,2021,1.273,0.001273
COM,Comoros,Africa,2022,1.224,0.001224
COM,Comoros,Africa,2023,1.329,0.001329
COM,Comoros,Africa,2024,1.442,0.001442
COM,Comoros,Africa,2025,1.609,0.001609
COM,Comoros,Africa,2026,1.814,0.001814
COM,Comoros,Africa,2027,1.93,0.00193
COM,Comoros,Africa,2028,2.048,0.002048
COM,Comoros,Africa,2029,2.173,0.002173
COM,Comoros,Africa,2030,2.315,0.002315
COM,Comoros,Africa,2031,2.46,0.00246
COG,Congo Republic,Africa,1980,2.165,0.002165
COG,Congo Republic,Africa,1981,1.775,0.001775
COG,Congo Republic,Africa,1982,1.548,0.001548
COG,Congo Republic,Africa,1983,1.407,0.001407
COG,Congo Republic,Africa,1984,1.294,0.001294
COG,Congo Republic,Africa,1985,1.327,0.001327
COG,Congo Republic,Africa,1986,1.815,0.001815
COG,Congo Republic,Africa,1987,2.205,0.002205
COG,Congo Republic,Africa,1988,2.346,0.002346
COG,Congo Republic,Africa,1989,2.478,0.002478
COG,Congo Republic,Africa,1990,2.909,0.002909
COG,Congo Republic,Africa,1991,3.035,0.003035
COG,Congo Republic,Africa,1992,3.28,0.00328
COG,Congo Republic,Africa,1993,3.004,0.003004
COG,Congo Republic,Africa,1994,2.068,0.002068
COG,Congo Republic,Africa,1995,2.457,0.002457
COG,Congo Republic,Africa,1996,2.84,0.00284
COG,Congo Republic,Africa,1997,2.568,0.002568
COG,Congo Republic,Africa,1998,2.24,0.00224
COG,Congo Republic,Africa,1999,2.646,0.002646
COG,Congo Republic,Africa,2000,3.624,0.003624
COG,Congo Republic,Africa,2001,3.038,0.003038
COG,Congo Republic,Africa,2002,3.33,0.00333
COG,Congo Republic,Africa,2003,3.863,0.003863
COG,Congo Republic,Africa,2004,5.101,0.005101
COG,Congo Republic,Africa,2005,6.654,0.006654
COG,Congo Republic,Africa,2006,8.073,0.008073
COG,Congo Republic,Africa,2007,8.784,0.008784
COG,Congo Republic,Africa,2008,11.649,0.011649
COG,Congo Republic,Africa,2009,9.713,0.009713
COG,Congo Republic,Africa,2010,13.159,0.013159
COG,Congo Republic,Africa,2011,15.653,0.015653
COG,Congo Republic,Africa,2012,17.704,0.017704
COG,Congo Republic,Africa,2013,17.959,0.017959
COG,Congo Republic,Africa,2014,17.918,0.017918
COG,Congo Republic,Africa,2015,11.891,0.011891
COG,Congo Republic,Africa,2016,10.928,0.010928
COG,Congo Republic,Africa,2017,11.83,0.01183
COG,Congo Republic,Africa,2018,14.781,0.014781
COG,Congo Republic,Africa,2019,13.977,0.013977
COG,Congo Republic,Africa,2020,11.485,0.011485
COG,Congo Republic,Africa,2021,13.387,0.013387
COG,Congo Republic,Africa,2022,13.967,0.013967
COG,Congo Republic,Africa,2023,14.169,0.014169
COG,Congo Republic,Africa,2024,14.774,0.014774
COG,Congo Republic,Africa,2025,15.592,0.015592
COG,Congo Republic,Africa,2026,17.028,0.017028
COG,Congo Republic,Africa,2027,17.958,0.017958
COG,Congo Republic,Africa,2028,19.119,0.019119
COG,Congo Republic,Africa,2029,20.405,0.020405
COG,Congo Republic,Africa,2030,21.721,0.021721
COG,Congo Republic,Africa,2031,23.214,0.023214
CRI,Costa Rica,Americas,1980,4.854,0.004854
CRI,Costa Rica,Americas,1981,2.636,0.002636
CRI,Costa Rica,Americas,1982,2.619,0.002619
CRI,Costa Rica,Americas,1983,3.162,0.003162
CRI,Costa Rica,Americas,1984,3.678,0.003678
CRI,Costa Rica,Americas,1985,3.941,0.003941
CRI,Costa Rica,Americas,1986,4.425,0.004425
CRI,Costa Rica,Americas,1987,4.554,0.004554
CRI,Costa Rica,Americas,1988,4.636,0.004636
CRI,Costa Rica,Americas,1989,5.25,0.00525
CRI,Costa Rica,Americas,1990,5.737,0.005737
CRI,Costa Rica,Americas,1991,7.197,0.007197
CRI,Costa Rica,Americas,1992,8.566,0.008566
CRI,Costa Rica,Americas,1993,9.586,0.009586
CRI,Costa Rica,Americas,1994,10.489,0.010489
CRI,Costa Rica,Americas,1995,11.578,0.011578
CRI,Costa Rica,Americas,1996,11.683,0.011683
CRI,Costa Rica,Americas,1997,12.618,0.012618
CRI,Costa Rica,Americas,1998,13.688,0.013688
CRI,Costa Rica,Americas,1999,14.259,0.014259
CRI,Costa Rica,Americas,2000,15.016,0.015016
CRI,Costa Rica,Americas,2001,15.979,0.015979
CRI,Costa Rica,Americas,2002,16.584,0.016584
CRI,Costa Rica,Americas,2003,17.277,0.017277
CRI,Costa Rica,Americas,2004,18.615,0.018615
CRI,Costa Rica,Americas,2005,20.049,0.020049
CRI,Costa Rica,Americas,2006,22.717,0.022717
CRI,Costa Rica,Americas,2007,26.885,0.026885
CRI,Costa Rica,Americas,2008,30.802,0.030802
CRI,Costa Rica,Americas,2009,30.746,0.030746
CRI,Costa Rica,Americas,2010,37.656,0.037656
CRI,Costa Rica,Americas,2011,42.762,0.042762
CRI,Costa Rica,Americas,2012,47.231,0.047231
CRI,Costa Rica,Americas,2013,50.949,0.050949
CRI,Costa Rica,Americas,2014,52.017,0.052017
CRI,Costa Rica,Americas,2015,56.442,0.056442
CRI,Costa Rica,Americas,2016,58.847,0.058847
CRI,Costa Rica,Americas,2017,60.517,0.060517
CRI,Costa Rica,Americas,2018,62.57,0.06257
CRI,Costa Rica,Americas,2019,64.748,0.064748
CRI,Costa Rica,Americas,2020,62.792,0.062792
CRI,Costa Rica,Americas,2021,65.582,0.065582
CRI,Costa Rica,Americas,2022,70.993,0.070993
CRI,Costa Rica,Americas,2023,87.524,0.087524
CRI,Costa Rica,Americas,2024,96.73,0.09673
CRI,Costa Rica,Americas,2025,102.902,0.102902
CRI,Costa Rica,Americas,2026,109.931,0.109931
CRI,Costa Rica,Americas,2027,116.204,0.116204
CRI,Costa Rica,Americas,2028,122.751,0.122751
CRI,Costa Rica,Americas,2029,129.529,0.129529
CRI,Costa Rica,Americas,2030,136.738,0.136738
CRI,Costa Rica,Americas,2031,144.622,0.144622
HRV,Croatia,Europe,1992,0.568,0.000568
HRV,Croatia,Europe,1993,7.358,0.007358
HRV,Croatia,Europe,1994,16.669,0.016669
HRV,Croatia,Europe,1995,20.657,0.020657
HRV,Croatia,Europe,1996,22.104,0.022104
HRV,Croatia,Europe,1997,22.101,0.022101
HRV,Croatia,Europe,1998,23.971,0.023971
HRV,Croatia,Europe,1999,23.593,0.023593
HRV,Croatia,Europe,2000,22.145,0.022145
HRV,Croatia,Europe,2001,23.068,0.023068
HRV,Croatia,Europe,2002,26.739,0.026739
HRV,Croatia,Europe,2003,35.24,0.03524
HRV,Croatia,Europe,2004,41.817,0.041817
HRV,Croatia,Europe,2005,45.035,0.045035
HRV,Croatia,Europe,2006,49.584,0.049584
HRV,Croatia,Europe,2007,59.295,0.059295
HRV,Croatia,Europe,2008,68.461,0.068461
HRV,Croatia,Europe,2009,62.251,0.062251
HRV,Croatia,Europe,2010,59.028,0.059028
HRV,Croatia,Europe,2011,62.875,0.062875
HRV,Croatia,Europe,2012,57.586,0.057586
HRV,Croatia,Europe,2013,59.846,0.059846
HRV,Croatia,Europe,2014,59.623,0.059623
HRV,Croatia,Europe,2015,51.005,0.051005
HRV,Croatia,Europe,2016,52.636,0.052636
HRV,Croatia,Europe,2017,56.164,0.056164
HRV,Croatia,Europe,2018,61.694,0.061694
HRV,Croatia,Europe,2019,61.474,0.061474
HRV,Croatia,Europe,2020,57.914,0.057914
HRV,Croatia,Europe,2021,69.052,0.069052
HRV,Croatia,Europe,2022,71.257,0.071257
HRV,Croatia,Europe,2023,85.647,0.085647
HRV,Croatia,Europe,2024,92.955,0.092955
HRV,Croatia,Europe,2025,106.055,0.106055
HRV,Croatia,Europe,2026,116.574,0.116574
HRV,Croatia,Europe,2027,122.612,0.122612
HRV,Croatia,Europe,2028,128.198,0.128198
HRV,Croatia,Europe,2029,134.195,0.134195
HRV,Croatia,Europe,2030,140.601,0.140601
HRV,Croatia,Europe,2031,147.301,0.147301
CYP,Cyprus,Asia,1980,2.314,0.002314
CYP,Cyprus,Asia,1981,2.242,0.002242
CYP,Cyprus,Asia,1982,2.319,0.002319
CYP,Cyprus,Asia,1983,2.321,0.002321
CYP,Cyprus,Asia,1984,2.447,0.002447
CYP,Cyprus,Asia,1985,2.611,0.002611
CYP,Cyprus,Asia,1986,3.317,0.003317
CYP,Cyprus,Asia,1987,3.979,0.003979
CYP,Cyprus,Asia,1988,4.589,0.004589
CYP,Cyprus,Asia,1989,4.901,0.004901
CYP,Cyprus,Asia,1990,6.003,0.006003
CYP,Cyprus,Asia,1991,6.195,0.006195
CYP,Cyprus,Asia,1992,7.424,0.007424
CYP,Cyprus,Asia,1993,7.098,0.007098
CYP,Cyprus,Asia,1994,8.004,0.008004
CYP,Cyprus,Asia,1995,9.937,0.009937
CYP,Cyprus,Asia,1996,10.016,0.010016
CYP,Cyprus,Asia,1997,9.544,0.009544
CYP,Cyprus,Asia,1998,10.251,0.010251
CYP,Cyprus,Asia,1999,10.502,0.010502
CYP,Cyprus,Asia,2000,9.988,0.009988
CYP,Cyprus,Asia,2001,10.397,0.010397
CYP,Cyprus,Asia,2002,11.422,0.011422
CYP,Cyprus,Asia,2003,14.552,0.014552
CYP,Cyprus,Asia,2004,17.328,0.017328
CYP,Cyprus,Asia,2005,18.713,0.018713
CYP,Cyprus,Asia,2006,20.422,0.020422
CYP,Cyprus,Asia,2007,24.082,0.024082
CYP,Cyprus,Asia,2008,27.955,0.027955
CYP,Cyprus,Asia,2009,26.02,0.02602
CYP,Cyprus,Asia,2010,25.821,0.025821
CYP,Cyprus,Asia,2011,27.637,0.027637
CYP,Cyprus,Asia,2012,25.063,0.025063
CYP,Cyprus,Asia,2013,23.96,0.02396
CYP,Cyprus,Asia,2014,23.232,0.023232
CYP,Cyprus,Asia,2015,19.911,0.019911
CYP,Cyprus,Asia,2016,21.041,0.021041
CYP,Cyprus,Asia,2017,22.938,0.022938
CYP,Cyprus,Asia,2018,25.766,0.025766
CYP,Cyprus,Asia,2019,26.2,0.0262
CYP,Cyprus,Asia,2020,25.535,0.025535
CYP,Cyprus,Asia,2021,30.392,0.030392
CYP,Cyprus,Asia,2022,31.243,0.031243
CYP,Cyprus,Asia,2023,35.085,0.035085
CYP,Cyprus,Asia,2024,37.623,0.037623
CYP,Cyprus,Asia,2025,41.019,0.041019
CYP,Cyprus,Asia,2026,45.171,0.045171
CYP,Cyprus,Asia,2027,47.359,0.047359
CYP,Cyprus,Asia,2028,49.816,0.049816
CYP,Cyprus,Asia,2029,52.479,0.052479
CYP,Cyprus,Asia,2030,55.224,0.055224
CYP,Cyprus,Asia,2031,58.098,0.058098
CZE,Czechia,Europe,1995,60.565,0.060565
CZE,Czechia,Europe,1996,67.805,0.067805
CZE,Czechia,Europe,1997,62.53,0.06253
CZE,Czechia,Europe,1998,67.161,0.067161
CZE,Czechia,Europe,1999,65.586,0.065586
CZE,Czechia,Europe,2000,62.171,0.062171
CZE,Czechia,Europe,2001,68.136,0.068136
CZE,Czechia,Europe,2002,82.596,0.082596
CZE,Czechia,Europe,2003,100.471,0.100471
CZE,Czechia,Europe,2004,120.148,0.120148
CZE,Czechia,Europe,2005,137.264,0.137264
CZE,Czechia,Europe,2006,156.236,0.156236
CZE,Czechia,Europe,2007,189.845,0.189845
CZE,Czechia,Europe,2008,236.82,0.23682
CZE,Czechia,Europe,2009,207.095,0.207095
CZE,Czechia,Europe,2010,211.169,0.211169
CZE,Czechia,Europe,2011,231.429,0.231429
CZE,Czechia,Europe,2012,210.363,0.210363
CZE,Czechia,Europe,2013,213.024,0.213024
CZE,Czechia,Europe,2014,210.911,0.210911
CZE,Czechia,Europe,2015,189.108,0.189108
CZE,Czechia,Europe,2016,198.161,0.198161
CZE,Czechia,Europe,2017,221.564,0.221564
CZE,Czechia,Europe,2018,251.992,0.251992
CZE,Czechia,Europe,2019,256.794,0.256794
CZE,Czechia,Europe,2020,251.11,0.25111
CZE,Czechia,Europe,2021,290.973,0.290973
CZE,Czechia,Europe,2022,301.831,0.301831
CZE,Czechia,Europe,2023,345.059,0.345059
CZE,Czechia,Europe,2024,347.083,0.347083
CZE,Czechia,Europe,2025,389.02,0.38902
CZE,Czechia,Europe,2026,432.597,0.432597
CZE,Czechia,Europe,2027,451.1,0.4511
CZE,Czechia,Europe,2028,469.574,0.469574
CZE,Czechia,Europe,2029,487.941,0.487941
CZE,Czechia,Europe,2030,506.784,0.506784
CZE,Czechia,Europe,2031,526.286,0.526286
CIV,Côte d'Ivoire,Africa,1980,13.877,0.013877
CIV,Côte d'Ivoire,Africa,1981,11.502,0.011502
CIV,Côte d'Ivoire,Africa,1982,10.32,0.01032
CIV,Côte d'Ivoire,Africa,1983,9.312,0.009312
CIV,Côte d'Ivoire,Africa,1984,9.284,0.009284
CIV,Côte d'Ivoire,Africa,1985,9.47,0.00947
CIV,Côte d'Ivoire,Africa,1986,12.675,0.012675
CIV,Côte d'Ivoire,Africa,1987,13.944,0.013944
CIV,Côte d'Ivoire,Africa,1988,14.092,0.014092
CIV,Côte d'Ivoire,Africa,1989,13.487,0.013487
CIV,Côte d'Ivoire,Africa,1990,14.923,0.014923
CIV,Côte d'Ivoire,Africa,1991,14.504,0.014504
CIV,Côte d'Ivoire,Africa,1992,15.416,0.015416
CIV,Côte d'Ivoire,Africa,1993,15.268,0.015268
CIV,Côte d'Ivoire,Africa,1994,11.492,0.011492
CIV,Côte d'Ivoire,Africa,1995,15.205,0.015205
CIV,Côte d'Ivoire,Africa,1996,16.78,0.01678
CIV,Côte d'Ivoire,Africa,1997,16.203,0.016203
CIV,Côte d'Ivoire,Africa,1998,17.433,0.017433
CIV,Côte d'Ivoire,Africa,1999,17.114,0.017114
CIV,Côte d'Ivoire,Africa,2000,14.851,0.014851
CIV,Côte d'Ivoire,Africa,2001,15.485,0.015485
CIV,Côte d'Ivoire,Africa,2002,17.148,0.017148
CIV,Côte d'Ivoire,Africa,2003,21.206,0.021206
CIV,Côte d'Ivoire,Africa,2004,22.924,0.022924
CIV,Côte d'Ivoire,Africa,2005,23.626,0.023626
CIV,Côte d'Ivoire,Africa,2006,24.628,0.024628
CIV,Côte d'Ivoire,Africa,2007,28.158,0.028158
CIV,Côte d'Ivoire,Africa,2008,33.621,0.033621
CIV,Côte d'Ivoire,Africa,2009,33.693,0.033693
CIV,Côte d'Ivoire,Africa,2010,34.431,0.034431
CIV,Côte d'Ivoire,Africa,2011,35.529,0.035529
CIV,Côte d'Ivoire,Africa,2012,37.03,0.03703
CIV,Côte d'Ivoire,Africa,2013,43.228,0.043228
CIV,Côte d'Ivoire,Africa,2014,48.882,0.048882
CIV,Côte d'Ivoire,Africa,2015,45.815,0.045815
CIV,Côte d'Ivoire,Africa,2016,48.408,0.048408
CIV,Côte d'Ivoire,Africa,2017,52.512,0.052512
CIV,Côte d'Ivoire,Africa,2018,58.522,0.058522
CIV,Côte d'Ivoire,Africa,2019,60.383,0.060383
CIV,Côte d'Ivoire,Africa,2020,63.119,0.063119
CIV,Côte d'Ivoire,Africa,2021,72.833,0.072833
CIV,Côte d'Ivoire,Africa,2022,71.075,0.071075
CIV,Côte d'Ivoire,Africa,2023,80.792,0.080792
CIV,Côte d'Ivoire,Africa,2024,87.132,0.087132
CIV,Côte d'Ivoire,Africa,2025,98.885,0.098885
CIV,Côte d'Ivoire,Africa,2026,112.115,0.112115
CIV,Côte d'Ivoire,Africa,2027,121.282,0.121282
CIV,Côte d'Ivoire,Africa,2028,131.516,0.131516
CIV,Côte d'Ivoire,Africa,2029,143.461,0.143461
CIV,Côte d'Ivoire,Africa,2030,156.28,0.15628
CIV,Côte d'Ivoire,Africa,2031,169.767,0.169767
COD,DR Congo,Africa,1980,68.606,0.068606
COD,DR Congo,Africa,1981,59.726,0.059726
COD,DR Congo,Africa,1982,64.939,0.064939
COD,DR Congo,Africa,1983,52.378,0.052378
COD,DR Congo,Africa,1984,34.951,0.034951
COD,DR Congo,Africa,1985,31.943,0.031943
COD,DR Congo,Africa,1986,35.84,0.03584
COD,DR Congo,Africa,1987,33.932,0.033932
COD,DR Congo,Africa,1988,39.314,0.039314
COD,DR Congo,Africa,1989,40.006,0.040006
COD,DR Congo,Africa,1990,41.448,0.041448
COD,DR Congo,Africa,1991,40.25,0.04025
COD,DR Congo,Africa,1992,36.333,0.036333
COD,DR Congo,Africa,1993,47.45,0.04745
COD,DR Congo,Africa,1994,25.746,0.025746
COD,DR Congo,Africa,1995,25.021,0.025021
COD,DR Congo,Africa,1996,32.099,0.032099
COD,DR Congo,Africa,1997,28.819,0.028819
COD,DR Congo,Africa,1998,21.089,0.021089
COD,DR Congo,Africa,1999,19.147,0.019147
COD,DR Congo,Africa,2000,19.077,0.019077
COD,DR Congo,Africa,2001,7.246,0.007246
COD,DR Congo,Africa,2002,8.72,0.00872
COD,DR Congo,Africa,2003,9.022,0.009022
COD,DR Congo,Africa,2004,10.275,0.010275
COD,DR Congo,Africa,2005,12.72,0.01272
COD,DR Congo,Africa,2006,15.403,0.015403
COD,DR Congo,Africa,2007,18.598,0.018598
COD,DR Congo,Africa,2008,22.665,0.022665
COD,DR Congo,Africa,2009,18.626,0.018626
COD,DR Congo,Africa,2010,22.34,0.02234
COD,DR Congo,Africa,2011,26.406,0.026406
COD,DR Congo,Africa,2012,30.074,0.030074
COD,DR Congo,Africa,2013,34.908,0.034908
COD,DR Congo,Africa,2014,38.355,0.038355
COD,DR Congo,Africa,2015,40.154,0.040154
COD,DR Congo,Africa,2016,38.086,0.038086
COD,DR Congo,Africa,2017,37.499,0.037499
COD,DR Congo,Africa,2018,46.66,0.04666
COD,DR Congo,Africa,2019,46.844,0.046844
COD,DR Congo,Africa,2020,46.682,0.046682
COD,DR Congo,Africa,2021,59.068,0.059068
COD,DR Congo,Africa,2022,70.422,0.070422
COD,DR Congo,Africa,2023,69.844,0.069844
COD,DR Congo,Africa,2024,76.731,0.076731
COD,DR Congo,Africa,2025,92.833,0.092833
COD,DR Congo,Africa,2026,123.406,0.123406
COD,DR Congo,Africa,2027,132.555,0.132555
COD,DR Congo,Africa,2028,142.352,0.142352
COD,DR Congo,Africa,2029,152.565,0.152565
COD,DR Congo,Africa,2030,163.628,0.163628
COD,DR Congo,Africa,2031,175.414,0.175414
DNK,Denmark,Europe,1980,70.811,0.070811
DNK,Denmark,Europe,1981,61.46,0.06146
DNK,Denmark,Europe,1982,60.084,0.060084
DNK,Denmark,Europe,1983,60.331,0.060331
DNK,Denmark,Europe,1984,58.869,0.058869
DNK,Denmark,Europe,1985,62.452,0.062452
DNK,Denmark,Europe,1986,87.749,0.087749
DNK,Denmark,Europe,1987,109.183,0.109183
DNK,Denmark,Europe,1988,115.54,0.11554
DNK,Denmark,Europe,1989,112.312,0.112312
DNK,Denmark,Europe,1990,138.219,0.138219
DNK,Denmark,Europe,1991,139.182,0.139182
DNK,Denmark,Europe,1992,152.966,0.152966
DNK,Denmark,Europe,1993,143.11,0.14311
DNK,Denmark,Europe,1994,156.019,0.156019
DNK,Denmark,Europe,1995,184.85,0.18485
DNK,Denmark,Europe,1996,187.482,0.187482
DNK,Denmark,Europe,1997,173.242,0.173242
DNK,Denmark,Europe,1998,176.876,0.176876
DNK,Denmark,Europe,1999,177.887,0.177887
DNK,Denmark,Europe,2000,164.043,0.164043
DNK,Denmark,Europe,2001,164.881,0.164881
DNK,Denmark,Europe,2002,178.788,0.178788
DNK,Denmark,Europe,2003,218.422,0.218422
DNK,Denmark,Europe,2004,251.988,0.251988
DNK,Denmark,Europe,2005,265.15,0.26515
DNK,Denmark,Europe,2006,283.387,0.283387
DNK,Denmark,Europe,2007,320.213,0.320213
DNK,Denmark,Europe,2008,354.977,0.354977
DNK,Denmark,Europe,2009,322.621,0.322621
DNK,Denmark,Europe,2010,322.346,0.322346
DNK,Denmark,Europe,2011,344.316,0.344316
DNK,Denmark,Europe,2012,326.793,0.326793
DNK,Denmark,Europe,2013,344.631,0.344631
DNK,Denmark,Europe,2014,352.833,0.352833
DNK,Denmark,Europe,2015,301.759,0.301759
DNK,Denmark,Europe,2016,312.182,0.312182
DNK,Denmark,Europe,2017,331.611,0.331611
DNK,Denmark,Europe,2018,355.293,0.355293
DNK,Denmark,Europe,2019,345.402,0.345402
DNK,Denmark,Europe,2020,355.631,0.355631
DNK,Denmark,Europe,2021,406.11,0.40611
DNK,Denmark,Europe,2022,400.115,0.400115
DNK,Denmark,Europe,2023,404.652,0.404652
DNK,Denmark,Europe,2024,424.525,0.424525
DNK,Denmark,Europe,2025,461.718,0.461718
DNK,Denmark,Europe,2026,503.772,0.503772
DNK,Denmark,Europe,2027,525.228,0.525228
DNK,Denmark,Europe,2028,546.484,0.546484
DNK,Denmark,Europe,2029,567.415,0.567415
DNK,Denmark,Europe,2030,589.219,0.589219
DNK,Denmark,Europe,2031,611.871,0.611871
DJI,Djibouti,Africa,1990,0.635,0.000635
DJI,Djibouti,Africa,1991,0.65,0.00065
DJI,Djibouti,Africa,1992,0.672,0.000672
DJI,Djibouti,Africa,1993,0.655,0.000655
DJI,Djibouti,Africa,1994,0.691,0.000691
DJI,Djibouti,Africa,1995,0.699,0.000699
DJI,Djibouti,Africa,1996,0.694,0.000694
DJI,Djibouti,Africa,1997,0.706,0.000706
DJI,Djibouti,Africa,1998,0.722,0.000722
DJI,Djibouti,Africa,1999,0.759,0.000759
DJI,Djibouti,Africa,2000,0.781,0.000781
DJI,Djibouti,Africa,2001,0.811,0.000811
DJI,Djibouti,Africa,2002,0.837,0.000837
DJI,Djibouti,Africa,2003,0.882,0.000882
DJI,Djibouti,Africa,2004,0.936,0.000936
DJI,Djibouti,Africa,2005,0.996,0.000996
DJI,Djibouti,Africa,2006,1.08,0.00108
DJI,Djibouti,Africa,2007,1.191,0.001191
DJI,Djibouti,Africa,2008,1.382,0.001382
DJI,Djibouti,Africa,2009,1.426,0.001426
DJI,Djibouti,Africa,2010,1.544,0.001544
DJI,Djibouti,Africa,2011,1.74,0.00174
DJI,Djibouti,Africa,2012,1.901,0.001901
DJI,Djibouti,Africa,2013,2.044,0.002044
DJI,Djibouti,Africa,2014,2.221,0.002221
DJI,Djibouti,Africa,2015,2.424,0.002424
DJI,Djibouti,Africa,2016,2.605,0.002605
DJI,Djibouti,Africa,2017,2.763,0.002763
DJI,Djibouti,Africa,2018,2.913,0.002913
DJI,Djibouti,Africa,2019,3.089,0.003089
DJI,Djibouti,Africa,2020,3.144,0.003144
DJI,Djibouti,Africa,2021,3.393,0.003393
DJI,Djibouti,Africa,2022,3.563,0.003563
DJI,Djibouti,Africa,2023,3.898,0.003898
DJI,Djibouti,Africa,2024,4.152,0.004152
DJI,Djibouti,Africa,2025,4.378,0.004378
DJI,Djibouti,Africa,2026,4.725,0.004725
DJI,Djibouti,Africa,2027,5.064,0.005064
DJI,Djibouti,Africa,2028,5.393,0.005393
DJI,Djibouti,Africa,2029,5.745,0.005745
DJI,Djibouti,Africa,2030,6.121,0.006121
DJI,Djibouti,Africa,2031,6.521,0.006521
DMA,Dominica,Americas,1980,0.073,7.3e-05
DMA,Dominica,Americas,1981,0.082,8.2e-05
DMA,Dominica,Americas,1982,0.09,9e-05
DMA,Dominica,Americas,1983,0.099,9.9e-05
DMA,Dominica,Americas,1984,0.109,0.000109
DMA,Dominica,Americas,1985,0.119,0.000119
DMA,Dominica,Americas,1986,0.135,0.000135
DMA,Dominica,Americas,1987,0.152,0.000152
DMA,Dominica,Americas,1988,0.171,0.000171
DMA,Dominica,Americas,1989,0.185,0.000185
DMA,Dominica,Americas,1990,0.201,0.000201
DMA,Dominica,Americas,1991,0.22,0.00022
DMA,Dominica,Americas,1992,0.234,0.000234
DMA,Dominica,Americas,1993,0.246,0.000246
DMA,Dominica,Americas,1994,0.264,0.000264
DMA,Dominica,Americas,1995,0.275,0.000275
DMA,Dominica,Americas,1996,0.292,0.000292
DMA,Dominica,Americas,1997,0.303,0.000303
DMA,Dominica,Americas,1998,0.322,0.000322
DMA,Dominica,Americas,1999,0.332,0.000332
DMA,Dominica,Americas,2000,0.333,0.000333
DMA,Dominica,Americas,2001,0.34,0.00034
DMA,Dominica,Americas,2002,0.333,0.000333
DMA,Dominica,Americas,2003,0.343,0.000343
DMA,Dominica,Americas,2004,0.367,0.000367
DMA,Dominica,Americas,2005,0.364,0.000364
DMA,Dominica,Americas,2006,0.39,0.00039
DMA,Dominica,Americas,2007,0.421,0.000421
DMA,Dominica,Americas,2008,0.458,0.000458
DMA,Dominica,Americas,2009,0.489,0.000489
DMA,Dominica,Americas,2010,0.494,0.000494
DMA,Dominica,Americas,2011,0.501,0.000501
DMA,Dominica,Americas,2012,0.486,0.000486
DMA,Dominica,Americas,2013,0.498,0.000498
DMA,Dominica,Americas,2014,0.52,0.00052
DMA,Dominica,Americas,2015,0.541,0.000541
DMA,Dominica,Americas,2016,0.576,0.000576
DMA,Dominica,Americas,2017,0.522,0.000522
DMA,Dominica,Americas,2018,0.555,0.000555
DMA,Dominica,Americas,2019,0.612,0.000612
DMA,Dominica,Americas,2020,0.504,0.000504
DMA,Dominica,Americas,2021,0.555,0.000555
DMA,Dominica,Americas,2022,0.607,0.000607
DMA,Dominica,Americas,2023,0.659,0.000659
DMA,Dominica,Americas,2024,0.689,0.000689
DMA,Dominica,Americas,2025,0.744,0.000744
DMA,Dominica,Americas,2026,0.791,0.000791
DMA,Dominica,Americas,2027,0.832,0.000832
DMA,Dominica,Americas,2028,0.873,0.000873
DMA,Dominica,Americas,2029,0.914,0.000914
DMA,Dominica,Americas,2030,0.953,0.000953
DMA,Dominica,Americas,2031,0.994,0.000994
DOM,Dominican Republic,Americas,1980,8.672,0.008672
DOM,Dominican Republic,Americas,1981,9.698,0.009698
DOM,Dominican Republic,Americas,1982,9.141,0.009141
DOM,Dominican Republic,Americas,1983,9.461,0.009461
DOM,Dominican Republic,Americas,1984,14.87,0.01487
DOM,Dominican Republic,Americas,1985,6.496,0.006496
DOM,Dominican Republic,Americas,1986,7.891,0.007891
DOM,Dominican Republic,Americas,1987,8.305,0.008305
DOM,Dominican Republic,Americas,1988,7.605,0.007605
DOM,Dominican Republic,Americas,1989,8.589,0.008589
DOM,Dominican Republic,Americas,1990,7.995,0.007995
DOM,Dominican Republic,Americas,1991,9.887,0.009887
DOM,Dominican Republic,Americas,1992,11.605,0.011605
DOM,Dominican Republic,Americas,1993,13.081,0.013081
DOM,Dominican Republic,Americas,1994,14.645,0.014645
DOM,Dominican Republic,Americas,1995,16.637,0.016637
DOM,Dominican Republic,Americas,1996,18.242,0.018242
DOM,Dominican Republic,Americas,1997,20.017,0.020017
DOM,Dominican Republic,Americas,1998,21.672,0.021672
DOM,Dominican Republic,Americas,1999,22.137,0.022137
DOM,Dominican Republic,Americas,2000,24.306,0.024306
DOM,Dominican Republic,Americas,2001,25.602,0.025602
DOM,Dominican Republic,Americas,2002,27.249,0.027249
DOM,Dominican Republic,Americas,2003,21.518,0.021518
DOM,Dominican Republic,Americas,2004,22.506,0.022506
DOM,Dominican Republic,Americas,2005,35.948,0.035948
DOM,Dominican Republic,Americas,2006,37.998,0.037998
DOM,Dominican Republic,Americas,2007,44.067,0.044067
DOM,Dominican Republic,Americas,2008,48.174,0.048174
DOM,Dominican Republic,Americas,2009,48.281,0.048281
DOM,Dominican Republic,Americas,2010,53.862,0.053862
DOM,Dominican Republic,Americas,2011,58.006,0.058006
DOM,Dominican Republic,Americas,2012,60.627,0.060627
DOM,Dominican Republic,Americas,2013,62.631,0.062631
DOM,Dominican Republic,Americas,2014,67.098,0.067098
DOM,Dominican Republic,Americas,2015,71.056,0.071056
DOM,Dominican Republic,Americas,2016,75.625,0.075625
DOM,Dominican Republic,Americas,2017,79.153,0.079153
DOM,Dominican Republic,Americas,2018,85.068,0.085068
DOM,Dominican Republic,Americas,2019,89.237,0.089237
DOM,Dominican Republic,Americas,2020,78.625,0.078625
DOM,Dominican Republic,Americas,2021,95.067,0.095067
DOM,Dominican Republic,Americas,2022,113.813,0.113813
DOM,Dominican Republic,Americas,2023,120.794,0.120794
DOM,Dominican Republic,Americas,2024,124.613,0.124613
DOM,Dominican Republic,Americas,2025,127.895,0.127895
DOM,Dominican Republic,Americas,2026,136.148,0.136148
DOM,Dominican Republic,Americas,2027,144.243,0.144243
DOM,Dominican Republic,Americas,2028,154.411,0.154411
DOM,Dominican Republic,Americas,2029,165.495,0.165495
DOM,Dominican Republic,Americas,2030,177.435,0.177435
DOM,Dominican Republic,Americas,2031,190.474,0.190474
ECU,Ecuador,Americas,1980,16.116,0.016116
ECU,Ecuador,Americas,1981,16.501,0.016501
ECU,Ecuador,Americas,1982,16.474,0.016474
ECU,Ecuador,Americas,1983,14.478,0.014478
ECU,Ecuador,Americas,1984,15.408,0.015408
ECU,Ecuador,Americas,1985,18.02,0.01802
ECU,Ecuador,Americas,1986,13.222,0.013222
ECU,Ecuador,Americas,1987,12.355,0.012355
ECU,Ecuador,Americas,1988,11.749,0.011749
ECU,Ecuador,Americas,1989,11.531,0.011531
ECU,Ecuador,Americas,1990,11.71,0.01171
ECU,Ecuador,Americas,1991,13.139,0.013139
ECU,Ecuador,Americas,1992,14.367,0.014367
ECU,Ecuador,Americas,1993,16.783,0.016783
ECU,Ecuador,Americas,1994,20.238,0.020238
ECU,Ecuador,Americas,1995,21.98,0.02198
ECU,Ecuador,Americas,1996,23.001,0.023001
ECU,Ecuador,Americas,1997,25.847,0.025847
ECU,Ecuador,Americas,1998,26.292,0.026292
ECU,Ecuador,Americas,1999,18.891,0.018891
ECU,Ecuador,Americas,2000,17.531,0.017531
ECU,Ecuador,Americas,2001,23.127,0.023127
ECU,Ecuador,Americas,2002,27.054,0.027054
ECU,Ecuador,Americas,2003,30.965,0.030965
ECU,Ecuador,Americas,2004,35.195,0.035195
ECU,Ecuador,Americas,2005,40.279,0.040279
ECU,Ecuador,Americas,2006,45.691,0.045691
ECU,Ecuador,Americas,2007,49.849,0.049849
ECU,Ecuador,Americas,2008,61.139,0.061139
ECU,Ecuador,Americas,2009,60.095,0.060095
ECU,Ecuador,Americas,2010,68.151,0.068151
ECU,Ecuador,Americas,2011,78.987,0.078987
ECU,Ecuador,Americas,2012,87.735,0.087735
ECU,Ecuador,Americas,2013,96.57,0.09657
ECU,Ecuador,Americas,2014,102.718,0.102718
ECU,Ecuador,Americas,2015,97.21,0.09721
ECU,Ecuador,Americas,2016,97.671,0.097671
ECU,Ecuador,Americas,2017,104.467,0.104467
ECU,Ecuador,Americas,2018,107.479,0.107479
ECU,Ecuador,Americas,2019,107.596,0.107596
ECU,Ecuador,Americas,2020,95.865,0.095865
ECU,Ecuador,Americas,2021,107.179,0.107179
ECU,Ecuador,Americas,2022,116.133,0.116133
ECU,Ecuador,Americas,2023,120.793,0.120793
ECU,Ecuador,Americas,2024,123.802,0.123802
ECU,Ecuador,Americas,2025,130.321,0.130321
ECU,Ecuador,Americas,2026,138.194,0.138194
ECU,Ecuador,Americas,2027,144.135,0.144135
ECU,Ecuador,Americas,2028,150.136,0.150136
ECU,Ecuador,Americas,2029,156.661,0.156661
ECU,Ecuador,Americas,2030,163.818,0.163818
ECU,Ecuador,Americas,2031,171.302,0.171302
EGY,Egypt,Africa,1980,23.523,0.023523
EGY,Egypt,Africa,1981,25.76,0.02576
EGY,Egypt,Africa,1982,30.479,0.030479
EGY,Egypt,Africa,1983,37.254,0.037254
EGY,Egypt,Africa,1984,41.888,0.041888
EGY,Egypt,Africa,1985,48.841,0.048841
EGY,Egypt,Africa,1986,54.076,0.054076
EGY,Egypt,Africa,1987,77.359,0.077359
EGY,Egypt,Africa,1988,92.53,0.09253
EGY,Egypt,Africa,1989,115.362,0.115362
EGY,Egypt,Africa,1990,96.087,0.096087
EGY,Egypt,Africa,1991,48.431,0.048431
EGY,Egypt,Africa,1992,44.168,0.044168
EGY,Egypt,Africa,1993,49.526,0.049526
EGY,Egypt,Africa,1994,54.55,0.05455
EGY,Egypt,Africa,1995,63.25,0.06325
EGY,Egypt,Africa,1996,71.118,0.071118
EGY,Egypt,Africa,1997,79.777,0.079777
EGY,Egypt,Africa,1998,89.189,0.089189
EGY,Egypt,Africa,1999,95.039,0.095039
EGY,Egypt,Africa,2000,104.752,0.104752
EGY,Egypt,Africa,2001,102.273,0.102273
EGY,Egypt,Africa,2002,90.261,0.090261
EGY,Egypt,Africa,2003,85.163,0.085163
EGY,Egypt,Africa,2004,82.855,0.082855
EGY,Egypt,Africa,2005,94.127,0.094127
EGY,Egypt,Africa,2006,112.902,0.112902
EGY,Egypt,Africa,2007,137.055,0.137055
EGY,Egypt,Africa,2008,170.797,0.170797
EGY,Egypt,Africa,2009,198.316,0.198316
EGY,Egypt,Africa,2010,230.024,0.230024
EGY,Egypt,Africa,2011,247.726,0.247726
EGY,Egypt,Africa,2012,294.482,0.294482
EGY,Egypt,Africa,2013,303.194,0.303194
EGY,Egypt,Africa,2014,321.634,0.321634
EGY,Egypt,Africa,2015,350.119,0.350119
EGY,Egypt,Africa,2016,351.443,0.351443
EGY,Egypt,Africa,2017,246.826,0.246826
EGY,Egypt,Africa,2018,263.156,0.263156
EGY,Egypt,Africa,2019,317.894,0.317894
EGY,Egypt,Africa,2020,382.525,0.382525
EGY,Egypt,Africa,2021,423.3,0.4233
EGY,Egypt,Africa,2022,475.231,0.475231
EGY,Egypt,Africa,2023,393.828,0.393828
EGY,Egypt,Africa,2024,383.105,0.383105
EGY,Egypt,Africa,2025,364.64,0.36464
EGY,Egypt,Africa,2026,429.645,0.429645
EGY,Egypt,Africa,2027,457.075,0.457075
EGY,Egypt,Africa,2028,508.47,0.50847
EGY,Egypt,Africa,2029,560.081,0.560081
EGY,Egypt,Africa,2030,610.982,0.610982
EGY,Egypt,Africa,2031,665.595,0.665595
SLV,El Salvador,Americas,1980,3.912,0.003912
SLV,El Salvador,Americas,1981,3.449,0.003449
SLV,El Salvador,Americas,1982,3.406,0.003406
SLV,El Salvador,Americas,1983,3.261,0.003261
SLV,El Salvador,Americas,1984,2.385,0.002385
SLV,El Salvador,Americas,1985,2.319,0.002319
SLV,El Salvador,Americas,1986,2.335,0.002335
SLV,El Salvador,Americas,1987,2.374,0.002374
SLV,El Salvador,Americas,1988,2.771,0.002771
SLV,El Salvador,Americas,1989,3.167,0.003167
SLV,El Salvador,Americas,1990,4.818,0.004818
SLV,El Salvador,Americas,1991,5.252,0.005252
SLV,El Salvador,Americas,1992,5.813,0.005813
SLV,El Salvador,Americas,1993,6.68,0.00668
SLV,El Salvador,Americas,1994,7.679,0.007679
SLV,El Salvador,Americas,1995,8.922,0.008922
SLV,El Salvador,Americas,1996,9.586,0.009586
SLV,El Salvador,Americas,1997,10.222,0.010222
SLV,El Salvador,Americas,1998,10.937,0.010937
SLV,El Salvador,Americas,1999,11.284,0.011284
SLV,El Salvador,Americas,2000,11.785,0.011785
SLV,El Salvador,Americas,2001,12.283,0.012283
SLV,El Salvador,Americas,2002,12.664,0.012664
SLV,El Salvador,Americas,2003,13.244,0.013244
SLV,El Salvador,Americas,2004,13.725,0.013725
SLV,El Salvador,Americas,2005,14.698,0.014698
SLV,El Salvador,Americas,2006,16.0,0.016
SLV,El Salvador,Americas,2007,17.012,0.017012
SLV,El Salvador,Americas,2008,17.987,0.017987
SLV,El Salvador,Americas,2009,17.602,0.017602
SLV,El Salvador,Americas,2010,18.448,0.018448
SLV,El Salvador,Americas,2011,20.284,0.020284
SLV,El Salvador,Americas,2012,21.386,0.021386
SLV,El Salvador,Americas,2013,21.991,0.021991
SLV,El Salvador,Americas,2014,22.593,0.022593
SLV,El Salvador,Americas,2015,23.438,0.023438
SLV,El Salvador,Americas,2016,24.191,0.024191
SLV,El Salvador,Americas,2017,24.979,0.024979
SLV,El Salvador,Americas,2018,26.021,0.026021
SLV,El Salvador,Americas,2019,26.881,0.026881
SLV,El Salvador,Americas,2020,24.921,0.024921
SLV,El Salvador,Americas,2021,29.043,0.029043
SLV,El Salvador,Americas,2022,31.87,0.03187
SLV,El Salvador,Americas,2023,33.854,0.033854
SLV,El Salvador,Americas,2024,35.365,0.035365
SLV,El Salvador,Americas,2025,37.268,0.037268
SLV,El Salvador,Americas,2026,39.838,0.039838
SLV,El Salvador,Americas,2027,42.139,0.042139
SLV,El Salvador,Americas,2028,44.588,0.044588
SLV,El Salvador,Americas,2029,47.085,0.047085
SLV,El Salvador,Americas,2030,49.568,0.049568
SLV,El Salvador,Americas,2031,52.243,0.052243
GNQ,Equatorial Guinea,Africa,1980,0.032,3.2e-05
GNQ,Equatorial Guinea,Africa,1981,0.03,3e-05
GNQ,Equatorial Guinea,Africa,1982,0.035,3.5e-05
GNQ,Equatorial Guinea,Africa,1983,0.04,4e-05
GNQ,Equatorial Guinea,Africa,1984,0.044,4.4e-05
GNQ,Equatorial Guinea,Africa,1985,0.074,7.4e-05
GNQ,Equatorial Guinea,Africa,1986,0.091,9.1e-05
GNQ,Equatorial Guinea,Africa,1987,0.111,0.000111
GNQ,Equatorial Guinea,Africa,1988,0.119,0.000119
GNQ,Equatorial Guinea,Africa,1989,0.105,0.000105
GNQ,Equatorial Guinea,Africa,1990,0.133,0.000133
GNQ,Equatorial Guinea,Africa,1991,0.132,0.000132
GNQ,Equatorial Guinea,Africa,1992,0.16,0.00016
GNQ,Equatorial Guinea,Africa,1993,0.162,0.000162
GNQ,Equatorial Guinea,Africa,1994,0.12,0.00012
GNQ,Equatorial Guinea,Africa,1995,0.169,0.000169
GNQ,Equatorial Guinea,Africa,1996,0.276,0.000276
GNQ,Equatorial Guinea,Africa,1997,0.526,0.000526
GNQ,Equatorial Guinea,Africa,1998,0.44,0.00044
GNQ,Equatorial Guinea,Africa,1999,0.738,0.000738
GNQ,Equatorial Guinea,Africa,2000,1.159,0.001159
GNQ,Equatorial Guinea,Africa,2001,1.674,0.001674
GNQ,Equatorial Guinea,Africa,2002,2.07,0.00207
GNQ,Equatorial Guinea,Africa,2003,3.733,0.003733
GNQ,Equatorial Guinea,Africa,2004,5.935,0.005935
GNQ,Equatorial Guinea,Africa,2005,8.191,0.008191
GNQ,Equatorial Guinea,Africa,2006,10.096,0.010096
GNQ,Equatorial Guinea,Africa,2007,13.091,0.013091
GNQ,Equatorial Guinea,Africa,2008,19.828,0.019828
GNQ,Equatorial Guinea,Africa,2009,15.072,0.015072
GNQ,Equatorial Guinea,Africa,2010,16.328,0.016328
GNQ,Equatorial Guinea,Africa,2011,21.354,0.021354
GNQ,Equatorial Guinea,Africa,2012,22.403,0.022403
GNQ,Equatorial Guinea,Africa,2013,21.949,0.021949
GNQ,Equatorial Guinea,Africa,2014,21.771,0.021771
GNQ,Equatorial Guinea,Africa,2015,13.187,0.013187
GNQ,Equatorial Guinea,Africa,2016,11.238,0.011238
GNQ,Equatorial Guinea,Africa,2017,12.197,0.012197
GNQ,Equatorial Guinea,Africa,2018,13.309,0.013309
GNQ,Equatorial Guinea,Africa,2019,11.365,0.011365
GNQ,Equatorial Guinea,Africa,2020,9.908,0.009908
GNQ,Equatorial Guinea,Africa,2021,12.222,0.012222
GNQ,Equatorial Guinea,Africa,2022,13.717,0.013717
GNQ,Equatorial Guinea,Africa,2023,12.339,0.012339
GNQ,Equatorial Guinea,Africa,2024,12.769,0.012769
GNQ,Equatorial Guinea,Africa,2025,12.484,0.012484
GNQ,Equatorial Guinea,Africa,2026,13.722,0.013722
GNQ,Equatorial Guinea,Africa,2027,13.504,0.013504
GNQ,Equatorial Guinea,Africa,2028,13.625,0.013625
GNQ,Equatorial Guinea,Africa,2029,14.192,0.014192
GNQ,Equatorial Guinea,Africa,2030,14.982,0.014982
GNQ,Equatorial Guinea,Africa,2031,15.727,0.015727
ERI,Eritrea,Africa,1992,0.606,0.000606
ERI,Eritrea,Africa,1993,0.374,0.000374
ERI,Eritrea,Africa,1994,0.433,0.000433
ERI,Eritrea,Africa,1995,0.483,0.000483
ERI,Eritrea,Africa,1996,0.579,0.000579
ERI,Eritrea,Africa,1997,0.594,0.000594
ERI,Eritrea,Africa,1998,0.626,0.000626
ERI,Eritrea,Africa,1999,0.614,0.000614
ERI,Eritrea,Africa,2000,0.547,0.000547
ERI,Eritrea,Africa,2001,0.582,0.000582
ERI,Eritrea,Africa,2002,0.564,0.000564
ERI,Eritrea,Africa,2003,0.673,0.000673
ERI,Eritrea,Africa,2004,0.858,0.000858
ERI,Eritrea,Africa,2005,0.85,0.00085
ERI,Eritrea,Africa,2006,0.937,0.000937
ERI,Eritrea,Africa,2007,1.02,0.00102
ERI,Eritrea,Africa,2008,0.923,0.000923
ERI,Eritrea,Africa,2009,1.297,0.001297
ERI,Eritrea,Africa,2010,1.59,0.00159
ERI,Eritrea,Africa,2011,2.065,0.002065
ERI,Eritrea,Africa,2012,2.255,0.002255
ERI,Eritrea,Africa,2013,1.958,0.001958
ERI,Eritrea,Africa,2014,2.604,0.002604
ERI,Eritrea,Africa,2015,2.016,0.002016
ERI,Eritrea,Africa,2016,2.213,0.002213
ERI,Eritrea,Africa,2017,1.904,0.001904
ERI,Eritrea,Africa,2018,2.006,0.002006
ERI,Eritrea,Africa,2019,1.982,0.001982
EST,Estonia,Europe,1993,1.791,0.001791
EST,Estonia,Europe,1994,2.507,0.002507
EST,Estonia,Europe,1995,3.909,0.003909
EST,Estonia,Europe,1996,4.785,0.004785
EST,Estonia,Europe,1997,5.16,0.00516
EST,Estonia,Europe,1998,5.678,0.005678
EST,Estonia,Europe,1999,5.771,0.005771
EST,Estonia,Europe,2000,5.707,0.005707
EST,Estonia,Europe,2001,6.265,0.006265
EST,Estonia,Europe,2002,7.393,0.007393
EST,Estonia,Europe,2003,9.894,0.009894
EST,Estonia,Europe,2004,12.161,0.012161
EST,Estonia,Europe,2005,14.129,0.014129
EST,Estonia,Europe,2006,17.049,0.017049
EST,Estonia,Europe,2007,22.478,0.022478
EST,Estonia,Europe,2008,24.434,0.024434
EST,Estonia,Europe,2009,19.694,0.019694
EST,Estonia,Europe,2010,19.569,0.019569
EST,Estonia,Europe,2011,23.3,0.0233
EST,Estonia,Europe,2012,23.252,0.023252
EST,Estonia,Europe,2013,25.451,0.025451
EST,Estonia,Europe,2014,27.063,0.027063
EST,Estonia,Europe,2015,23.314,0.023314
EST,Estonia,Europe,2016,24.554,0.024554
EST,Estonia,Europe,2017,27.46,0.02746
EST,Estonia,Europe,2018,31.237,0.031237
EST,Estonia,Europe,2019,31.877,0.031877
EST,Estonia,Europe,2020,31.795,0.031795
EST,Estonia,Europe,2021,37.226,0.037226
EST,Estonia,Europe,2022,38.257,0.038257
EST,Estonia,Europe,2023,41.482,0.041482
EST,Estonia,Europe,2024,43.117,0.043117
EST,Estonia,Europe,2025,47.004,0.047004
EST,Estonia,Europe,2026,51.634,0.051634
EST,Estonia,Europe,2027,54.2,0.0542
EST,Estonia,Europe,2028,57.062,0.057062
EST,Estonia,Europe,2029,59.802,0.059802
EST,Estonia,Europe,2030,62.434,0.062434
EST,Estonia,Europe,2031,65.152,0.065152
SWZ,Eswatini,Africa,1980,0.732,0.000732
SWZ,Eswatini,Africa,1981,0.775,0.000775
SWZ,Eswatini,Africa,1982,0.693,0.000693
SWZ,Eswatini,Africa,1983,0.713,0.000713
SWZ,Eswatini,Africa,1984,0.61,0.00061
SWZ,Eswatini,Africa,1985,0.482,0.000482
SWZ,Eswatini,Africa,1986,0.617,0.000617
SWZ,Eswatini,Africa,1987,0.807,0.000807
SWZ,Eswatini,Africa,1988,0.958,0.000958
SWZ,Eswatini,Africa,1989,0.977,0.000977
SWZ,Eswatini,Africa,1990,1.201,0.001201
SWZ,Eswatini,Africa,1991,1.247,0.001247
SWZ,Eswatini,Africa,1992,1.384,0.001384
SWZ,Eswatini,Africa,1993,1.453,0.001453
SWZ,Eswatini,Africa,1994,1.574,0.001574
SWZ,Eswatini,Africa,1995,1.876,0.001876
SWZ,Eswatini,Africa,1996,1.776,0.001776
SWZ,Eswatini,Africa,1997,1.9,0.0019
SWZ,Eswatini,Africa,1998,1.744,0.001744
SWZ,Eswatini,Africa,1999,1.712,0.001712
SWZ,Eswatini,Africa,2000,1.689,0.001689
SWZ,Eswatini,Africa,2001,1.499,0.001499
SWZ,Eswatini,Africa,2002,1.394,0.001394
SWZ,Eswatini,Africa,2003,2.133,0.002133
SWZ,Eswatini,Africa,2004,2.693,0.002693
SWZ,Eswatini,Africa,2005,3.084,0.003084
SWZ,Eswatini,Africa,2006,3.197,0.003197
SWZ,Eswatini,Africa,2007,3.364,0.003364
SWZ,Eswatini,Africa,2008,3.202,0.003202
SWZ,Eswatini,Africa,2009,3.491,0.003491
SWZ,Eswatini,Africa,2010,4.309,0.004309
SWZ,Eswatini,Africa,2011,4.685,0.004685
SWZ,Eswatini,Africa,2012,4.744,0.004744
SWZ,Eswatini,Africa,2013,4.466,0.004466
SWZ,Eswatini,Africa,2014,4.288,0.004288
SWZ,Eswatini,Africa,2015,3.906,0.003906
SWZ,Eswatini,Africa,2016,3.721,0.003721
SWZ,Eswatini,Africa,2017,4.467,0.004467
SWZ,Eswatini,Africa,2018,4.644,0.004644
SWZ,Eswatini,Africa,2019,4.617,0.004617
SWZ,Eswatini,Africa,2020,4.136,0.004136
SWZ,Eswatini,Africa,2021,4.807,0.004807
SWZ,Eswatini,Africa,2022,4.747,0.004747
SWZ,Eswatini,Africa,2023,4.621,0.004621
SWZ,Eswatini,Africa,2024,4.855,0.004855
SWZ,Eswatini,Africa,2025,5.166,0.005166
SWZ,Eswatini,Africa,2026,5.792,0.005792
SWZ,Eswatini,Africa,2027,5.961,0.005961
SWZ,Eswatini,Africa,2028,6.19,0.00619
SWZ,Eswatini,Africa,2029,6.476,0.006476
SWZ,Eswatini,Africa,2030,6.775,0.006775
SWZ,Eswatini,Africa,2031,7.086,0.007086
ETH,Ethiopia,Africa,1980,7.385,0.007385
ETH,Ethiopia,Africa,1981,7.578,0.007578
ETH,Ethiopia,Africa,1982,7.973,0.007973
ETH,Ethiopia,Africa,1983,8.863,0.008863
ETH,Ethiopia,Africa,1984,8.375,0.008375
ETH,Ethiopia,Africa,1985,9.808,0.009808
ETH,Ethiopia,Africa,1986,10.188,0.010188
ETH,Ethiopia,Africa,1987,10.89,0.01089
ETH,Ethiopia,Africa,1988,11.285,0.011285
ETH,Ethiopia,Africa,1989,11.872,0.011872
ETH,Ethiopia,Africa,1990,12.595,0.012595
ETH,Ethiopia,Africa,1991,13.928,0.013928
ETH,Ethiopia,Africa,1992,14.696,0.014696
ETH,Ethiopia,Africa,1993,9.143,0.009143
ETH,Ethiopia,Africa,1994,8.135,0.008135
ETH,Ethiopia,Africa,1995,7.887,0.007887
ETH,Ethiopia,Africa,1996,8.794,0.008794
ETH,Ethiopia,Africa,1997,8.621,0.008621
ETH,Ethiopia,Africa,1998,7.815,0.007815
ETH,Ethiopia,Africa,1999,7.515,0.007515
ETH,Ethiopia,Africa,2000,8.167,0.008167
ETH,Ethiopia,Africa,2001,8.103,0.008103
ETH,Ethiopia,Africa,2002,7.828,0.007828
ETH,Ethiopia,Africa,2003,8.604,0.008604
ETH,Ethiopia,Africa,2004,10.122,0.010122
ETH,Ethiopia,Africa,2005,12.387,0.012387
ETH,Ethiopia,Africa,2006,15.31,0.01531
ETH,Ethiopia,Africa,2007,19.329,0.019329
ETH,Ethiopia,Africa,2008,26.25,0.02625
ETH,Ethiopia,Africa,2009,28.672,0.028672
ETH,Ethiopia,Africa,2010,26.887,0.026887
ETH,Ethiopia,Africa,2011,30.48,0.03048
ETH,Ethiopia,Africa,2012,42.221,0.042221
ETH,Ethiopia,Africa,2013,46.544,0.046544
ETH,Ethiopia,Africa,2014,54.165,0.054165
ETH,Ethiopia,Africa,2015,63.081,0.063081
ETH,Ethiopia,Africa,2016,72.12,0.07212
ETH,Ethiopia,Africa,2017,76.841,0.076841
ETH,Ethiopia,Africa,2018,80.207,0.080207
ETH,Ethiopia,Africa,2019,92.608,0.092608
ETH,Ethiopia,Africa,2020,96.611,0.096611
ETH,Ethiopia,Africa,2021,99.261,0.099261
ETH,Ethiopia,Africa,2022,118.958,0.118958
ETH,Ethiopia,Africa,2023,159.761,0.159761
ETH,Ethiopia,Africa,2024,142.073,0.142073
ETH,Ethiopia,Africa,2025,109.109,0.109109
ETH,Ethiopia,Africa,2026,121.527,0.121527
ETH,Ethiopia,Africa,2027,140.912,0.140912
ETH,Ethiopia,Africa,2028,160.907,0.160907
ETH,Ethiopia,Africa,2029,184.983,0.184983
ETH,Ethiopia,Africa,2030,211.587,0.211587
ETH,Ethiopia,Africa,2031,242.553,0.242553
FJI,Fiji,Oceania,1980,1.303,0.001303
FJI,Fiji,Oceania,1981,1.339,0.001339
FJI,Fiji,Oceania,1982,1.293,0.001293
FJI,Fiji,Oceania,1983,1.217,0.001217
FJI,Fiji,Oceania,1984,1.276,0.001276
FJI,Fiji,Oceania,1985,1.236,0.001236
FJI,Fiji,Oceania,1986,1.398,0.001398
FJI,Fiji,Oceania,1987,1.276,0.001276
FJI,Fiji,Oceania,1988,1.202,0.001202
FJI,Fiji,Oceania,1989,1.281,0.001281
FJI,Fiji,Oceania,1990,1.448,0.001448
FJI,Fiji,Oceania,1991,1.5,0.0015
FJI,Fiji,Oceania,1992,1.659,0.001659
FJI,Fiji,Oceania,1993,1.772,0.001772
FJI,Fiji,Oceania,1994,1.977,0.001977
FJI,Fiji,Oceania,1995,2.134,0.002134
FJI,Fiji,Oceania,1996,2.307,0.002307
FJI,Fiji,Oceania,1997,2.268,0.002268
FJI,Fiji,Oceania,1998,1.795,0.001795
FJI,Fiji,Oceania,1999,2.104,0.002104
FJI,Fiji,Oceania,2000,1.824,0.001824
FJI,Fiji,Oceania,2001,1.798,0.001798
FJI,Fiji,Oceania,2002,1.996,0.001996
FJI,Fiji,Oceania,2003,2.509,0.002509
FJI,Fiji,Oceania,2004,2.954,0.002954
FJI,Fiji,Oceania,2005,3.257,0.003257
FJI,Fiji,Oceania,2006,3.361,0.003361
FJI,Fiji,Oceania,2007,3.688,0.003688
FJI,Fiji,Oceania,2008,3.816,0.003816
FJI,Fiji,Oceania,2009,3.106,0.003106
FJI,Fiji,Oceania,2010,3.402,0.003402
FJI,Fiji,Oceania,2011,4.094,0.004094
FJI,Fiji,Oceania,2012,4.303,0.004303
FJI,Fiji,Oceania,2013,4.539,0.004539
FJI,Fiji,Oceania,2014,4.857,0.004857
FJI,Fiji,Oceania,2015,4.682,0.004682
FJI,Fiji,Oceania,2016,4.93,0.00493
FJI,Fiji,Oceania,2017,5.353,0.005353
FJI,Fiji,Oceania,2018,5.581,0.005581
FJI,Fiji,Oceania,2019,5.345,0.005345
FJI,Fiji,Oceania,2020,4.228,0.004228
FJI,Fiji,Oceania,2021,4.159,0.004159
FJI,Fiji,Oceania,2022,4.978,0.004978
FJI,Fiji,Oceania,2023,5.477,0.005477
FJI,Fiji,Oceania,2024,5.968,0.005968
FJI,Fiji,Oceania,2025,6.041,0.006041
FJI,Fiji,Oceania,2026,6.352,0.006352
FJI,Fiji,Oceania,2027,6.663,0.006663
FJI,Fiji,Oceania,2028,7.013,0.007013
FJI,Fiji,Oceania,2029,7.393,0.007393
FJI,Fiji,Oceania,2030,7.804,0.007804
FJI,Fiji,Oceania,2031,8.457,0.008457
FIN,Finland,Europe,1980,53.714,0.053714
FIN,Finland,Europe,1981,52.62,0.05262
FIN,Finland,Europe,1982,53.111,0.053111
FIN,Finland,Europe,1983,51.056,0.051056
FIN,Finland,Europe,1984,53.032,0.053032
FIN,Finland,Europe,1985,56.223,0.056223
FIN,Finland,Europe,1986,73.652,0.073652
FIN,Finland,Europe,1987,91.775,0.091775
FIN,Finland,Europe,1988,109.255,0.109255
FIN,Finland,Europe,1989,119.106,0.119106
FIN,Finland,Europe,1990,141.726,0.141726
FIN,Finland,Europe,1991,128.215,0.128215
FIN,Finland,Europe,1992,113.139,0.113139
FIN,Finland,Europe,1993,89.177,0.089177
FIN,Finland,Europe,1994,103.621,0.103621
FIN,Finland,Europe,1995,134.21,0.13421
FIN,Finland,Europe,1996,132.046,0.132046
FIN,Finland,Europe,1997,127.027,0.127027
FIN,Finland,Europe,1998,134.164,0.134164
FIN,Finland,Europe,1999,135.369,0.135369
FIN,Finland,Europe,2000,126.023,0.126023
FIN,Finland,Europe,2001,129.521,0.129521
FIN,Finland,Europe,2002,140.262,0.140262
FIN,Finland,Europe,2003,171.57,0.17157
FIN,Finland,Europe,2004,197.369,0.197369
FIN,Finland,Europe,2005,204.973,0.204973
FIN,Finland,Europe,2006,217.056,0.217056
FIN,Finland,Europe,2007,256.39,0.25639
FIN,Finland,Europe,2008,285.667,0.285667
FIN,Finland,Europe,2009,253.206,0.253206
FIN,Finland,Europe,2010,249.633,0.249633
FIN,Finland,Europe,2011,275.079,0.275079
FIN,Finland,Europe,2012,257.606,0.257606
FIN,Finland,Europe,2013,270.272,0.270272
FIN,Finland,Europe,2014,273.549,0.273549
FIN,Finland,Europe,2015,233.234,0.233234
FIN,Finland,Europe,2016,238.712,0.238712
FIN,Finland,Europe,2017,253.757,0.253757
FIN,Finland,Europe,2018,273.993,0.273993
FIN,Finland,Europe,2019,267.044,0.267044
FIN,Finland,Europe,2020,269.784,0.269784
FIN,Finland,Europe,2021,294.419,0.294419
FIN,Finland,Europe,2022,280.474,0.280474
FIN,Finland,Europe,2023,295.277,0.295277
FIN,Finland,Europe,2024,298.639,0.298639
FIN,Finland,Europe,2025,316.86,0.31686
FIN,Finland,Europe,2026,337.669,0.337669
FIN,Finland,Europe,2027,350.306,0.350306
FIN,Finland,Europe,2028,361.677,0.361677
FIN,Finland,Europe,2029,374.786,0.374786
FIN,Finland,Europe,2030,388.605,0.388605
FIN,Finland,Europe,2031,402.417,0.402417
FRA,France,Europe,1980,695.475,0.695475
FRA,France,Europe,1981,612.552,0.612552
FRA,France,Europe,1982,581.254,0.581254
FRA,France,Europe,1983,555.956,0.555956
FRA,France,Europe,1984,526.671,0.526671
FRA,France,Europe,1985,551.596,0.551596
FRA,France,Europe,1986,766.302,0.766302
FRA,France,Europe,1987,927.257,0.927257
FRA,France,Europe,1988,1012.843,1.012843
FRA,France,Europe,1989,1017.702,1.017702
FRA,France,Europe,1990,1260.874,1.260874
FRA,France,Europe,1991,1263.244,1.263244
FRA,France,Europe,1992,1392.563,1.392563
FRA,France,Europe,1993,1315.795,1.315795
FRA,France,Europe,1994,1388.477,1.388477
FRA,France,Europe,1995,1596.25,1.59625
FRA,France,Europe,1996,1599.248,1.599248
FRA,France,Europe,1997,1451.058,1.451058
FRA,France,Europe,1998,1498.974,1.498974
FRA,France,Europe,1999,1488.392,1.488392
FRA,France,Europe,2000,1361.56,1.36156
FRA,France,Europe,2001,1370.386,1.370386
FRA,France,Europe,2002,1491.373,1.491373
FRA,France,Europe,2003,1834.637,1.834637
FRA,France,Europe,2004,2108.835,2.108835
FRA,France,Europe,2005,2193.358,2.193358
FRA,France,Europe,2006,2317.985,2.317985
FRA,France,Europe,2007,2656.13,2.65613
FRA,France,Europe,2008,2926.483,2.926483
FRA,France,Europe,2009,2697.144,2.697144
FRA,France,Europe,2010,2648.391,2.648391
FRA,France,Europe,2011,2869.903,2.869903
FRA,France,Europe,2012,2684.706,2.684706
FRA,France,Europe,2013,2816.119,2.816119
FRA,France,Europe,2014,2861.973,2.861973
FRA,France,Europe,2015,2442.731,2.442731
FRA,France,Europe,2016,2469.726,2.469726
FRA,France,Europe,2017,2587.955,2.587955
FRA,France,Europe,2018,2782.838,2.782838
FRA,France,Europe,2019,2723.094,2.723094
FRA,France,Europe,2020,2645.806,2.645806
FRA,France,Europe,2021,2968.405,2.968405
FRA,France,Europe,2022,2796.987,2.796987
FRA,France,Europe,2023,3061.095,3.061095
FRA,France,Europe,2024,3161.042,3.161042
FRA,France,Europe,2025,3368.925,3.368925
FRA,France,Europe,2026,3596.094,3.596094
FRA,France,Europe,2027,3672.073,3.672073
FRA,France,Europe,2028,3775.707,3.775707
FRA,France,Europe,2029,3888.624,3.888624
FRA,France,Europe,2030,4004.118,4.004118
FRA,France,Europe,2031,4116.865,4.116865
GAB,Gabon,Africa,1980,4.559,0.004559
GAB,Gabon,Africa,1981,4.111,0.004111
GAB,Gabon,Africa,1982,3.853,0.003853
GAB,Gabon,Africa,1983,3.689,0.003689
GAB,Gabon,Africa,1984,3.547,0.003547
GAB,Gabon,Africa,1985,3.736,0.003736
GAB,Gabon,Africa,1986,4.889,0.004889
GAB,Gabon,Africa,1987,3.699,0.003699
GAB,Gabon,Africa,1988,4.079,0.004079
GAB,Gabon,Africa,1989,4.458,0.004458
GAB,Gabon,Africa,1990,6.339,0.006339
GAB,Gabon,Africa,1991,5.754,0.005754
GAB,Gabon,Africa,1992,5.955,0.005955
GAB,Gabon,Africa,1993,5.757,0.005757
GAB,Gabon,Africa,1994,4.463,0.004463
GAB,Gabon,Africa,1995,5.281,0.005281
GAB,Gabon,Africa,1996,6.064,0.006064
GAB,Gabon,Africa,1997,5.673,0.005673
GAB,Gabon,Africa,1998,4.774,0.004774
GAB,Gabon,Africa,1999,4.966,0.004966
GAB,Gabon,Africa,2000,5.397,0.005397
GAB,Gabon,Africa,2001,5.023,0.005023
GAB,Gabon,Africa,2002,5.332,0.005332
GAB,Gabon,Africa,2003,6.51,0.00651
GAB,Gabon,Africa,2004,7.767,0.007767
GAB,Gabon,Africa,2005,9.468,0.009468
GAB,Gabon,Africa,2006,10.164,0.010164
GAB,Gabon,Africa,2007,12.457,0.012457
GAB,Gabon,Africa,2008,15.57,0.01557
GAB,Gabon,Africa,2009,12.188,0.012188
GAB,Gabon,Africa,2010,14.384,0.014384
GAB,Gabon,Africa,2011,18.207,0.018207
GAB,Gabon,Africa,2012,17.181,0.017181
GAB,Gabon,Africa,2013,17.596,0.017596
GAB,Gabon,Africa,2014,18.209,0.018209
GAB,Gabon,Africa,2015,14.385,0.014385
GAB,Gabon,Africa,2016,14.02,0.01402
GAB,Gabon,Africa,2017,14.924,0.014924
GAB,Gabon,Africa,2018,16.83,0.01683
GAB,Gabon,Africa,2019,16.875,0.016875
GAB,Gabon,Africa,2020,15.364,0.015364
GAB,Gabon,Africa,2021,19.455,0.019455
GAB,Gabon,Africa,2022,20.485,0.020485
GAB,Gabon,Africa,2023,20.059,0.020059
GAB,Gabon,Africa,2024,20.9,0.0209
GAB,Gabon,Africa,2025,21.624,0.021624
GAB,Gabon,Africa,2026,23.363,0.023363
GAB,Gabon,Africa,2027,24.185,0.024185
GAB,Gabon,Africa,2028,25.231,0.025231
GAB,Gabon,Africa,2029,26.416,0.026416
GAB,Gabon,Africa,2030,27.64,0.02764
GAB,Gabon,Africa,2031,28.906,0.028906
GMB,Gambia,Africa,1980,0.606,0.000606
GMB,Gambia,Africa,1981,0.58,0.00058
GMB,Gambia,Africa,1982,0.547,0.000547
GMB,Gambia,Africa,1983,0.55,0.00055
GMB,Gambia,Africa,1984,0.396,0.000396
GMB,Gambia,Africa,1985,0.482,0.000482
GMB,Gambia,Africa,1986,0.376,0.000376
GMB,Gambia,Africa,1987,0.504,0.000504
GMB,Gambia,Africa,1988,0.585,0.000585
GMB,Gambia,Africa,1989,0.614,0.000614
GMB,Gambia,Africa,1990,0.721,0.000721
GMB,Gambia,Africa,1991,0.76,0.00076
GMB,Gambia,Africa,1992,0.82,0.00082
GMB,Gambia,Africa,1993,0.878,0.000878
GMB,Gambia,Africa,1994,0.87,0.00087
GMB,Gambia,Africa,1995,0.909,0.000909
GMB,Gambia,Africa,1996,0.949,0.000949
GMB,Gambia,Africa,1997,0.983,0.000983
GMB,Gambia,Africa,1998,1.009,0.001009
GMB,Gambia,Africa,1999,1.036,0.001036
GMB,Gambia,Africa,2000,1.01,0.00101
GMB,Gambia,Africa,2001,1.002,0.001002
GMB,Gambia,Africa,2002,0.887,0.000887
GMB,Gambia,Africa,2003,0.843,0.000843
GMB,Gambia,Africa,2004,0.962,0.000962
GMB,Gambia,Africa,2005,1.028,0.001028
GMB,Gambia,Africa,2006,1.054,0.001054
GMB,Gambia,Africa,2007,1.28,0.00128
GMB,Gambia,Africa,2008,1.562,0.001562
GMB,Gambia,Africa,2009,1.45,0.00145
GMB,Gambia,Africa,2010,1.543,0.001543
GMB,Gambia,Africa,2011,1.41,0.00141
GMB,Gambia,Africa,2012,1.415,0.001415
GMB,Gambia,Africa,2013,1.376,0.001376
GMB,Gambia,Africa,2014,1.229,0.001229
GMB,Gambia,Africa,2015,1.355,0.001355
GMB,Gambia,Africa,2016,1.47,0.00147
GMB,Gambia,Africa,2017,1.498,0.001498
GMB,Gambia,Africa,2018,1.662,0.001662
GMB,Gambia,Africa,2019,1.806,0.001806
GMB,Gambia,Africa,2020,1.809,0.001809
GMB,Gambia,Africa,2021,2.045,0.002045
GMB,Gambia,Africa,2022,2.135,0.002135
GMB,Gambia,Africa,2023,2.331,0.002331
GMB,Gambia,Africa,2024,2.403,0.002403
GMB,Gambia,Africa,2025,2.584,0.002584
GMB,Gambia,Africa,2026,2.792,0.002792
GMB,Gambia,Africa,2027,3.021,0.003021
GMB,Gambia,Africa,2028,3.273,0.003273
GMB,Gambia,Africa,2029,3.516,0.003516
GMB,Gambia,Africa,2030,3.793,0.003793
GMB,Gambia,Africa,2031,4.106,0.004106
GEO,Georgia,Asia,1994,0.85,0.00085
GEO,Georgia,Asia,1995,1.961,0.001961
GEO,Georgia,Asia,1996,3.148,0.003148
GEO,Georgia,Asia,1997,3.608,0.003608
GEO,Georgia,Asia,1998,3.73,0.00373
GEO,Georgia,Asia,1999,2.898,0.002898
GEO,Georgia,Asia,2000,3.144,0.003144
GEO,Georgia,Asia,2001,3.311,0.003311
GEO,Georgia,Asia,2002,3.493,0.003493
GEO,Georgia,Asia,2003,4.103,0.004103
GEO,Georgia,Asia,2004,5.269,0.005269
GEO,Georgia,Asia,2005,6.59,0.00659
GEO,Georgia,Asia,2006,7.979,0.007979
GEO,Georgia,Asia,2007,10.458,0.010458
GEO,Georgia,Asia,2008,13.158,0.013158
GEO,Georgia,Asia,2009,11.069,0.011069
GEO,Georgia,Asia,2010,12.425,0.012425
GEO,Georgia,Asia,2011,15.475,0.015475
GEO,Georgia,Asia,2012,16.894,0.016894
GEO,Georgia,Asia,2013,17.516,0.017516
GEO,Georgia,Asia,2014,17.966,0.017966
GEO,Georgia,Asia,2015,15.223,0.015223
GEO,Georgia,Asia,2016,15.445,0.015445
GEO,Georgia,Asia,2017,16.472,0.016472
GEO,Georgia,Asia,2018,17.905,0.017905
GEO,Georgia,Asia,2019,17.645,0.017645
GEO,Georgia,Asia,2020,16.013,0.016013
GEO,Georgia,Asia,2021,18.849,0.018849
GEO,Georgia,Asia,2022,24.985,0.024985
GEO,Georgia,Asia,2023,30.778,0.030778
GEO,Georgia,Asia,2024,34.191,0.034191
GEO,Georgia,Asia,2025,38.216,0.038216
GEO,Georgia,Asia,2026,42.716,0.042716
GEO,Georgia,Asia,2027,46.7,0.0467
GEO,Georgia,Asia,2028,51.138,0.051138
GEO,Georgia,Asia,2029,56.063,0.056063
GEO,Georgia,Asia,2030,61.501,0.061501
GEO,Georgia,Asia,2031,67.449,0.067449
DEU,Germany,Europe,1980,856.833,0.856833
DEU,Germany,Europe,1981,720.895,0.720895
DEU,Germany,Europe,1982,696.088,0.696088
DEU,Germany,Europe,1983,694.447,0.694447
DEU,Germany,Europe,1984,654.289,0.654289
DEU,Germany,Europe,1985,663.459,0.663459
DEU,Germany,Europe,1986,947.583,0.947583
DEU,Germany,Europe,1987,1179.165,1.179165
DEU,Germany,Europe,1988,1271.263,1.271263
DEU,Germany,Europe,1989,1262.0,1.262
DEU,Germany,Europe,1990,1604.497,1.604497
DEU,Germany,Europe,1991,1882.489,1.882489
DEU,Germany,Europe,1992,2146.14,2.14614
DEU,Germany,Europe,1993,2080.092,2.080092
DEU,Germany,Europe,1994,2220.165,2.220165
DEU,Germany,Europe,1995,2595.269,2.595269
DEU,Germany,Europe,1996,2507.448,2.507448
DEU,Germany,Europe,1997,2221.504,2.221504
DEU,Germany,Europe,1998,2250.847,2.250847
DEU,Germany,Europe,1999,2216.072,2.216072
DEU,Germany,Europe,2000,1967.85,1.96785
DEU,Germany,Europe,2001,1966.395,1.966395
DEU,Germany,Europe,2002,2100.865,2.100865
DEU,Germany,Europe,2003,2534.081,2.534081
DEU,Germany,Europe,2004,2851.023,2.851023
DEU,Germany,Europe,2005,2894.992,2.894992
DEU,Germany,Europe,2006,3046.47,3.04647
DEU,Germany,Europe,2007,3484.467,3.484467
DEU,Germany,Europe,2008,3807.781,3.807781
DEU,Germany,Europe,2009,3474.768,3.474768
DEU,Germany,Europe,2010,3469.925,3.469925
DEU,Germany,Europe,2011,3822.903,3.822903
DEU,Germany,Europe,2012,3598.761,3.598761
DEU,Germany,Europe,2013,3807.079,3.807079
DEU,Germany,Europe,2014,3965.893,3.965893
DEU,Germany,Europe,2015,3425.446,3.425446
DEU,Germany,Europe,2016,3535.812,3.535812
DEU,Germany,Europe,2017,3764.023,3.764023
DEU,Germany,Europe,2018,4057.272,4.057272
DEU,Germany,Europe,2019,3960.332,3.960332
DEU,Germany,Europe,2020,3938.244,3.938244
DEU,Germany,Europe,2021,4358.147,4.358147
DEU,Germany,Europe,2022,4204.327,4.204327
DEU,Germany,Europe,2023,4563.523,4.563523
DEU,Germany,Europe,2024,4684.182,4.684182
DEU,Germany,Europe,2025,5048.059,5.048059
DEU,Germany,Europe,2026,5452.858,5.452858
DEU,Germany,Europe,2027,5642.156,5.642156
DEU,Germany,Europe,2028,5818.884,5.818884
DEU,Germany,Europe,2029,6003.131,6.003131
DEU,Germany,Europe,2030,6178.303,6.178303
DEU,Germany,Europe,2031,6351.962,6.351962
GHA,Ghana,Africa,1980,38.684,0.038684
GHA,Ghana,Africa,1981,61.487,0.061487
GHA,Ghana,Africa,1982,70.954,0.070954
GHA,Ghana,Africa,1983,49.337,0.049337
GHA,Ghana,Africa,1984,17.998,0.017998
GHA,Ghana,Africa,1985,15.97,0.01597
GHA,Ghana,Africa,1986,15.086,0.015086
GHA,Ghana,Africa,1987,12.692,0.012692
GHA,Ghana,Africa,1988,13.566,0.013566
GHA,Ghana,Africa,1989,13.723,0.013723
GHA,Ghana,Africa,1990,15.882,0.015882
GHA,Ghana,Africa,1991,17.795,0.017795
GHA,Ghana,Africa,1992,17.666,0.017666
GHA,Ghana,Africa,1993,14.532,0.014532
GHA,Ghana,Africa,1994,13.433,0.013433
GHA,Ghana,Africa,1995,15.692,0.015692
GHA,Ghana,Africa,1996,16.629,0.016629
GHA,Ghana,Africa,1997,17.024,0.017024
GHA,Ghana,Africa,1998,18.528,0.018528
GHA,Ghana,Africa,1999,19.165,0.019165
GHA,Ghana,Africa,2000,12.349,0.012349
GHA,Ghana,Africa,2001,13.113,0.013113
GHA,Ghana,Africa,2002,15.229,0.015229
GHA,Ghana,Africa,2003,18.79,0.01879
GHA,Ghana,Africa,2004,21.754,0.021754
GHA,Ghana,Africa,2005,26.415,0.026415
GHA,Ghana,Africa,2006,30.963,0.030963
GHA,Ghana,Africa,2007,36.544,0.036544
GHA,Ghana,Africa,2008,41.323,0.041323
GHA,Ghana,Africa,2009,37.127,0.037127
GHA,Ghana,Africa,2010,45.447,0.045447
GHA,Ghana,Africa,2011,53.625,0.053625
GHA,Ghana,Africa,2012,55.8,0.0558
GHA,Ghana,Africa,2013,62.846,0.062846
GHA,Ghana,Africa,2014,54.678,0.054678
GHA,Ghana,Africa,2015,49.437,0.049437
GHA,Ghana,Africa,2016,56.144,0.056144
GHA,Ghana,Africa,2017,60.385,0.060385
GHA,Ghana,Africa,2018,67.259,0.067259
GHA,Ghana,Africa,2019,68.353,0.068353
GHA,Ghana,Africa,2020,70.008,0.070008
GHA,Ghana,Africa,2021,79.514,0.079514
GHA,Ghana,Africa,2022,73.919,0.073919
GHA,Ghana,Africa,2023,80.547,0.080547
GHA,Ghana,Africa,2024,83.289,0.083289
GHA,Ghana,Africa,2025,114.708,0.114708
GHA,Ghana,Africa,2026,118.293,0.118293
GHA,Ghana,Africa,2027,120.962,0.120962
GHA,Ghana,Africa,2028,125.294,0.125294
GHA,Ghana,Africa,2029,133.196,0.133196
GHA,Ghana,Africa,2030,142.064,0.142064
GHA,Ghana,Africa,2031,151.56,0.15156
GRC,Greece,Europe,1980,56.217,0.056217
GRC,Greece,Europe,1981,51.873,0.051873
GRC,Greece,Europe,1982,54.114,0.054114
GRC,Greece,Europe,1983,48.913,0.048913
GRC,Greece,Europe,1984,47.657,0.047657
GRC,Greece,Europe,1985,47.269,0.047269
GRC,Greece,Europe,1986,55.636,0.055636
GRC,Greece,Europe,1987,64.769,0.064769
GRC,Greece,Europe,1988,75.384,0.075384
GRC,Greece,Europe,1989,78.148,0.078148
GRC,Greece,Europe,1990,96.601,0.096601
GRC,Greece,Europe,1991,104.164,0.104164
GRC,Greece,Europe,1992,114.846,0.114846
GRC,Greece,Europe,1993,107.506,0.107506
GRC,Greece,Europe,1994,115.055,0.115055
GRC,Greece,Europe,1995,135.036,0.135036
GRC,Greece,Europe,1996,142.513,0.142513
GRC,Greece,Europe,1997,138.93,0.13893
GRC,Greece,Europe,1998,139.821,0.139821
GRC,Greece,Europe,1999,143.693,0.143693
GRC,Greece,Europe,2000,127.438,0.127438
GRC,Greece,Europe,2001,132.051,0.132051
GRC,Greece,Europe,2002,150.148,0.150148
GRC,Greece,Europe,2003,196.881,0.196881
GRC,Greece,Europe,2004,234.873,0.234873
GRC,Greece,Europe,2005,242.45,0.24245
GRC,Greece,Europe,2006,269.088,0.269088
GRC,Greece,Europe,2007,314.264,0.314264
GRC,Greece,Europe,2008,351.083,0.351083
GRC,Greece,Europe,2009,326.474,0.326474
GRC,Greece,Europe,2010,296.66,0.29666
GRC,Greece,Europe,2011,283.178,0.283178
GRC,Greece,Europe,2012,238.992,0.238992
GRC,Greece,Europe,2013,236.56,0.23656
GRC,Greece,Europe,2014,233.972,0.233972
GRC,Greece,Europe,2015,194.587,0.194587
GRC,Greece,Europe,2016,193.044,0.193044
GRC,Greece,Europe,2017,200.31,0.20031
GRC,Greece,Europe,2018,213.396,0.213396
GRC,Greece,Europe,2019,207.329,0.207329
GRC,Greece,Europe,2020,191.21,0.19121
GRC,Greece,Europe,2021,218.449,0.218449
GRC,Greece,Europe,2022,218.162,0.218162
GRC,Greece,Europe,2023,243.016,0.243016
GRC,Greece,Europe,2024,256.161,0.256161
GRC,Greece,Europe,2025,280.476,0.280476
GRC,Greece,Europe,2026,307.554,0.307554
GRC,Greece,Europe,2027,320.226,0.320226
GRC,Greece,Europe,2028,332.284,0.332284
GRC,Greece,Europe,2029,344.499,0.344499
GRC,Greece,Europe,2030,357.268,0.357268
GRC,Greece,Europe,2031,370.551,0.370551
GRD,Grenada,Americas,1980,0.111,0.000111
GRD,Grenada,Americas,1981,0.116,0.000116
GRD,Grenada,Americas,1982,0.125,0.000125
GRD,Grenada,Americas,1983,0.132,0.000132
GRD,Grenada,Americas,1984,0.146,0.000146
GRD,Grenada,Americas,1985,0.168,0.000168
GRD,Grenada,Americas,1986,0.188,0.000188
GRD,Grenada,Americas,1987,0.215,0.000215
GRD,Grenada,Americas,1988,0.236,0.000236
GRD,Grenada,Americas,1989,0.267,0.000267
GRD,Grenada,Americas,1990,0.278,0.000278
GRD,Grenada,Americas,1991,0.301,0.000301
GRD,Grenada,Americas,1992,0.31,0.00031
GRD,Grenada,Americas,1993,0.31,0.00031
GRD,Grenada,Americas,1994,0.325,0.000325
GRD,Grenada,Americas,1995,0.342,0.000342
GRD,Grenada,Americas,1996,0.367,0.000367
GRD,Grenada,Americas,1997,0.392,0.000392
GRD,Grenada,Americas,1998,0.446,0.000446
GRD,Grenada,Americas,1999,0.482,0.000482
GRD,Grenada,Americas,2000,0.52,0.00052
GRD,Grenada,Americas,2001,0.52,0.00052
GRD,Grenada,Americas,2002,0.54,0.00054
GRD,Grenada,Americas,2003,0.591,0.000591
GRD,Grenada,Americas,2004,0.599,0.000599
GRD,Grenada,Americas,2005,0.695,0.000695
GRD,Grenada,Americas,2006,0.699,0.000699
GRD,Grenada,Americas,2007,0.759,0.000759
GRD,Grenada,Americas,2008,0.826,0.000826
GRD,Grenada,Americas,2009,0.771,0.000771
GRD,Grenada,Americas,2010,0.771,0.000771
GRD,Grenada,Americas,2011,0.779,0.000779
GRD,Grenada,Americas,2012,0.8,0.0008
GRD,Grenada,Americas,2013,0.843,0.000843
GRD,Grenada,Americas,2014,0.911,0.000911
GRD,Grenada,Americas,2015,0.997,0.000997
GRD,Grenada,Americas,2016,1.062,0.001062
GRD,Grenada,Americas,2017,1.126,0.001126
GRD,Grenada,Americas,2018,1.167,0.001167
GRD,Grenada,Americas,2019,1.213,0.001213
GRD,Grenada,Americas,2020,1.043,0.001043
GRD,Grenada,Americas,2021,1.122,0.001122
GRD,Grenada,Americas,2022,1.224,0.001224
GRD,Grenada,Americas,2023,1.336,0.001336
GRD,Grenada,Americas,2024,1.351,0.001351
GRD,Grenada,Americas,2025,1.42,0.00142
GRD,Grenada,Americas,2026,1.483,0.001483
GRD,Grenada,Americas,2027,1.554,0.001554
GRD,Grenada,Americas,2028,1.632,0.001632
GRD,Grenada,Americas,2029,1.711,0.001711
GRD,Grenada,Americas,2030,1.793,0.001793
GRD,Grenada,Americas,2031,1.878,0.001878
GTM,Guatemala,Americas,1980,7.718,0.007718
GTM,Guatemala,Americas,1981,8.431,0.008431
GTM,Guatemala,Americas,1982,8.539,0.008539
GTM,Guatemala,Americas,1983,8.864,0.008864
GTM,Guatemala,Americas,1984,9.276,0.009276
GTM,Guatemala,Americas,1985,10.951,0.010951
GTM,Guatemala,Americas,1986,5.921,0.005921
GTM,Guatemala,Americas,1987,6.857,0.006857
GTM,Guatemala,Americas,1988,7.426,0.007426
GTM,Guatemala,Americas,1989,8.561,0.008561
GTM,Guatemala,Americas,1990,7.535,0.007535
GTM,Guatemala,Americas,1991,9.174,0.009174
GTM,Guatemala,Americas,1992,10.138,0.010138
GTM,Guatemala,Americas,1993,11.045,0.011045
GTM,Guatemala,Americas,1994,12.482,0.012482
GTM,Guatemala,Americas,1995,14.05,0.01405
GTM,Guatemala,Americas,1996,14.992,0.014992
GTM,Guatemala,Americas,1997,16.982,0.016982
GTM,Guatemala,Americas,1998,18.461,0.018461
GTM,Guatemala,Americas,1999,17.422,0.017422
GTM,Guatemala,Americas,2000,18.124,0.018124
GTM,Guatemala,Americas,2001,19.735,0.019735
GTM,Guatemala,Americas,2002,21.924,0.021924
GTM,Guatemala,Americas,2003,23.092,0.023092
GTM,Guatemala,Americas,2004,24.977,0.024977
GTM,Guatemala,Americas,2005,28.179,0.028179
GTM,Guatemala,Americas,2006,31.308,0.031308
GTM,Guatemala,Americas,2007,35.028,0.035028
GTM,Guatemala,Americas,2008,40.242,0.040242
GTM,Guatemala,Americas,2009,37.997,0.037997
GTM,Guatemala,Americas,2010,41.493,0.041493
GTM,Guatemala,Americas,2011,47.419,0.047419
GTM,Guatemala,Americas,2012,49.902,0.049902
GTM,Guatemala,Americas,2013,52.989,0.052989
GTM,Guatemala,Americas,2014,57.835,0.057835
GTM,Guatemala,Americas,2015,62.18,0.06218
GTM,Guatemala,Americas,2016,66.034,0.066034
GTM,Guatemala,Americas,2017,71.624,0.071624
GTM,Guatemala,Americas,2018,73.331,0.073331
GTM,Guatemala,Americas,2019,77.156,0.077156
GTM,Guatemala,Americas,2020,77.718,0.077718
GTM,Guatemala,Americas,2021,86.443,0.086443
GTM,Guatemala,Americas,2022,95.642,0.095642
GTM,Guatemala,Americas,2023,104.354,0.104354
GTM,Guatemala,Americas,2024,113.19,0.11319
GTM,Guatemala,Americas,2025,121.113,0.121113
GTM,Guatemala,Americas,2026,128.886,0.128886
GTM,Guatemala,Americas,2027,139.461,0.139461
GTM,Guatemala,Americas,2028,150.089,0.150089
GTM,Guatemala,Americas,2029,161.812,0.161812
GTM,Guatemala,Americas,2030,174.766,0.174766
GTM,Guatemala,Americas,2031,188.873,0.188873
GIN,Guinea,Africa,1980,2.4,0.0024
GIN,Guinea,Africa,1981,2.381,0.002381
GIN,Guinea,Africa,1982,2.335,0.002335
GIN,Guinea,Africa,1983,2.284,0.002284
GIN,Guinea,Africa,1984,2.327,0.002327
GIN,Guinea,Africa,1985,2.473,0.002473
GIN,Guinea,Africa,1986,2.675,0.002675
GIN,Guinea,Africa,1987,2.84,0.00284
GIN,Guinea,Africa,1988,3.317,0.003317
GIN,Guinea,Africa,1989,3.384,0.003384
GIN,Guinea,Africa,1990,3.71,0.00371
GIN,Guinea,Africa,1991,4.195,0.004195
GIN,Guinea,Africa,1992,4.57,0.00457
GIN,Guinea,Africa,1993,4.562,0.004562
GIN,Guinea,Africa,1994,4.707,0.004707
GIN,Guinea,Africa,1995,5.139,0.005139
GIN,Guinea,Africa,1996,5.316,0.005316
GIN,Guinea,Africa,1997,5.212,0.005212
GIN,Guinea,Africa,1998,5.003,0.005003
GIN,Guinea,Africa,1999,4.798,0.004798
GIN,Guinea,Africa,2000,4.039,0.004039
GIN,Guinea,Africa,2001,3.806,0.003806
GIN,Guinea,Africa,2002,4.022,0.004022
GIN,Guinea,Africa,2003,4.759,0.004759
GIN,Guinea,Africa,2004,5.012,0.005012
GIN,Guinea,Africa,2005,4.506,0.004506
GIN,Guinea,Africa,2006,4.178,0.004178
GIN,Guinea,Africa,2007,6.317,0.006317
GIN,Guinea,Africa,2008,6.966,0.006966
GIN,Guinea,Africa,2009,6.753,0.006753
GIN,Guinea,Africa,2010,6.858,0.006858
GIN,Guinea,Africa,2011,6.775,0.006775
GIN,Guinea,Africa,2012,7.387,0.007387
GIN,Guinea,Africa,2013,8.376,0.008376
GIN,Guinea,Africa,2014,8.777,0.008777
GIN,Guinea,Africa,2015,8.79,0.00879
GIN,Guinea,Africa,2016,8.604,0.008604
GIN,Guinea,Africa,2017,10.325,0.010325
GIN,Guinea,Africa,2018,11.857,0.011857
GIN,Guinea,Africa,2019,13.443,0.013443
GIN,Guinea,Africa,2020,14.089,0.014089
GIN,Guinea,Africa,2021,16.32,0.01632
GIN,Guinea,Africa,2022,19.589,0.019589
GIN,Guinea,Africa,2023,22.089,0.022089
GIN,Guinea,Africa,2024,24.233,0.024233
GIN,Guinea,Africa,2025,27.215,0.027215
GIN,Guinea,Africa,2026,29.93,0.02993
GIN,Guinea,Africa,2027,32.898,0.032898
GIN,Guinea,Africa,2028,36.242,0.036242
GIN,Guinea,Africa,2029,40.102,0.040102
GIN,Guinea,Africa,2030,43.877,0.043877
GIN,Guinea,Africa,2031,47.534,0.047534
GNB,Guinea-Bissau,Africa,1980,0.289,0.000289
GNB,Guinea-Bissau,Africa,1981,0.37,0.00037
GNB,Guinea-Bissau,Africa,1982,0.421,0.000421
GNB,Guinea-Bissau,Africa,1983,0.475,0.000475
GNB,Guinea-Bissau,Africa,1984,0.33,0.00033
GNB,Guinea-Bissau,Africa,1985,0.485,0.000485
GNB,Guinea-Bissau,Africa,1986,0.474,0.000474
GNB,Guinea-Bissau,Africa,1987,0.401,0.000401
GNB,Guinea-Bissau,Africa,1988,0.374,0.000374
GNB,Guinea-Bissau,Africa,1989,0.449,0.000449
GNB,Guinea-Bissau,Africa,1990,0.548,0.000548
GNB,Guinea-Bissau,Africa,1991,0.772,0.000772
GNB,Guinea-Bissau,Africa,1992,0.846,0.000846
GNB,Guinea-Bissau,Africa,1993,0.653,0.000653
GNB,Guinea-Bissau,Africa,1994,0.361,0.000361
GNB,Guinea-Bissau,Africa,1995,0.778,0.000778
GNB,Guinea-Bissau,Africa,1996,0.741,0.000741
GNB,Guinea-Bissau,Africa,1997,0.704,0.000704
GNB,Guinea-Bissau,Africa,1998,0.592,0.000592
GNB,Guinea-Bissau,Africa,1999,0.58,0.00058
GNB,Guinea-Bissau,Africa,2000,0.392,0.000392
GNB,Guinea-Bissau,Africa,2001,0.413,0.000413
GNB,Guinea-Bissau,Africa,2002,0.466,0.000466
GNB,Guinea-Bissau,Africa,2003,0.553,0.000553
GNB,Guinea-Bissau,Africa,2004,0.582,0.000582
GNB,Guinea-Bissau,Africa,2005,0.64,0.00064
GNB,Guinea-Bissau,Africa,2006,0.635,0.000635
GNB,Guinea-Bissau,Africa,2007,0.753,0.000753
GNB,Guinea-Bissau,Africa,2008,0.953,0.000953
GNB,Guinea-Bissau,Africa,2009,0.889,0.000889
GNB,Guinea-Bissau,Africa,2010,0.941,0.000941
GNB,Guinea-Bissau,Africa,2011,1.157,0.001157
GNB,Guinea-Bissau,Africa,2012,1.05,0.00105
GNB,Guinea-Bissau,Africa,2013,1.11,0.00111
GNB,Guinea-Bissau,Africa,2014,1.136,0.001136
GNB,Guinea-Bissau,Africa,2015,1.153,0.001153
GNB,Guinea-Bissau,Africa,2016,1.245,0.001245
GNB,Guinea-Bissau,Africa,2017,1.469,0.001469
GNB,Guinea-Bissau,Africa,2018,1.555,0.001555
GNB,Guinea-Bissau,Africa,2019,1.487,0.001487
GNB,Guinea-Bissau,Africa,2020,1.523,0.001523
GNB,Guinea-Bissau,Africa,2021,1.722,0.001722
GNB,Guinea-Bissau,Africa,2022,1.721,0.001721
GNB,Guinea-Bissau,Africa,2023,2.005,0.002005
GNB,Guinea-Bissau,Africa,2024,2.186,0.002186
GNB,Guinea-Bissau,Africa,2025,2.648,0.002648
GNB,Guinea-Bissau,Africa,2026,2.985,0.002985
GNB,Guinea-Bissau,Africa,2027,3.214,0.003214
GNB,Guinea-Bissau,Africa,2028,3.444,0.003444
GNB,Guinea-Bissau,Africa,2029,3.697,0.003697
GNB,Guinea-Bissau,Africa,2030,3.971,0.003971
GNB,Guinea-Bissau,Africa,2031,4.232,0.004232
GUY,Guyana,Americas,1980,0.842,0.000842
GUY,Guyana,Americas,1981,0.808,0.000808
GUY,Guyana,Americas,1982,0.692,0.000692
GUY,Guyana,Americas,1983,0.703,0.000703
GUY,Guyana,Americas,1984,0.654,0.000654
GUY,Guyana,Americas,1985,0.697,0.000697
GUY,Guyana,Americas,1986,0.789,0.000789
GUY,Guyana,Americas,1987,0.728,0.000728
GUY,Guyana,Americas,1988,0.828,0.000828
GUY,Guyana,Americas,1989,0.832,0.000832
GUY,Guyana,Americas,1990,0.685,0.000685
GUY,Guyana,Americas,1991,0.744,0.000744
GUY,Guyana,Americas,1992,0.823,0.000823
GUY,Guyana,Americas,1993,1.003,0.001003
GUY,Guyana,Americas,1994,1.176,0.001176
GUY,Guyana,Americas,1995,1.332,0.001332
GUY,Guyana,Americas,1996,1.495,0.001495
GUY,Guyana,Americas,1997,1.587,0.001587
GUY,Guyana,Americas,1998,1.5,0.0015
GUY,Guyana,Americas,1999,1.488,0.001488
GUY,Guyana,Americas,2000,1.497,0.001497
GUY,Guyana,Americas,2001,1.504,0.001504
GUY,Guyana,Americas,2002,1.555,0.001555
GUY,Guyana,Americas,2003,1.592,0.001592
GUY,Guyana,Americas,2004,1.657,0.001657
GUY,Guyana,Americas,2005,1.712,0.001712
GUY,Guyana,Americas,2006,1.899,0.001899
GUY,Guyana,Americas,2007,2.225,0.002225
GUY,Guyana,Americas,2008,2.491,0.002491
GUY,Guyana,Americas,2009,2.596,0.002596
GUY,Guyana,Americas,2010,2.889,0.002889
GUY,Guyana,Americas,2011,3.328,0.003328
GUY,Guyana,Americas,2012,4.063,0.004063
GUY,Guyana,Americas,2013,4.168,0.004168
GUY,Guyana,Americas,2014,4.128,0.004128
GUY,Guyana,Americas,2015,4.28,0.00428
GUY,Guyana,Americas,2016,4.483,0.004483
GUY,Guyana,Americas,2017,4.748,0.004748
GUY,Guyana,Americas,2018,4.788,0.004788
GUY,Guyana,Americas,2019,5.174,0.005174
GUY,Guyana,Americas,2020,5.471,0.005471
GUY,Guyana,Americas,2021,8.041,0.008041
GUY,Guyana,Americas,2022,14.718,0.014718
GUY,Guyana,Americas,2023,16.919,0.016919
GUY,Guyana,Americas,2024,24.659,0.024659
GUY,Guyana,Americas,2025,27.097,0.027097
GUY,Guyana,Americas,2026,33.961,0.033961
GUY,Guyana,Americas,2027,39.151,0.039151
GUY,Guyana,Americas,2028,43.669,0.043669
GUY,Guyana,Americas,2029,48.473,0.048473
GUY,Guyana,Americas,2030,50.425,0.050425
GUY,Guyana,Americas,2031,53.154,0.053154
HTI,Haiti,Americas,1980,2.664,0.002664
HTI,Haiti,Americas,1981,2.932,0.002932
HTI,Haiti,Americas,1982,3.05,0.00305
HTI,Haiti,Americas,1983,3.273,0.003273
HTI,Haiti,Americas,1984,3.627,0.003627
HTI,Haiti,Americas,1985,4.028,0.004028
HTI,Haiti,Americas,1986,4.475,0.004475
HTI,Haiti,Americas,1987,2.205,0.002205
HTI,Haiti,Americas,1988,1.45,0.00145
HTI,Haiti,Americas,1989,1.34,0.00134
HTI,Haiti,Americas,1990,1.706,0.001706
HTI,Haiti,Americas,1991,1.53,0.00153
HTI,Haiti,Americas,1992,0.918,0.000918
HTI,Haiti,Americas,1993,1.107,0.001107
HTI,Haiti,Americas,1994,3.054,0.003054
HTI,Haiti,Americas,1995,4.846,0.004846
HTI,Haiti,Americas,1996,5.0,0.005
HTI,Haiti,Americas,1997,5.748,0.005748
HTI,Haiti,Americas,1998,6.408,0.006408
HTI,Haiti,Americas,1999,7.148,0.007148
HTI,Haiti,Americas,2000,6.81,0.00681
HTI,Haiti,Americas,2001,6.285,0.006285
HTI,Haiti,Americas,2002,6.064,0.006064
HTI,Haiti,Americas,2003,4.866,0.004866
HTI,Haiti,Americas,2004,6.037,0.006037
HTI,Haiti,Americas,2005,7.186,0.007186
HTI,Haiti,Americas,2006,7.507,0.007507
HTI,Haiti,Americas,2007,9.522,0.009522
HTI,Haiti,Americas,2008,10.488,0.010488
HTI,Haiti,Americas,2009,11.598,0.011598
HTI,Haiti,Americas,2010,11.852,0.011852
HTI,Haiti,Americas,2011,13.009,0.013009
HTI,Haiti,Americas,2012,13.709,0.013709
HTI,Haiti,Americas,2013,14.904,0.014904
HTI,Haiti,Americas,2014,15.137,0.015137
HTI,Haiti,Americas,2015,14.831,0.014831
HTI,Haiti,Americas,2016,13.996,0.013996
HTI,Haiti,Americas,2017,15.036,0.015036
HTI,Haiti,Americas,2018,16.454,0.016454
HTI,Haiti,Americas,2019,14.787,0.014787
HTI,Haiti,Americas,2020,14.508,0.014508
HTI,Haiti,Americas,2021,21.017,0.021017
HTI,Haiti,Americas,2022,19.826,0.019826
HTI,Haiti,Americas,2023,19.603,0.019603
HTI,Haiti,Americas,2024,25.285,0.025285
HTI,Haiti,Americas,2025,32.102,0.032102
HTI,Haiti,Americas,2026,39.18,0.03918
HTI,Haiti,Americas,2027,45.098,0.045098
HTI,Haiti,Americas,2028,47.515,0.047515
HTI,Haiti,Americas,2029,48.388,0.048388
HTI,Haiti,Americas,2030,48.882,0.048882
HTI,Haiti,Americas,2031,50.588,0.050588
HND,Honduras,Americas,1980,3.968,0.003968
HND,Honduras,Americas,1981,4.044,0.004044
HND,Honduras,Americas,1982,4.267,0.004267
HND,Honduras,Americas,1983,4.477,0.004477
HND,Honduras,Americas,1984,4.915,0.004915
HND,Honduras,Americas,1985,5.278,0.005278
HND,Honduras,Americas,1986,5.678,0.005678
HND,Honduras,Americas,1987,6.191,0.006191
HND,Honduras,Americas,1988,6.877,0.006877
HND,Honduras,Americas,1989,7.877,0.007877
HND,Honduras,Americas,1990,4.923,0.004923
HND,Honduras,Americas,1991,4.649,0.004649
HND,Honduras,Americas,1992,4.944,0.004944
HND,Honduras,Americas,1993,4.961,0.004961
HND,Honduras,Americas,1994,4.642,0.004642
HND,Honduras,Americas,1995,5.415,0.005415
HND,Honduras,Americas,1996,5.217,0.005217
HND,Honduras,Americas,1997,5.736,0.005736
HND,Honduras,Americas,1998,6.366,0.006366
HND,Honduras,Americas,1999,6.417,0.006417
HND,Honduras,Americas,2000,7.104,0.007104
HND,Honduras,Americas,2001,7.652,0.007652
HND,Honduras,Americas,2002,7.857,0.007857
HND,Honduras,Americas,2003,8.229,0.008229
HND,Honduras,Americas,2004,8.866,0.008866
HND,Honduras,Americas,2005,9.755,0.009755
HND,Honduras,Americas,2006,10.917,0.010917
HND,Honduras,Americas,2007,12.361,0.012361
HND,Honduras,Americas,2008,13.884,0.013884
HND,Honduras,Americas,2009,14.586,0.014586
HND,Honduras,Americas,2010,15.837,0.015837
HND,Honduras,Americas,2011,17.71,0.01771
HND,Honduras,Americas,2012,18.523,0.018523
HND,Honduras,Americas,2013,18.494,0.018494
HND,Honduras,Americas,2014,19.753,0.019753
HND,Honduras,Americas,2015,20.978,0.020978
HND,Honduras,Americas,2016,21.712,0.021712
HND,Honduras,Americas,2017,23.138,0.023138
HND,Honduras,Americas,2018,24.067,0.024067
HND,Honduras,Americas,2019,24.883,0.024883
HND,Honduras,Americas,2020,23.35,0.02335
HND,Honduras,Americas,2021,28.146,0.028146
HND,Honduras,Americas,2022,31.425,0.031425
HND,Honduras,Americas,2023,34.356,0.034356
HND,Honduras,Americas,2024,37.1,0.0371
HND,Honduras,Americas,2025,39.694,0.039694
HND,Honduras,Americas,2026,41.505,0.041505
HND,Honduras,Americas,2027,43.884,0.043884
HND,Honduras,Americas,2028,46.445,0.046445
HND,Honduras,Americas,2029,49.155,0.049155
HND,Honduras,Americas,2030,52.023,0.052023
HND,Honduras,Americas,2031,55.059,0.055059
HKG,Hong Kong,Asia,1980,28.862,0.028862
HKG,Hong Kong,Asia,1981,31.055,0.031055
HKG,Hong Kong,Asia,1982,32.291,0.032291
HKG,Hong Kong,Asia,1983,29.907,0.029907
HKG,Hong Kong,Asia,1984,33.511,0.033511
HKG,Hong Kong,Asia,1985,35.7,0.0357
HKG,Hong Kong,Asia,1986,41.076,0.041076
HKG,Hong Kong,Asia,1987,50.623,0.050623
HKG,Hong Kong,Asia,1988,59.708,0.059708
HKG,Hong Kong,Asia,1989,68.79,0.06879
HKG,Hong Kong,Asia,1990,76.929,0.076929
HKG,Hong Kong,Asia,1991,88.96,0.08896
HKG,Hong Kong,Asia,1992,104.272,0.104272
HKG,Hong Kong,Asia,1993,120.354,0.120354
HKG,Hong Kong,Asia,1994,135.812,0.135812
HKG,Hong Kong,Asia,1995,144.652,0.144652
HKG,Hong Kong,Asia,1996,159.718,0.159718
HKG,Hong Kong,Asia,1997,177.349,0.177349
HKG,Hong Kong,Asia,1998,168.858,0.168858
HKG,Hong Kong,Asia,1999,165.734,0.165734
HKG,Hong Kong,Asia,2000,171.643,0.171643
HKG,Hong Kong,Asia,2001,169.381,0.169381
HKG,Hong Kong,Asia,2002,166.336,0.166336
HKG,Hong Kong,Asia,2003,161.37,0.16137
HKG,Hong Kong,Asia,2004,169.085,0.169085
HKG,Hong Kong,Asia,2005,181.556,0.181556
HKG,Hong Kong,Asia,2006,193.515,0.193515
HKG,Hong Kong,Asia,2007,211.583,0.211583
HKG,Hong Kong,Asia,2008,219.279,0.219279
HKG,Hong Kong,Asia,2009,214.048,0.214048
HKG,Hong Kong,Asia,2010,228.639,0.228639
HKG,Hong Kong,Asia,2011,248.514,0.248514
HKG,Hong Kong,Asia,2012,262.629,0.262629
HKG,Hong Kong,Asia,2013,275.697,0.275697
HKG,Hong Kong,Asia,2014,291.46,0.29146
HKG,Hong Kong,Asia,2015,309.386,0.309386
HKG,Hong Kong,Asia,2016,320.86,0.32086
HKG,Hong Kong,Asia,2017,341.271,0.341271
HKG,Hong Kong,Asia,2018,361.731,0.361731
HKG,Hong Kong,Asia,2019,363.075,0.363075
HKG,Hong Kong,Asia,2020,344.941,0.344941
HKG,Hong Kong,Asia,2021,368.954,0.368954
HKG,Hong Kong,Asia,2022,358.674,0.358674
HKG,Hong Kong,Asia,2023,380.762,0.380762
HKG,Hong Kong,Asia,2024,408.369,0.408369
HKG,Hong Kong,Asia,2025,427.31,0.42731
HKG,Hong Kong,Asia,2026,450.138,0.450138
HKG,Hong Kong,Asia,2027,469.525,0.469525
HKG,Hong Kong,Asia,2028,490.629,0.490629
HKG,Hong Kong,Asia,2029,513.28,0.51328
HKG,Hong Kong,Asia,2030,536.918,0.536918
HKG,Hong Kong,Asia,2031,562.359,0.562359
HUN,Hungary,Europe,1980,23.117,0.023117
HUN,Hungary,Europe,1981,23.706,0.023706
HUN,Hungary,Europe,1982,24.142,0.024142
HUN,Hungary,Europe,1983,21.91,0.02191
HUN,Hungary,Europe,1984,21.243,0.021243
HUN,Hungary,Europe,1985,21.511,0.021511
HUN,Hungary,Europe,1986,24.778,0.024778
HUN,Hungary,Europe,1987,27.233,0.027233
HUN,Hungary,Europe,1988,29.8,0.0298
HUN,Hungary,Europe,1989,30.423,0.030423
HUN,Hungary,Europe,1990,34.478,0.034478
HUN,Hungary,Europe,1991,34.867,0.034867
HUN,Hungary,Europe,1992,38.857,0.038857
HUN,Hungary,Europe,1993,40.256,0.040256
HUN,Hungary,Europe,1994,43.308,0.043308
HUN,Hungary,Europe,1995,46.578,0.046578
HUN,Hungary,Europe,1996,46.834,0.046834
HUN,Hungary,Europe,1997,47.399,0.047399
HUN,Hungary,Europe,1998,48.784,0.048784
HUN,Hungary,Europe,1999,49.16,0.04916
HUN,Hungary,Europe,2000,47.276,0.047276
HUN,Hungary,Europe,2001,53.8,0.0538
HUN,Hungary,Europe,2002,67.636,0.067636
HUN,Hungary,Europe,2003,85.19,0.08519
HUN,Hungary,Europe,2004,104.015,0.104015
HUN,Hungary,Europe,2005,113.098,0.113098
HUN,Hungary,Europe,2006,115.604,0.115604
HUN,Hungary,Europe,2007,140.123,0.140123
HUN,Hungary,Europe,2008,158.228,0.158228
HUN,Hungary,Europe,2009,130.807,0.130807
HUN,Hungary,Europe,2010,131.899,0.131899
HUN,Hungary,Europe,2011,141.713,0.141713
HUN,Hungary,Europe,2012,128.47,0.12847
HUN,Hungary,Europe,2013,135.646,0.135646
HUN,Hungary,Europe,2014,141.129,0.141129
HUN,Hungary,Europe,2015,125.244,0.125244
HUN,Hungary,Europe,2016,128.984,0.128984
HUN,Hungary,Europe,2017,143.335,0.143335
HUN,Hungary,Europe,2018,161.185,0.161185
HUN,Hungary,Europe,2019,164.927,0.164927
HUN,Hungary,Europe,2020,158.468,0.158468
HUN,Hungary,Europe,2021,183.283,0.183283
HUN,Hungary,Europe,2022,177.784,0.177784
HUN,Hungary,Europe,2023,213.315,0.213315
HUN,Hungary,Europe,2024,222.878,0.222878
HUN,Hungary,Europe,2025,246.891,0.246891
HUN,Hungary,Europe,2026,271.122,0.271122
HUN,Hungary,Europe,2027,284.462,0.284462
HUN,Hungary,Europe,2028,298.261,0.298261
HUN,Hungary,Europe,2029,313.46,0.31346
HUN,Hungary,Europe,2030,329.605,0.329605
HUN,Hungary,Europe,2031,346.359,0.346359
ISL,Iceland,Europe,1980,3.528,0.003528
ISL,Iceland,Europe,1981,3.642,0.003642
ISL,Iceland,Europe,1982,3.347,0.003347
ISL,Iceland,Europe,1983,2.876,0.002876
ISL,Iceland,Europe,1984,2.971,0.002971
ISL,Iceland,Europe,1985,3.096,0.003096
ISL,Iceland,Europe,1986,4.132,0.004132
ISL,Iceland,Europe,1987,5.733,0.005733
ISL,Iceland,Europe,1988,6.345,0.006345
ISL,Iceland,Europe,1989,5.881,0.005881
ISL,Iceland,Europe,1990,6.709,0.006709
ISL,Iceland,Europe,1991,7.174,0.007174
ISL,Iceland,Europe,1992,7.343,0.007343
ISL,Iceland,Europe,1993,6.439,0.006439
ISL,Iceland,Europe,1994,6.611,0.006611
ISL,Iceland,Europe,1995,7.373,0.007373
ISL,Iceland,Europe,1996,7.687,0.007687
ISL,Iceland,Europe,1997,7.717,0.007717
ISL,Iceland,Europe,1998,8.638,0.008638
ISL,Iceland,Europe,1999,9.108,0.009108
ISL,Iceland,Europe,2000,9.14,0.00914
ISL,Iceland,Europe,2001,8.323,0.008323
ISL,Iceland,Europe,2002,9.416,0.009416
ISL,Iceland,Europe,2003,11.565,0.011565
ISL,Iceland,Europe,2004,13.964,0.013964
ISL,Iceland,Europe,2005,17.146,0.017146
ISL,Iceland,Europe,2006,17.672,0.017672
ISL,Iceland,Europe,2007,21.96,0.02196
ISL,Iceland,Europe,2008,18.248,0.018248
ISL,Iceland,Europe,2009,13.213,0.013213
ISL,Iceland,Europe,2010,13.923,0.013923
ISL,Iceland,Europe,2011,15.394,0.015394
ISL,Iceland,Europe,2012,14.944,0.014944
ISL,Iceland,Europe,2013,16.244,0.016244
ISL,Iceland,Europe,2014,18.052,0.018052
ISL,Iceland,Europe,2015,17.7,0.0177
ISL,Iceland,Europe,2016,21.084,0.021084
ISL,Iceland,Europe,2017,25.06,0.02506
ISL,Iceland,Europe,2018,26.678,0.026678
ISL,Iceland,Europe,2019,24.986,0.024986
ISL,Iceland,Europe,2020,22.035,0.022035
ISL,Iceland,Europe,2021,26.235,0.026235
ISL,Iceland,Europe,2022,29.176,0.029176
ISL,Iceland,Europe,2023,31.702,0.031702
ISL,Iceland,Europe,2024,33.187,0.033187
ISL,Iceland,Europe,2025,38.583,0.038583
ISL,Iceland,Europe,2026,43.8,0.0438
ISL,Iceland,Europe,2027,45.968,0.045968
ISL,Iceland,Europe,2028,48.085,0.048085
ISL,Iceland,Europe,2029,50.33,0.05033
ISL,Iceland,Europe,2030,52.695,0.052695
ISL,Iceland,Europe,2031,55.162,0.055162
IND,India,Asia,1980,186.17,0.18617
IND,India,Asia,1981,193.153,0.193153
IND,India,Asia,1982,200.035,0.200035
IND,India,Asia,1983,218.218,0.218218
IND,India,Asia,1984,211.843,0.211843
IND,India,Asia,1985,233.52,0.23352
IND,India,Asia,1986,248.398,0.248398
IND,India,Asia,1987,278.864,0.278864
IND,India,Asia,1988,294.479,0.294479
IND,India,Asia,1989,296.043,0.296043
IND,India,Asia,1990,320.979,0.320979
IND,India,Asia,1991,270.105,0.270105
IND,India,Asia,1992,288.21,0.28821
IND,India,Asia,1993,279.295,0.279295
IND,India,Asia,1994,327.275,0.327275
IND,India,Asia,1995,360.281,0.360281
IND,India,Asia,1996,392.902,0.392902
IND,India,Asia,1997,415.895,0.415895
IND,India,Asia,1998,421.378,0.421378
IND,India,Asia,1999,458.821,0.458821
IND,India,Asia,2000,468.396,0.468396
IND,India,Asia,2001,485.44,0.48544
IND,India,Asia,2002,514.938,0.514938
IND,India,Asia,2003,607.701,0.607701
IND,India,Asia,2004,709.152,0.709152
IND,India,Asia,2005,820.385,0.820385
IND,India,Asia,2006,940.26,0.94026
IND,India,Asia,2007,1216.736,1.216736
IND,India,Asia,2008,1198.895,1.198895
IND,India,Asia,2009,1341.889,1.341889
IND,India,Asia,2010,1675.615,1.675615
IND,India,Asia,2011,1823.052,1.823052
IND,India,Asia,2012,1822.862,1.822862
IND,India,Asia,2013,1847.019,1.847019
IND,India,Asia,2014,2023.143,2.023143
IND,India,Asia,2015,2081.604,2.081604
IND,India,Asia,2016,2264.818,2.264818
IND,India,Asia,2017,2609.908,2.609908
IND,India,Asia,2018,2653.495,2.653495
IND,India,Asia,2019,2776.336,2.776336
IND,India,Asia,2020,2611.953,2.611953
IND,India,Asia,2021,3084.517,3.084517
IND,India,Asia,2022,3249.939,3.249939
IND,India,Asia,2023,3500.906,3.500906
IND,India,Asia,2024,3760.814,3.760814
IND,India,Asia,2025,3916.312,3.916312
IND,India,Asia,2026,4153.191,4.153191
IND,India,Asia,2027,4579.083,4.579083
IND,India,Asia,2028,5058.754,5.058754
IND,India,Asia,2029,5599.432,5.599432
IND,India,Asia,2030,6173.385,6.173385
IND,India,Asia,2031,6792.432,6.792432
IDN,Indonesia,Asia,1980,99.296,0.099296
IDN,Indonesia,Asia,1981,110.848,0.110848
IDN,Indonesia,Asia,1982,113.799,0.113799
IDN,Indonesia,Asia,1983,103.149,0.103149
IDN,Indonesia,Asia,1984,107.218,0.107218
IDN,Indonesia,Asia,1985,107.062,0.107062
IDN,Indonesia,Asia,1986,101.22,0.10122
IDN,Indonesia,Asia,1987,95.214,0.095214
IDN,Indonesia,Asia,1988,107.279,0.107279
IDN,Indonesia,Asia,1989,122.582,0.122582
IDN,Indonesia,Asia,1990,138.258,0.138258
IDN,Indonesia,Asia,1991,154.558,0.154558
IDN,Indonesia,Asia,1992,168.28,0.16828
IDN,Indonesia,Asia,1993,190.913,0.190913
IDN,Indonesia,Asia,1994,213.727,0.213727
IDN,Indonesia,Asia,1995,244.227,0.244227
IDN,Indonesia,Asia,1996,274.722,0.274722
IDN,Indonesia,Asia,1997,260.68,0.26068
IDN,Indonesia,Asia,1998,115.323,0.115323
IDN,Indonesia,Asia,1999,169.158,0.169158
IDN,Indonesia,Asia,2000,179.482,0.179482
IDN,Indonesia,Asia,2001,174.507,0.174507
IDN,Indonesia,Asia,2002,212.807,0.212807
IDN,Indonesia,Asia,2003,255.346,0.255346
IDN,Indonesia,Asia,2004,279.344,0.279344
IDN,Indonesia,Asia,2005,310.92,0.31092
IDN,Indonesia,Asia,2006,396.518,0.396518
IDN,Indonesia,Asia,2007,470.092,0.470092
IDN,Indonesia,Asia,2008,558.291,0.558291
IDN,Indonesia,Asia,2009,578.577,0.578577
IDN,Indonesia,Asia,2010,755.094,0.755094
IDN,Indonesia,Asia,2011,892.969,0.892969
IDN,Indonesia,Asia,2012,917.87,0.91787
IDN,Indonesia,Asia,2013,912.524,0.912524
IDN,Indonesia,Asia,2014,890.815,0.890815
IDN,Indonesia,Asia,2015,860.854,0.860854
IDN,Indonesia,Asia,2016,931.877,0.931877
IDN,Indonesia,Asia,2017,1015.619,1.015619
IDN,Indonesia,Asia,2018,1042.272,1.042272
IDN,Indonesia,Asia,2019,1119.1,1.1191
IDN,Indonesia,Asia,2020,1059.055,1.059055
IDN,Indonesia,Asia,2021,1186.51,1.18651
IDN,Indonesia,Asia,2022,1319.101,1.319101
IDN,Indonesia,Asia,2023,1371.167,1.371167
IDN,Indonesia,Asia,2024,1396.302,1.396302
IDN,Indonesia,Asia,2025,1445.642,1.445642
IDN,Indonesia,Asia,2026,1539.872,1.539872
IDN,Indonesia,Asia,2027,1659.491,1.659491
IDN,Indonesia,Asia,2028,1790.06,1.79006
IDN,Indonesia,Asia,2029,1930.127,1.930127
IDN,Indonesia,Asia,2030,2081.911,2.081911
IDN,Indonesia,Asia,2031,2245.812,2.245812
IRN,Iran,Asia,1980,116.976,0.116976
IRN,Iran,Asia,1981,123.852,0.123852
IRN,Iran,Asia,1982,153.533,0.153533
IRN,Iran,Asia,1983,191.522,0.191522
IRN,Iran,Asia,1984,197.372,0.197372
IRN,Iran,Asia,1985,220.341,0.220341
IRN,Iran,Asia,1986,254.987,0.254987
IRN,Iran,Asia,1987,338.089,0.338089
IRN,Iran,Asia,1988,380.698,0.380698
IRN,Iran,Asia,1989,463.073,0.463073
IRN,Iran,Asia,1990,709.094,0.709094
IRN,Iran,Asia,1991,371.097,0.371097
IRN,Iran,Asia,1992,61.598,0.061598
IRN,Iran,Asia,1993,78.656,0.078656
IRN,Iran,Asia,1994,97.415,0.097415
IRN,Iran,Asia,1995,140.28,0.14028
IRN,Iran,Asia,1996,192.871,0.192871
IRN,Iran,Asia,1997,224.733,0.224733
IRN,Iran,Asia,1998,250.194,0.250194
IRN,Iran,Asia,1999,335.737,0.335737
IRN,Iran,Asia,2000,447.805,0.447805
IRN,Iran,Asia,2001,403.943,0.403943
IRN,Iran,Asia,2002,161.932,0.161932
IRN,Iran,Asia,2003,193.34,0.19334
IRN,Iran,Asia,2004,230.618,0.230618
IRN,Iran,Asia,2005,276.383,0.276383
IRN,Iran,Asia,2006,326.45,0.32645
IRN,Iran,Asia,2007,430.465,0.430465
IRN,Iran,Asia,2008,498.712,0.498712
IRN,Iran,Asia,2009,509.095,0.509095
IRN,Iran,Asia,2010,598.566,0.598566
IRN,Iran,Asia,2011,722.13,0.72213
IRN,Iran,Asia,2012,487.11,0.48711
IRN,Iran,Asia,2013,494.544,0.494544
IRN,Iran,Asia,2014,532.056,0.532056
IRN,Iran,Asia,2015,471.415,0.471415
IRN,Iran,Asia,2016,477.575,0.477575
IRN,Iran,Asia,2017,507.8,0.5078
IRN,Iran,Asia,2018,343.713,0.343713
IRN,Iran,Asia,2019,252.142,0.252142
IRN,Iran,Asia,2020,209.51,0.20951
IRN,Iran,Asia,2021,307.337,0.307337
IRN,Iran,Asia,2022,403.254,0.403254
IRN,Iran,Asia,2023,421.547,0.421547
IRN,Iran,Asia,2024,416.676,0.416676
IRN,Iran,Asia,2025,371.196,0.371196
IRN,Iran,Asia,2026,300.293,0.300293
IRN,Iran,Asia,2027,313.33,0.31333
IRN,Iran,Asia,2028,323.13,0.32313
IRN,Iran,Asia,2029,335.486,0.335486
IRN,Iran,Asia,2030,349.527,0.349527
IRN,Iran,Asia,2031,363.953,0.363953
IRQ,Iraq,Asia,2000,25.984,0.025984
IRQ,Iraq,Asia,2001,21.113,0.021113
IRQ,Iraq,Asia,2002,21.063,0.021063
IRQ,Iraq,Asia,2003,15.8,0.0158
IRQ,Iraq,Asia,2004,36.642,0.036642
IRQ,Iraq,Asia,2005,50.065,0.050065
IRQ,Iraq,Asia,2006,65.144,0.065144
IRQ,Iraq,Asia,2007,88.833,0.088833
IRQ,Iraq,Asia,2008,131.614,0.131614
IRQ,Iraq,Asia,2009,111.66,0.11166
IRQ,Iraq,Asia,2010,138.517,0.138517
IRQ,Iraq,Asia,2011,185.75,0.18575
IRQ,Iraq,Asia,2012,218.032,0.218032
IRQ,Iraq,Asia,2013,234.638,0.234638
IRQ,Iraq,Asia,2014,234.651,0.234651
IRQ,Iraq,Asia,2015,177.634,0.177634
IRQ,Iraq,Asia,2016,168.429,0.168429
IRQ,Iraq,Asia,2017,190.048,0.190048
IRQ,Iraq,Asia,2018,230.189,0.230189
IRQ,Iraq,Asia,2019,236.682,0.236682
IRQ,Iraq,Asia,2020,182.576,0.182576
IRQ,Iraq,Asia,2021,210.753,0.210753
IRQ,Iraq,Asia,2022,288.059,0.288059
IRQ,Iraq,Asia,2023,270.799,0.270799
IRQ,Iraq,Asia,2024,286.523,0.286523
IRQ,Iraq,Asia,2025,264.167,0.264167
IRQ,Iraq,Asia,2026,264.784,0.264784
IRQ,Iraq,Asia,2027,292.777,0.292777
IRQ,Iraq,Asia,2028,305.531,0.305531
IRQ,Iraq,Asia,2029,321.415,0.321415
IRQ,Iraq,Asia,2030,339.825,0.339825
IRQ,Iraq,Asia,2031,360.511,0.360511
IRL,Ireland,Europe,1980,21.425,0.021425
IRL,Ireland,Europe,1981,20.423,0.020423
IRL,Ireland,Europe,1982,21.313,0.021313
IRL,Ireland,Europe,1983,20.618,0.020618
IRL,Ireland,Europe,1984,19.883,0.019883
IRL,Ireland,Europe,1985,21.168,0.021168
IRL,Ireland,Europe,1986,28.516,0.028516
IRL,Ireland,Europe,1987,33.66,0.03366
IRL,Ireland,Europe,1988,36.875,0.036875
IRL,Ireland,Europe,1989,38.03,0.03803
IRL,Ireland,Europe,1990,48.199,0.048199
IRL,Ireland,Europe,1991,48.84,0.04884
IRL,Ireland,Europe,1992,54.911,0.054911
IRL,Ireland,Europe,1993,51.364,0.051364
IRL,Ireland,Europe,1994,55.843,0.055843
IRL,Ireland,Europe,1995,69.26,0.06926
IRL,Ireland,Europe,1996,75.928,0.075928
IRL,Ireland,Europe,1997,82.957,0.082957
IRL,Ireland,Europe,1998,90.305,0.090305
IRL,Ireland,Europe,1999,98.993,0.098993
IRL,Ireland,Europe,2000,100.253,0.100253
IRL,Ireland,Europe,2001,109.347,0.109347
IRL,Ireland,Europe,2002,128.505,0.128505
IRL,Ireland,Europe,2003,164.63,0.16463
IRL,Ireland,Europe,2004,194.283,0.194283
IRL,Ireland,Europe,2005,211.993,0.211993
IRL,Ireland,Europe,2006,232.193,0.232193
IRL,Ireland,Europe,2007,270.112,0.270112
IRL,Ireland,Europe,2008,275.417,0.275417
IRL,Ireland,Europe,2009,236.187,0.236187
IRL,Ireland,Europe,2010,221.914,0.221914
IRL,Ireland,Europe,2011,240.934,0.240934
IRL,Ireland,Europe,2012,227.066,0.227066
IRL,Ireland,Europe,2013,242.928,0.242928
IRL,Ireland,Europe,2014,266.559,0.266559
IRL,Ireland,Europe,2015,302.133,0.302133
IRL,Ireland,Europe,2016,305.347,0.305347
IRL,Ireland,Europe,2017,348.232,0.348232
IRL,Ireland,Europe,2018,395.96,0.39596
IRL,Ireland,Europe,2019,407.256,0.407256
IRL,Ireland,Europe,2020,435.659,0.435659
IRL,Ireland,Europe,2021,530.747,0.530747
IRL,Ireland,Europe,2022,548.773,0.548773
IRL,Ireland,Europe,2023,567.537,0.567537
IRL,Ireland,Europe,2024,608.974,0.608974
IRL,Ireland,Europe,2025,718.14,0.71814
IRL,Ireland,Europe,2026,779.381,0.779381
IRL,Ireland,Europe,2027,808.55,0.80855
IRL,Ireland,Europe,2028,838.255,0.838255
IRL,Ireland,Europe,2029,864.923,0.864923
IRL,Ireland,Europe,2030,893.816,0.893816
IRL,Ireland,Europe,2031,924.063,0.924063
ISR,Israel,Asia,1980,25.043,0.025043
ISR,Israel,Asia,1981,26.534,0.026534
ISR,Israel,Asia,1982,28.438,0.028438
ISR,Israel,Asia,1983,31.716,0.031716
ISR,Israel,Asia,1984,30.025,0.030025
ISR,Israel,Asia,1985,27.906,0.027906
ISR,Israel,Asia,1986,34.354,0.034354
ISR,Israel,Asia,1987,41.033,0.041033
ISR,Israel,Asia,1988,50.83,0.05083
ISR,Israel,Asia,1989,51.718,0.051718
ISR,Israel,Asia,1990,61.027,0.061027
ISR,Israel,Asia,1991,69.228,0.069228
ISR,Israel,Asia,1992,77.357,0.077357
ISR,Israel,Asia,1993,77.748,0.077748
ISR,Israel,Asia,1994,88.751,0.088751
ISR,Israel,Asia,1995,105.432,0.105432
ISR,Israel,Asia,1996,115.054,0.115054
ISR,Israel,Asia,1997,119.391,0.119391
ISR,Israel,Asia,1998,120.469,0.120469
ISR,Israel,Asia,1999,121.329,0.121329
ISR,Israel,Asia,2000,136.409,0.136409
ISR,Israel,Asia,2001,134.891,0.134891
ISR,Israel,Asia,2002,125.215,0.125215
ISR,Israel,Asia,2003,131.278,0.131278
ISR,Israel,Asia,2004,139.926,0.139926
ISR,Israel,Asia,2005,147.346,0.147346
ISR,Israel,Asia,2006,158.706,0.158706
ISR,Israel,Asia,2007,184.45,0.18445
ISR,Israel,Asia,2008,220.951,0.220951
ISR,Israel,Asia,2009,213.111,0.213111
ISR,Israel,Asia,2010,239.373,0.239373
ISR,Israel,Asia,2011,267.739,0.267739
ISR,Israel,Asia,2012,263.172,0.263172
ISR,Israel,Asia,2013,298.045,0.298045
ISR,Israel,Asia,2014,314.377,0.314377
ISR,Israel,Asia,2015,302.839,0.302839
ISR,Israel,Asia,2016,321.083,0.321083
ISR,Israel,Asia,2017,357.361,0.357361
ISR,Israel,Asia,2018,375.471,0.375471
ISR,Israel,Asia,2019,399.209,0.399209
ISR,Israel,Asia,2020,410.909,0.410909
ISR,Israel,Asia,2021,489.736,0.489736
ISR,Israel,Asia,2022,525.159,0.525159
ISR,Israel,Asia,2023,513.394,0.513394
ISR,Israel,Asia,2024,542.285,0.542285
ISR,Israel,Asia,2025,610.778,0.610778
ISR,Israel,Asia,2026,719.848,0.719848
ISR,Israel,Asia,2027,761.058,0.761058
ISR,Israel,Asia,2028,799.158,0.799158
ISR,Israel,Asia,2029,837.127,0.837127
ISR,Israel,Asia,2030,875.796,0.875796
ISR,Israel,Asia,2031,916.264,0.916264
ITA,Italy,Europe,1980,479.967,0.479967
ITA,Italy,Europe,1981,435.267,0.435267
ITA,Italy,Europe,1982,430.169,0.430169
ITA,Italy,Europe,1983,446.399,0.446399
ITA,Italy,Europe,1984,441.048,0.441048
ITA,Italy,Europe,1985,455.457,0.455457
ITA,Italy,Europe,1986,645.071,0.645071
ITA,Italy,Europe,1987,809.632,0.809632
ITA,Italy,Europe,1988,897.006,0.897006
ITA,Italy,Europe,1989,932.931,0.932931
ITA,Italy,Europe,1990,1164.328,1.164328
ITA,Italy,Europe,1991,1229.898,1.229898
ITA,Italy,Europe,1992,1305.099,1.305099
ITA,Italy,Europe,1993,1049.47,1.04947
ITA,Italy,Europe,1994,1082.455,1.082455
ITA,Italy,Europe,1995,1177.987,1.177987
ITA,Italy,Europe,1996,1315.135,1.315135
ITA,Italy,Europe,1997,1246.342,1.246342
ITA,Italy,Europe,1998,1274.382,1.274382
ITA,Italy,Europe,1999,1256.25,1.25625
ITA,Italy,Europe,2000,1150.169,1.150169
ITA,Italy,Europe,2001,1172.05,1.17205
ITA,Italy,Europe,2002,1280.84,1.28084
ITA,Italy,Europe,2003,1582.534,1.582534
ITA,Italy,Europe,2004,1811.987,1.811987
ITA,Italy,Europe,2005,1866.013,1.866013
ITA,Italy,Europe,2006,1958.667,1.958667
ITA,Italy,Europe,2007,2222.788,2.222788
ITA,Italy,Europe,2008,2417.245,2.417245
ITA,Italy,Europe,2009,2207.085,2.207085
ITA,Italy,Europe,2010,2146.687,2.146687
ITA,Italy,Europe,2011,2306.569,2.306569
ITA,Italy,Europe,2012,2099.259,2.099259
ITA,Italy,Europe,2013,2153.257,2.153257
ITA,Italy,Europe,2014,2173.816,2.173816
ITA,Italy,Europe,2015,1845.615,1.845615
ITA,Italy,Europe,2016,1886.59,1.88659
ITA,Italy,Europe,2017,1970.025,1.970025
ITA,Italy,Europe,2018,2100.387,2.100387
ITA,Italy,Europe,2019,2019.829,2.019829
ITA,Italy,Europe,2020,1905.956,1.905956
ITA,Italy,Europe,2021,2180.657,2.180657
ITA,Italy,Europe,2022,2105.723,2.105723
ITA,Italy,Europe,2023,2317.55,2.31755
ITA,Italy,Europe,2024,2382.718,2.382718
ITA,Italy,Europe,2025,2550.111,2.550111
ITA,Italy,Europe,2026,2738.164,2.738164
ITA,Italy,Europe,2027,2805.918,2.805918
ITA,Italy,Europe,2028,2887.378,2.887378
ITA,Italy,Europe,2029,2965.313,2.965313
ITA,Italy,Europe,2030,3045.633,3.045633
ITA,Italy,Europe,2031,3127.67,3.12767
JAM,Jamaica,Americas,1980,2.631,0.002631
JAM,Jamaica,Americas,1981,2.891,0.002891
JAM,Jamaica,Americas,1982,3.319,0.003319
JAM,Jamaica,Americas,1983,2.95,0.00295
JAM,Jamaica,Americas,1984,2.174,0.002174
JAM,Jamaica,Americas,1985,2.045,0.002045
JAM,Jamaica,Americas,1986,2.431,0.002431
JAM,Jamaica,Americas,1987,2.741,0.002741
JAM,Jamaica,Americas,1988,3.267,0.003267
JAM,Jamaica,Americas,1989,3.788,0.003788
JAM,Jamaica,Americas,1990,4.784,0.004784
JAM,Jamaica,Americas,1991,4.396,0.004396
JAM,Jamaica,Americas,1992,4.44,0.00444
JAM,Jamaica,Americas,1993,5.581,0.005581
JAM,Jamaica,Americas,1994,5.594,0.005594
JAM,Jamaica,Americas,1995,6.719,0.006719
JAM,Jamaica,Americas,1996,7.586,0.007586
JAM,Jamaica,Americas,1997,8.618,0.008618
JAM,Jamaica,Americas,1998,9.015,0.009015
JAM,Jamaica,Americas,1999,9.118,0.009118
JAM,Jamaica,Americas,2000,9.3,0.0093
JAM,Jamaica,Americas,2001,9.433,0.009433
JAM,Jamaica,Americas,2002,9.971,0.009971
JAM,Jamaica,Americas,2003,9.675,0.009675
JAM,Jamaica,Americas,2004,10.439,0.010439
JAM,Jamaica,Americas,2005,11.524,0.011524
JAM,Jamaica,Americas,2006,12.256,0.012256
JAM,Jamaica,Americas,2007,13.215,0.013215
JAM,Jamaica,Americas,2008,14.099,0.014099
JAM,Jamaica,Americas,2009,12.421,0.012421
JAM,Jamaica,Americas,2010,13.535,0.013535
JAM,Jamaica,Americas,2011,14.787,0.014787
JAM,Jamaica,Americas,2012,15.149,0.015149
JAM,Jamaica,Americas,2013,14.582,0.014582
JAM,Jamaica,Americas,2014,14.225,0.014225
JAM,Jamaica,Americas,2015,14.927,0.014927
JAM,Jamaica,Americas,2016,14.931,0.014931
JAM,Jamaica,Americas,2017,15.726,0.015726
JAM,Jamaica,Americas,2018,16.767,0.016767
JAM,Jamaica,Americas,2019,17.002,0.017002
JAM,Jamaica,Americas,2020,15.079,0.015079
JAM,Jamaica,Americas,2021,15.982,0.015982
JAM,Jamaica,Americas,2022,18.71,0.01871
JAM,Jamaica,Americas,2023,21.299,0.021299
JAM,Jamaica,Americas,2024,21.9,0.0219
JAM,Jamaica,Americas,2025,22.313,0.022313
JAM,Jamaica,Americas,2026,23.028,0.023028
JAM,Jamaica,Americas,2027,23.932,0.023932
JAM,Jamaica,Americas,2028,24.838,0.024838
JAM,Jamaica,Americas,2029,25.717,0.025717
JAM,Jamaica,Americas,2030,26.58,0.02658
JAM,Jamaica,Americas,2031,27.472,0.027472
JPN,Japan,Asia,1980,1155.182,1.155182
JPN,Japan,Asia,1981,1273.672,1.273672
JPN,Japan,Asia,1982,1185.206,1.185206
JPN,Japan,Asia,1983,1299.897,1.299897
JPN,Japan,Asia,1984,1376.575,1.376575
JPN,Japan,Asia,1985,1459.625,1.459625
JPN,Japan,Asia,1986,2168.525,2.168525
JPN,Japan,Asia,1987,2639.715,2.639715
JPN,Japan,Asia,1988,3197.143,3.197143
JPN,Japan,Asia,1989,3180.501,3.180501
JPN,Japan,Asia,1990,3258.697,3.258697
JPN,Japan,Asia,1991,3731.419,3.731419
JPN,Japan,Asia,1992,4071.656,4.071656
JPN,Japan,Asia,1993,4640.603,4.640603
JPN,Japan,Asia,1994,5104.062,5.104062
JPN,Japan,Asia,1995,5639.651,5.639651
JPN,Japan,Asia,1996,5021.444,5.021444
JPN,Japan,Asia,1997,4579.783,4.579783
JPN,Japan,Asia,1998,4150.36,4.15036
JPN,Japan,Asia,1999,4688.982,4.688982
JPN,Japan,Asia,2000,5042.382,5.042382
JPN,Japan,Asia,2001,4438.791,4.438791
JPN,Japan,Asia,2002,4245.946,4.245946
JPN,Japan,Asia,2003,4573.415,4.573415
JPN,Japan,Asia,2004,4941.505,4.941505
JPN,Japan,Asia,2005,4875.649,4.875649
JPN,Japan,Asia,2006,4648.058,4.648058
JPN,Japan,Asia,2007,4624.668,4.624668
JPN,Japan,Asia,2008,5160.198,5.160198
JPN,Japan,Asia,2009,5336.766,5.336766
JPN,Japan,Asia,2010,5811.577,5.811577
JPN,Japan,Asia,2011,6279.423,6.279423
JPN,Japan,Asia,2012,6333.803,6.333803
JPN,Japan,Asia,2013,5272.297,5.272297
JPN,Japan,Asia,2014,4985.764,4.985764
JPN,Japan,Asia,2015,4534.438,4.534438
JPN,Japan,Asia,2016,5110.357,5.110357
JPN,Japan,Asia,2017,5038.232,5.038232
JPN,Japan,Asia,2018,5154.293,5.154293
JPN,Japan,Asia,2019,5245.755,5.245755
JPN,Japan,Asia,2020,5189.197,5.189197
JPN,Japan,Asia,2021,5225.934,5.225934
JPN,Japan,Asia,2022,4447.976,4.447976
JPN,Japan,Asia,2023,4384.854,4.384854
JPN,Japan,Asia,2024,4190.008,4.190008
JPN,Japan,Asia,2025,4435.163,4.435163
JPN,Japan,Asia,2026,4379.253,4.379253
JPN,Japan,Asia,2027,4561.624,4.561624
JPN,Japan,Asia,2028,4744.089,4.744089
JPN,Japan,Asia,2029,4872.753,4.872753
JPN,Japan,Asia,2030,5002.181,5.002181
JPN,Japan,Asia,2031,5128.325,5.128325
JOR,Jordan,Asia,1980,4.344,0.004344
JOR,Jordan,Asia,1981,4.878,0.004878
JOR,Jordan,Asia,1982,5.206,0.005206
JOR,Jordan,Asia,1983,5.471,0.005471
JOR,Jordan,Asia,1984,5.527,0.005527
JOR,Jordan,Asia,1985,5.559,0.005559
JOR,Jordan,Asia,1986,7.119,0.007119
JOR,Jordan,Asia,1987,7.504,0.007504
JOR,Jordan,Asia,1988,7.03,0.00703
JOR,Jordan,Asia,1989,4.727,0.004727
JOR,Jordan,Asia,1990,4.625,0.004625
JOR,Jordan,Asia,1991,4.83,0.00483
JOR,Jordan,Asia,1992,5.968,0.005968
JOR,Jordan,Asia,1993,6.202,0.006202
JOR,Jordan,Asia,1994,6.982,0.006982
JOR,Jordan,Asia,1995,7.466,0.007466
JOR,Jordan,Asia,1996,7.792,0.007792
JOR,Jordan,Asia,1997,8.162,0.008162
JOR,Jordan,Asia,1998,9.017,0.009017
JOR,Jordan,Asia,1999,9.294,0.009294
JOR,Jordan,Asia,2000,9.637,0.009637
JOR,Jordan,Asia,2001,10.238,0.010238
JOR,Jordan,Asia,2002,11.015,0.011015
JOR,Jordan,Asia,2003,11.681,0.011681
JOR,Jordan,Asia,2004,13.002,0.013002
JOR,Jordan,Asia,2005,14.507,0.014507
JOR,Jordan,Asia,2006,17.447,0.017447
JOR,Jordan,Asia,2007,19.835,0.019835
JOR,Jordan,Asia,2008,25.64,0.02564
JOR,Jordan,Asia,2009,27.462,0.027462
JOR,Jordan,Asia,2010,30.203,0.030203
JOR,Jordan,Asia,2011,32.64,0.03264
JOR,Jordan,Asia,2012,34.903,0.034903
JOR,Jordan,Asia,2013,37.927,0.037927
JOR,Jordan,Asia,2014,40.592,0.040592
JOR,Jordan,Asia,2015,42.454,0.042454
JOR,Jordan,Asia,2016,43.75,0.04375
JOR,Jordan,Asia,2017,45.6,0.0456
JOR,Jordan,Asia,2018,47.503,0.047503
JOR,Jordan,Asia,2019,48.709,0.048709
JOR,Jordan,Asia,2020,48.0,0.048
JOR,Jordan,Asia,2021,50.775,0.050775
JOR,Jordan,Asia,2022,53.593,0.053593
JOR,Jordan,Asia,2023,56.203,0.056203
JOR,Jordan,Asia,2024,58.701,0.058701
JOR,Jordan,Asia,2025,61.692,0.061692
JOR,Jordan,Asia,2026,64.909,0.064909
JOR,Jordan,Asia,2027,68.46,0.06846
JOR,Jordan,Asia,2028,72.136,0.072136
JOR,Jordan,Asia,2029,76.009,0.076009
JOR,Jordan,Asia,2030,80.09,0.08009
JOR,Jordan,Asia,2031,84.39,0.08439
KAZ,Kazakhstan,Asia,1992,2.875,0.002875
KAZ,Kazakhstan,Asia,1993,5.152,0.005152
KAZ,Kazakhstan,Asia,1994,11.881,0.011881
KAZ,Kazakhstan,Asia,1995,16.639,0.016639
KAZ,Kazakhstan,Asia,1996,21.035,0.021035
KAZ,Kazakhstan,Asia,1997,22.166,0.022166
KAZ,Kazakhstan,Asia,1998,22.135,0.022135
KAZ,Kazakhstan,Asia,1999,16.871,0.016871
KAZ,Kazakhstan,Asia,2000,18.292,0.018292
KAZ,Kazakhstan,Asia,2001,22.153,0.022153
KAZ,Kazakhstan,Asia,2002,24.637,0.024637
KAZ,Kazakhstan,Asia,2003,30.834,0.030834
KAZ,Kazakhstan,Asia,2004,43.152,0.043152
KAZ,Kazakhstan,Asia,2005,57.125,0.057125
KAZ,Kazakhstan,Asia,2006,81.003,0.081003
KAZ,Kazakhstan,Asia,2007,104.85,0.10485
KAZ,Kazakhstan,Asia,2008,133.442,0.133442
KAZ,Kazakhstan,Asia,2009,115.309,0.115309
KAZ,Kazakhstan,Asia,2010,148.047,0.148047
KAZ,Kazakhstan,Asia,2011,192.626,0.192626
KAZ,Kazakhstan,Asia,2012,207.999,0.207999
KAZ,Kazakhstan,Asia,2013,236.635,0.236635
KAZ,Kazakhstan,Asia,2014,221.416,0.221416
KAZ,Kazakhstan,Asia,2015,184.388,0.184388
KAZ,Kazakhstan,Asia,2016,137.278,0.137278
KAZ,Kazakhstan,Asia,2017,166.806,0.166806
KAZ,Kazakhstan,Asia,2018,179.34,0.17934
KAZ,Kazakhstan,Asia,2019,181.667,0.181667
KAZ,Kazakhstan,Asia,2020,171.082,0.171082
KAZ,Kazakhstan,Asia,2021,197.112,0.197112
KAZ,Kazakhstan,Asia,2022,225.496,0.225496
KAZ,Kazakhstan,Asia,2023,261.84,0.26184
KAZ,Kazakhstan,Asia,2024,291.48,0.29148
KAZ,Kazakhstan,Asia,2025,302.746,0.302746
KAZ,Kazakhstan,Asia,2026,360.456,0.360456
KAZ,Kazakhstan,Asia,2027,385.966,0.385966
KAZ,Kazakhstan,Asia,2028,410.771,0.410771
KAZ,Kazakhstan,Asia,2029,439.14,0.43914
KAZ,Kazakhstan,Asia,2030,468.832,0.468832
KAZ,Kazakhstan,Asia,2031,501.684,0.501684
KEN,Kenya,Africa,1980,13.449,0.013449
KEN,Kenya,Africa,1981,12.667,0.012667
KEN,Kenya,Africa,1982,12.196,0.012196
KEN,Kenya,Africa,1983,11.279,0.011279
KEN,Kenya,Africa,1984,11.703,0.011703
KEN,Kenya,Africa,1985,11.646,0.011646
KEN,Kenya,Africa,1986,13.832,0.013832
KEN,Kenya,Africa,1987,15.163,0.015163
KEN,Kenya,Africa,1988,15.721,0.015721
KEN,Kenya,Africa,1989,15.586,0.015586
KEN,Kenya,Africa,1990,16.219,0.016219
KEN,Kenya,Africa,1991,15.315,0.015315
KEN,Kenya,Africa,1992,15.084,0.015084
KEN,Kenya,Africa,1993,10.479,0.010479
KEN,Kenya,Africa,1994,12.546,0.012546
KEN,Kenya,Africa,1995,15.905,0.015905
KEN,Kenya,Africa,1996,18.064,0.018064
KEN,Kenya,Africa,1997,18.3,0.0183
KEN,Kenya,Africa,1998,20.63,0.02063
KEN,Kenya,Africa,1999,18.594,0.018594
KEN,Kenya,Africa,2000,18.206,0.018206
KEN,Kenya,Africa,2001,18.697,0.018697
KEN,Kenya,Africa,2002,19.03,0.01903
KEN,Kenya,Africa,2003,21.391,0.021391
KEN,Kenya,Africa,2004,22.79,0.02279
KEN,Kenya,Africa,2005,26.307,0.026307
KEN,Kenya,Africa,2006,29.668,0.029668
KEN,Kenya,Africa,2007,36.708,0.036708
KEN,Kenya,Africa,2008,41.058,0.041058
KEN,Kenya,Africa,2009,42.347,0.042347
KEN,Kenya,Africa,2010,45.406,0.045406
KEN,Kenya,Africa,2011,46.555,0.046555
KEN,Kenya,Africa,2012,56.407,0.056407
KEN,Kenya,Africa,2013,61.703,0.061703
KEN,Kenya,Africa,2014,68.395,0.068395
KEN,Kenya,Africa,2015,70.37,0.07037
KEN,Kenya,Africa,2016,74.816,0.074816
KEN,Kenya,Africa,2017,81.965,0.081965
KEN,Kenya,Africa,2018,92.211,0.092211
KEN,Kenya,Africa,2019,100.328,0.100328
KEN,Kenya,Africa,2020,100.922,0.100922
KEN,Kenya,Africa,2021,109.875,0.109875
KEN,Kenya,Africa,2022,114.733,0.114733
KEN,Kenya,Africa,2023,108.206,0.108206
KEN,Kenya,Africa,2024,119.307,0.119307
KEN,Kenya,Africa,2025,136.455,0.136455
KEN,Kenya,Africa,2026,147.265,0.147265
KEN,Kenya,Africa,2027,154.744,0.154744
KEN,Kenya,Africa,2028,161.992,0.161992
KEN,Kenya,Africa,2029,171.533,0.171533
KEN,Kenya,Africa,2030,183.628,0.183628
KEN,Kenya,Africa,2031,196.043,0.196043
KIR,Kiribati,Oceania,1980,0.033,3.3e-05
KIR,Kiribati,Oceania,1981,0.035,3.5e-05
KIR,Kiribati,Oceania,1982,0.033,3.3e-05
KIR,Kiribati,Oceania,1983,0.031,3.1e-05
KIR,Kiribati,Oceania,1984,0.034,3.4e-05
KIR,Kiribati,Oceania,1985,0.026,2.6e-05
KIR,Kiribati,Oceania,1986,0.026,2.6e-05
KIR,Kiribati,Oceania,1987,0.03,3e-05
KIR,Kiribati,Oceania,1988,0.038,3.8e-05
KIR,Kiribati,Oceania,1989,0.038,3.8e-05
KIR,Kiribati,Oceania,1990,0.037,3.7e-05
KIR,Kiribati,Oceania,1991,0.041,4.1e-05
KIR,Kiribati,Oceania,1992,0.062,6.2e-05
KIR,Kiribati,Oceania,1993,0.059,5.9e-05
KIR,Kiribati,Oceania,1994,0.067,6.7e-05
KIR,Kiribati,Oceania,1995,0.069,6.9e-05
KIR,Kiribati,Oceania,1996,0.081,8.1e-05
KIR,Kiribati,Oceania,1997,0.08,8e-05
KIR,Kiribati,Oceania,1998,0.075,7.5e-05
KIR,Kiribati,Oceania,1999,0.077,7.7e-05
KIR,Kiribati,Oceania,2000,0.075,7.5e-05
KIR,Kiribati,Oceania,2001,0.065,6.5e-05
KIR,Kiribati,Oceania,2002,0.075,7.5e-05
KIR,Kiribati,Oceania,2003,0.097,9.7e-05
KIR,Kiribati,Oceania,2004,0.104,0.000104
KIR,Kiribati,Oceania,2005,0.114,0.000114
KIR,Kiribati,Oceania,2006,0.112,0.000112
KIR,Kiribati,Oceania,2007,0.138,0.000138
KIR,Kiribati,Oceania,2008,0.15,0.00015
KIR,Kiribati,Oceania,2009,0.142,0.000142
KIR,Kiribati,Oceania,2010,0.166,0.000166
KIR,Kiribati,Oceania,2011,0.196,0.000196
KIR,Kiribati,Oceania,2012,0.207,0.000207
KIR,Kiribati,Oceania,2013,0.202,0.000202
KIR,Kiribati,Oceania,2014,0.201,0.000201
KIR,Kiribati,Oceania,2015,0.192,0.000192
KIR,Kiribati,Oceania,2016,0.207,0.000207
KIR,Kiribati,Oceania,2017,0.223,0.000223
KIR,Kiribati,Oceania,2018,0.234,0.000234
KIR,Kiribati,Oceania,2019,0.234,0.000234
KIR,Kiribati,Oceania,2020,0.222,0.000222
KIR,Kiribati,Oceania,2021,0.286,0.000286
KIR,Kiribati,Oceania,2022,0.272,0.000272
KIR,Kiribati,Oceania,2023,0.292,0.000292
KIR,Kiribati,Oceania,2024,0.343,0.000343
KIR,Kiribati,Oceania,2025,0.349,0.000349
KIR,Kiribati,Oceania,2026,0.401,0.000401
KIR,Kiribati,Oceania,2027,0.417,0.000417
KIR,Kiribati,Oceania,2028,0.431,0.000431
KIR,Kiribati,Oceania,2029,0.447,0.000447
KIR,Kiribati,Oceania,2030,0.464,0.000464
KIR,Kiribati,Oceania,2031,0.48,0.00048
XKX,Kosovo,Europe,2000,2.217,0.002217
XKX,Kosovo,Europe,2001,2.509,0.002509
XKX,Kosovo,Europe,2002,2.73,0.00273
XKX,Kosovo,Europe,2003,3.39,0.00339
XKX,Kosovo,Europe,2004,3.71,0.00371
XKX,Kosovo,Europe,2005,3.828,0.003828
XKX,Kosovo,Europe,2006,4.019,0.004019
XKX,Kosovo,Europe,2007,4.868,0.004868
XKX,Kosovo,Europe,2008,5.202,0.005202
XKX,Kosovo,Europe,2009,5.03,0.00503
XKX,Kosovo,Europe,2010,5.348,0.005348
XKX,Kosovo,Europe,2011,6.34,0.00634
XKX,Kosovo,Europe,2012,6.167,0.006167
XKX,Kosovo,Europe,2013,6.735,0.006735
XKX,Kosovo,Europe,2014,7.076,0.007076
XKX,Kosovo,Europe,2015,6.296,0.006296
XKX,Kosovo,Europe,2016,6.681,0.006681
XKX,Kosovo,Europe,2017,7.178,0.007178
XKX,Kosovo,Europe,2018,7.882,0.007882
XKX,Kosovo,Europe,2019,7.9,0.0079
XKX,Kosovo,Europe,2020,7.728,0.007728
XKX,Kosovo,Europe,2021,9.418,0.009418
XKX,Kosovo,Europe,2022,9.375,0.009375
XKX,Kosovo,Europe,2023,10.47,0.01047
XKX,Kosovo,Europe,2024,11.2,0.0112
XKX,Kosovo,Europe,2025,12.449,0.012449
XKX,Kosovo,Europe,2026,14.053,0.014053
XKX,Kosovo,Europe,2027,15.26,0.01526
XKX,Kosovo,Europe,2028,16.213,0.016213
XKX,Kosovo,Europe,2029,17.249,0.017249
XKX,Kosovo,Europe,2030,18.354,0.018354
XKX,Kosovo,Europe,2031,19.527,0.019527
KWT,Kuwait,Asia,1981,25.249,0.025249
KWT,Kuwait,Asia,1982,21.583,0.021583
KWT,Kuwait,Asia,1983,20.871,0.020871
KWT,Kuwait,Asia,1984,21.7,0.0217
KWT,Kuwait,Asia,1985,21.445,0.021445
KWT,Kuwait,Asia,1986,17.904,0.017904
KWT,Kuwait,Asia,1987,22.368,0.022368
KWT,Kuwait,Asia,1988,20.69,0.02069
KWT,Kuwait,Asia,1989,24.313,0.024313
KWT,Kuwait,Asia,1990,18.239,0.018239
KWT,Kuwait,Asia,1991,10.791,0.010791
KWT,Kuwait,Asia,1992,19.871,0.019871
KWT,Kuwait,Asia,1993,23.955,0.023955
KWT,Kuwait,Asia,1994,24.859,0.024859
KWT,Kuwait,Asia,1995,27.186,0.027186
KWT,Kuwait,Asia,1996,31.491,0.031491
KWT,Kuwait,Asia,1997,30.35,0.03035
KWT,Kuwait,Asia,1998,25.941,0.025941
KWT,Kuwait,Asia,1999,30.126,0.030126
KWT,Kuwait,Asia,2000,37.714,0.037714
KWT,Kuwait,Asia,2001,34.906,0.034906
KWT,Kuwait,Asia,2002,38.129,0.038129
KWT,Kuwait,Asia,2003,47.869,0.047869
KWT,Kuwait,Asia,2004,59.439,0.059439
KWT,Kuwait,Asia,2005,80.799,0.080799
KWT,Kuwait,Asia,2006,101.548,0.101548
KWT,Kuwait,Asia,2007,114.608,0.114608
KWT,Kuwait,Asia,2008,147.391,0.147391
KWT,Kuwait,Asia,2009,105.992,0.105992
KWT,Kuwait,Asia,2010,115.401,0.115401
KWT,Kuwait,Asia,2011,154.02,0.15402
KWT,Kuwait,Asia,2012,174.066,0.174066
KWT,Kuwait,Asia,2013,174.179,0.174179
KWT,Kuwait,Asia,2014,162.695,0.162695
KWT,Kuwait,Asia,2015,114.606,0.114606
KWT,Kuwait,Asia,2016,109.399,0.109399
KWT,Kuwait,Asia,2017,120.688,0.120688
KWT,Kuwait,Asia,2018,138.655,0.138655
KWT,Kuwait,Asia,2019,140.855,0.140855
KWT,Kuwait,Asia,2020,111.048,0.111048
KWT,Kuwait,Asia,2021,148.346,0.148346
KWT,Kuwait,Asia,2022,183.539,0.183539
KWT,Kuwait,Asia,2023,165.474,0.165474
KWT,Kuwait,Asia,2024,160.902,0.160902
KWT,Kuwait,Asia,2025,157.835,0.157835
KWT,Kuwait,Asia,2026,172.92,0.17292
KWT,Kuwait,Asia,2027,174.746,0.174746
KWT,Kuwait,Asia,2028,180.084,0.180084
KWT,Kuwait,Asia,2029,186.64,0.18664
KWT,Kuwait,Asia,2030,193.409,0.193409
KWT,Kuwait,Asia,2031,200.267,0.200267
KGZ,Kyrgyzstan,Asia,1992,0.917,0.000917
KGZ,Kyrgyzstan,Asia,1993,0.665,0.000665
KGZ,Kyrgyzstan,Asia,1994,1.108,0.001108
KGZ,Kyrgyzstan,Asia,1995,1.493,0.001493
KGZ,Kyrgyzstan,Asia,1996,1.822,0.001822
KGZ,Kyrgyzstan,Asia,1997,1.767,0.001767
KGZ,Kyrgyzstan,Asia,1998,1.63,0.00163
KGZ,Kyrgyzstan,Asia,1999,1.242,0.001242
KGZ,Kyrgyzstan,Asia,2000,1.368,0.001368
KGZ,Kyrgyzstan,Asia,2001,1.525,0.001525
KGZ,Kyrgyzstan,Asia,2002,1.606,0.001606
KGZ,Kyrgyzstan,Asia,2003,1.92,0.00192
KGZ,Kyrgyzstan,Asia,2004,2.214,0.002214
KGZ,Kyrgyzstan,Asia,2005,2.459,0.002459
KGZ,Kyrgyzstan,Asia,2006,2.837,0.002837
KGZ,Kyrgyzstan,Asia,2007,3.807,0.003807
KGZ,Kyrgyzstan,Asia,2008,5.139,0.005139
KGZ,Kyrgyzstan,Asia,2009,4.69,0.00469
KGZ,Kyrgyzstan,Asia,2010,4.794,0.004794
KGZ,Kyrgyzstan,Asia,2011,6.198,0.006198
KGZ,Kyrgyzstan,Asia,2012,6.604,0.006604
KGZ,Kyrgyzstan,Asia,2013,7.335,0.007335
KGZ,Kyrgyzstan,Asia,2014,7.467,0.007467
KGZ,Kyrgyzstan,Asia,2015,6.678,0.006678
KGZ,Kyrgyzstan,Asia,2016,6.813,0.006813
KGZ,Kyrgyzstan,Asia,2017,7.703,0.007703
KGZ,Kyrgyzstan,Asia,2018,8.271,0.008271
KGZ,Kyrgyzstan,Asia,2019,9.372,0.009372
KGZ,Kyrgyzstan,Asia,2020,8.283,0.008283
KGZ,Kyrgyzstan,Asia,2021,9.256,0.009256
KGZ,Kyrgyzstan,Asia,2022,12.269,0.012269
KGZ,Kyrgyzstan,Asia,2023,15.187,0.015187
KGZ,Kyrgyzstan,Asia,2024,18.175,0.018175
KGZ,Kyrgyzstan,Asia,2025,21.567,0.021567
KGZ,Kyrgyzstan,Asia,2026,23.606,0.023606
KGZ,Kyrgyzstan,Asia,2027,25.412,0.025412
KGZ,Kyrgyzstan,Asia,2028,27.228,0.027228
KGZ,Kyrgyzstan,Asia,2029,29.097,0.029097
KGZ,Kyrgyzstan,Asia,2030,30.855,0.030855
KGZ,Kyrgyzstan,Asia,2031,32.491,0.032491
LAO,Laos,Asia,1980,1.913,0.001913
LAO,Laos,Asia,1981,1.118,0.001118
LAO,Laos,Asia,1982,1.119,0.001119
LAO,Laos,Asia,1983,2.047,0.002047
LAO,Laos,Asia,1984,2.93,0.00293
LAO,Laos,Asia,1985,3.685,0.003685
LAO,Laos,Asia,1986,2.577,0.002577
LAO,Laos,Asia,1987,1.815,0.001815
LAO,Laos,Asia,1988,1.182,0.001182
LAO,Laos,Asia,1989,1.46,0.00146
LAO,Laos,Asia,1990,1.742,0.001742
LAO,Laos,Asia,1991,2.053,0.002053
LAO,Laos,Asia,1992,2.354,0.002354
LAO,Laos,Asia,1993,2.652,0.002652
LAO,Laos,Asia,1994,3.081,0.003081
LAO,Laos,Asia,1995,3.579,0.003579
LAO,Laos,Asia,1996,3.726,0.003726
LAO,Laos,Asia,1997,3.515,0.003515
LAO,Laos,Asia,1998,1.334,0.001334
LAO,Laos,Asia,1999,1.415,0.001415
LAO,Laos,Asia,2000,1.72,0.00172
LAO,Laos,Asia,2001,1.757,0.001757
LAO,Laos,Asia,2002,1.844,0.001844
LAO,Laos,Asia,2003,2.26,0.00226
LAO,Laos,Asia,2004,2.651,0.002651
LAO,Laos,Asia,2005,3.079,0.003079
LAO,Laos,Asia,2006,3.934,0.003934
LAO,Laos,Asia,2007,4.757,0.004757
LAO,Laos,Asia,2008,5.946,0.005946
LAO,Laos,Asia,2009,6.431,0.006431
LAO,Laos,Asia,2010,7.506,0.007506
LAO,Laos,Asia,2011,8.964,0.008964
LAO,Laos,Asia,2012,10.194,0.010194
LAO,Laos,Asia,2013,11.972,0.011972
LAO,Laos,Asia,2014,13.266,0.013266
LAO,Laos,Asia,2015,14.418,0.014418
LAO,Laos,Asia,2016,15.904,0.015904
LAO,Laos,Asia,2017,17.055,0.017055
LAO,Laos,Asia,2018,18.131,0.018131
LAO,Laos,Asia,2019,18.77,0.01877
LAO,Laos,Asia,2020,18.511,0.018511
LAO,Laos,Asia,2021,18.533,0.018533
LAO,Laos,Asia,2022,15.121,0.015121
LAO,Laos,Asia,2023,14.993,0.014993
LAO,Laos,Asia,2024,15.792,0.015792
LAO,Laos,Asia,2025,17.822,0.017822
LAO,Laos,Asia,2026,18.959,0.018959
LAO,Laos,Asia,2027,20.087,0.020087
LAO,Laos,Asia,2028,21.238,0.021238
LAO,Laos,Asia,2029,22.319,0.022319
LAO,Laos,Asia,2030,23.412,0.023412
LAO,Laos,Asia,2031,24.522,0.024522
LVA,Latvia,Europe,1992,1.641,0.001641
LVA,Latvia,Europe,1993,2.643,0.002643
LVA,Latvia,Europe,1994,4.391,0.004391
LVA,Latvia,Europe,1995,5.242,0.005242
LVA,Latvia,Europe,1996,5.799,0.005799
LVA,Latvia,Europe,1997,6.351,0.006351
LVA,Latvia,Europe,1998,6.977,0.006977
LVA,Latvia,Europe,1999,7.325,0.007325
LVA,Latvia,Europe,2000,7.765,0.007765
LVA,Latvia,Europe,2001,8.192,0.008192
LVA,Latvia,Europe,2002,9.256,0.009256
LVA,Latvia,Europe,2003,11.249,0.011249
LVA,Latvia,Europe,2004,13.831,0.013831
LVA,Latvia,Europe,2005,16.332,0.016332
LVA,Latvia,Europe,2006,20.453,0.020453
LVA,Latvia,Europe,2007,29.463,0.029463
LVA,Latvia,Europe,2008,34.296,0.034296
LVA,Latvia,Europe,2009,25.758,0.025758
LVA,Latvia,Europe,2010,23.509,0.023509
LVA,Latvia,Europe,2011,26.832,0.026832
LVA,Latvia,Europe,2012,27.136,0.027136
LVA,Latvia,Europe,2013,29.157,0.029157
LVA,Latvia,Europe,2014,30.285,0.030285
LVA,Latvia,Europe,2015,26.347,0.026347
LVA,Latvia,Europe,2016,27.11,0.02711
LVA,Latvia,Europe,2017,29.381,0.029381
LVA,Latvia,Europe,2018,33.263,0.033263
LVA,Latvia,Europe,2019,33.103,0.033103
LVA,Latvia,Europe,2020,33.353,0.033353
LVA,Latvia,Europe,2021,38.209,0.038209
LVA,Latvia,Europe,2022,38.033,0.038033
LVA,Latvia,Europe,2023,42.792,0.042792
LVA,Latvia,Europe,2024,43.988,0.043988
LVA,Latvia,Europe,2025,48.591,0.048591
LVA,Latvia,Europe,2026,53.686,0.053686
LVA,Latvia,Europe,2027,56.741,0.056741
LVA,Latvia,Europe,2028,59.801,0.059801
LVA,Latvia,Europe,2029,62.785,0.062785
LVA,Latvia,Europe,2030,65.872,0.065872
LVA,Latvia,Europe,2031,69.132,0.069132
LBN,Lebanon,Asia,1980,4.02,0.00402
LBN,Lebanon,Asia,1981,3.843,0.003843
LBN,Lebanon,Asia,1982,2.621,0.002621
LBN,Lebanon,Asia,1983,3.611,0.003611
LBN,Lebanon,Asia,1984,4.269,0.004269
LBN,Lebanon,Asia,1985,3.566,0.003566
LBN,Lebanon,Asia,1986,2.78,0.00278
LBN,Lebanon,Asia,1987,3.254,0.003254
LBN,Lebanon,Asia,1988,3.269,0.003269
LBN,Lebanon,Asia,1989,2.682,0.002682
LBN,Lebanon,Asia,1990,2.801,0.002801
LBN,Lebanon,Asia,1991,4.392,0.004392
LBN,Lebanon,Asia,1992,5.472,0.005472
LBN,Lebanon,Asia,1993,7.435,0.007435
LBN,Lebanon,Asia,1994,8.988,0.008988
LBN,Lebanon,Asia,1995,10.971,0.010971
LBN,Lebanon,Asia,1996,12.824,0.012824
LBN,Lebanon,Asia,1997,15.535,0.015535
LBN,Lebanon,Asia,1998,17.059,0.017059
LBN,Lebanon,Asia,1999,17.174,0.017174
LBN,Lebanon,Asia,2000,17.018,0.017018
LBN,Lebanon,Asia,2001,17.361,0.017361
LBN,Lebanon,Asia,2002,18.837,0.018837
LBN,Lebanon,Asia,2003,19.486,0.019486
LBN,Lebanon,Asia,2004,21.16,0.02116
LBN,Lebanon,Asia,2005,21.497,0.021497
LBN,Lebanon,Asia,2006,22.023,0.022023
LBN,Lebanon,Asia,2007,24.827,0.024827
LBN,Lebanon,Asia,2008,29.119,0.029119
LBN,Lebanon,Asia,2009,35.4,0.0354
LBN,Lebanon,Asia,2010,38.444,0.038444
LBN,Lebanon,Asia,2011,39.927,0.039927
LBN,Lebanon,Asia,2012,44.015,0.044015
LBN,Lebanon,Asia,2013,46.868,0.046868
LBN,Lebanon,Asia,2014,48.068,0.048068
LBN,Lebanon,Asia,2015,49.893,0.049893
LBN,Lebanon,Asia,2016,50.618,0.050618
LBN,Lebanon,Asia,2017,52.88,0.05288
LBN,Lebanon,Asia,2018,55.29,0.05529
LBN,Lebanon,Asia,2019,50.983,0.050983
LBN,Lebanon,Asia,2020,23.626,0.023626
LBN,Lebanon,Asia,2021,20.522,0.020522
LBN,Lebanon,Asia,2022,25.674,0.025674
LBN,Lebanon,Asia,2023,24.491,0.024491
LBN,Lebanon,Asia,2024,29.339,0.029339
LBN,Lebanon,Asia,2025,34.497,0.034497
LSO,Lesotho,Africa,1980,0.428,0.000428
LSO,Lesotho,Africa,1981,0.435,0.000435
LSO,Lesotho,Africa,1982,0.362,0.000362
LSO,Lesotho,Africa,1983,0.401,0.000401
LSO,Lesotho,Africa,1984,0.36,0.00036
LSO,Lesotho,Africa,1985,0.288,0.000288
LSO,Lesotho,Africa,1986,0.331,0.000331
LSO,Lesotho,Africa,1987,0.434,0.000434
LSO,Lesotho,Africa,1988,0.496,0.000496
LSO,Lesotho,Africa,1989,0.519,0.000519
LSO,Lesotho,Africa,1990,0.635,0.000635
LSO,Lesotho,Africa,1991,0.743,0.000743
LSO,Lesotho,Africa,1992,0.863,0.000863
LSO,Lesotho,Africa,1993,0.865,0.000865
LSO,Lesotho,Africa,1994,0.915,0.000915
LSO,Lesotho,Africa,1995,1.032,0.001032
LSO,Lesotho,Africa,1996,0.977,0.000977
LSO,Lesotho,Africa,1997,1.027,0.001027
LSO,Lesotho,Africa,1998,0.949,0.000949
LSO,Lesotho,Africa,1999,0.937,0.000937
LSO,Lesotho,Africa,2000,0.922,0.000922
LSO,Lesotho,Africa,2001,0.774,0.000774
LSO,Lesotho,Africa,2002,0.856,0.000856
LSO,Lesotho,Africa,2003,1.256,0.001256
LSO,Lesotho,Africa,2004,1.598,0.001598
LSO,Lesotho,Africa,2005,1.73,0.00173
LSO,Lesotho,Africa,2006,1.72,0.00172
LSO,Lesotho,Africa,2007,1.759,0.001759
LSO,Lesotho,Africa,2008,1.652,0.001652
LSO,Lesotho,Africa,2009,1.937,0.001937
LSO,Lesotho,Africa,2010,2.356,0.002356
LSO,Lesotho,Africa,2011,2.571,0.002571
LSO,Lesotho,Africa,2012,2.465,0.002465
LSO,Lesotho,Africa,2013,2.345,0.002345
LSO,Lesotho,Africa,2014,2.477,0.002477
LSO,Lesotho,Africa,2015,2.202,0.002202
LSO,Lesotho,Africa,2016,2.206,0.002206
LSO,Lesotho,Africa,2017,2.424,0.002424
LSO,Lesotho,Africa,2018,2.472,0.002472
LSO,Lesotho,Africa,2019,2.323,0.002323
LSO,Lesotho,Africa,2020,2.092,0.002092
LSO,Lesotho,Africa,2021,2.443,0.002443
LSO,Lesotho,Africa,2022,2.275,0.002275
LSO,Lesotho,Africa,2023,2.227,0.002227
LSO,Lesotho,Africa,2024,2.514,0.002514
LSO,Lesotho,Africa,2025,2.854,0.002854
LSO,Lesotho,Africa,2026,2.972,0.002972
LSO,Lesotho,Africa,2027,3.096,0.003096
LSO,Lesotho,Africa,2028,3.24,0.00324
LSO,Lesotho,Africa,2029,3.394,0.003394
LSO,Lesotho,Africa,2030,3.557,0.003557
LSO,Lesotho,Africa,2031,3.743,0.003743
LBR,Liberia,Africa,2000,0.863,0.000863
LBR,Liberia,Africa,2001,0.904,0.000904
LBR,Liberia,Africa,2002,0.943,0.000943
LBR,Liberia,Africa,2003,0.713,0.000713
LBR,Liberia,Africa,2004,0.897,0.000897
LBR,Liberia,Africa,2005,0.944,0.000944
LBR,Liberia,Africa,2006,1.109,0.001109
LBR,Liberia,Africa,2007,1.344,0.001344
LBR,Liberia,Africa,2008,1.676,0.001676
LBR,Liberia,Africa,2009,1.765,0.001765
LBR,Liberia,Africa,2010,1.966,0.001966
LBR,Liberia,Africa,2011,2.34,0.00234
LBR,Liberia,Africa,2012,2.675,0.002675
LBR,Liberia,Africa,2013,3.044,0.003044
LBR,Liberia,Africa,2014,3.09,0.00309
LBR,Liberia,Africa,2015,3.092,0.003092
LBR,Liberia,Africa,2016,3.256,0.003256
LBR,Liberia,Africa,2017,3.321,0.003321
LBR,Liberia,Africa,2018,3.264,0.003264
LBR,Liberia,Africa,2019,3.08,0.00308
LBR,Liberia,Africa,2020,3.037,0.003037
LBR,Liberia,Africa,2021,3.509,0.003509
LBR,Liberia,Africa,2022,3.974,0.003974
LBR,Liberia,Africa,2023,4.39,0.00439
LBR,Liberia,Africa,2024,4.778,0.004778
LBR,Liberia,Africa,2025,5.216,0.005216
LBR,Liberia,Africa,2026,5.642,0.005642
LBR,Liberia,Africa,2027,6.053,0.006053
LBR,Liberia,Africa,2028,6.469,0.006469
LBR,Liberia,Africa,2029,6.919,0.006919
LBR,Liberia,Africa,2030,7.416,0.007416
LBR,Liberia,Africa,2031,7.976,0.007976
LBY,Libya,Africa,1980,40.19,0.04019
LBY,Libya,Africa,1981,34.72,0.03472
LBY,Libya,Africa,1982,34.616,0.034616
LBY,Libya,Africa,1983,32.988,0.032988
LBY,Libya,Africa,1984,30.89,0.03089
LBY,Libya,Africa,1985,30.384,0.030384
LBY,Libya,Africa,1986,24.756,0.024756
LBY,Libya,Africa,1987,23.009,0.023009
LBY,Libya,Africa,1988,25.87,0.02587
LBY,Libya,Africa,1989,27.446,0.027446
LBY,Libya,Africa,1990,31.627,0.031627
LBY,Libya,Africa,1991,34.995,0.034995
LBY,Libya,Africa,1992,35.459,0.035459
LBY,Libya,Africa,1993,31.912,0.031912
LBY,Libya,Africa,1994,29.719,0.029719
LBY,Libya,Africa,1995,33.739,0.033739
LBY,Libya,Africa,1996,36.827,0.036827
LBY,Libya,Africa,1997,37.702,0.037702
LBY,Libya,Africa,1998,30.921,0.030921
LBY,Libya,Africa,1999,37.129,0.037129
LBY,Libya,Africa,2000,39.498,0.039498
LBY,Libya,Africa,2001,35.206,0.035206
LBY,Libya,Africa,2002,21.128,0.021128
LBY,Libya,Africa,2003,27.026,0.027026
LBY,Libya,Africa,2004,34.054,0.034054
LBY,Libya,Africa,2005,48.852,0.048852
LBY,Libya,Africa,2006,60.094,0.060094
LBY,Libya,Africa,2007,68.211,0.068211
LBY,Libya,Africa,2008,86.804,0.086804
LBY,Libya,Africa,2009,60.767,0.060767
LBY,Libya,Africa,2010,75.381,0.075381
LBY,Libya,Africa,2011,48.17,0.04817
LBY,Libya,Africa,2012,92.542,0.092542
LBY,Libya,Africa,2013,75.355,0.075355
LBY,Libya,Africa,2014,57.384,0.057384
LBY,Libya,Africa,2015,48.718,0.048718
LBY,Libya,Africa,2016,49.913,0.049913
LBY,Libya,Africa,2017,67.153,0.067153
LBY,Libya,Africa,2018,76.682,0.076682
LBY,Libya,Africa,2019,69.237,0.069237
LBY,Libya,Africa,2020,46.893,0.046893
LBY,Libya,Africa,2021,35.216,0.035216
LBY,Libya,Africa,2022,43.281,0.043281
LBY,Libya,Africa,2023,43.958,0.043958
LBY,Libya,Africa,2024,49.349,0.049349
LBY,Libya,Africa,2025,44.732,0.044732
LBY,Libya,Africa,2026,52.453,0.052453
LBY,Libya,Africa,2027,50.082,0.050082
LBY,Libya,Africa,2028,49.772,0.049772
LBY,Libya,Africa,2029,49.842,0.049842
LBY,Libya,Africa,2030,49.763,0.049763
LBY,Libya,Africa,2031,49.473,0.049473
LIE,Liechtenstein,Europe,2000,2.719,0.002719
LIE,Liechtenstein,Europe,2001,2.725,0.002725
LIE,Liechtenstein,Europe,2002,2.927,0.002927
LIE,Liechtenstein,Europe,2003,3.335,0.003335
LIE,Liechtenstein,Europe,2004,3.759,0.003759
LIE,Liechtenstein,Europe,2005,3.989,0.003989
LIE,Liechtenstein,Europe,2006,4.366,0.004366
LIE,Liechtenstein,Europe,2007,5.038,0.005038
LIE,Liechtenstein,Europe,2008,5.551,0.005551
LIE,Liechtenstein,Europe,2009,4.891,0.004891
LIE,Liechtenstein,Europe,2010,5.536,0.005536
LIE,Liechtenstein,Europe,2011,6.238,0.006238
LIE,Liechtenstein,Europe,2012,5.909,0.005909
LIE,Liechtenstein,Europe,2013,6.273,0.006273
LIE,Liechtenstein,Europe,2014,6.533,0.006533
LIE,Liechtenstein,Europe,2015,6.154,0.006154
LIE,Liechtenstein,Europe,2016,6.118,0.006118
LIE,Liechtenstein,Europe,2017,6.375,0.006375
LIE,Liechtenstein,Europe,2018,6.693,0.006693
LIE,Liechtenstein,Europe,2019,6.437,0.006437
LIE,Liechtenstein,Europe,2020,6.405,0.006405
LIE,Liechtenstein,Europe,2021,7.913,0.007913
LIE,Liechtenstein,Europe,2022,7.427,0.007427
LIE,Liechtenstein,Europe,2023,8.239,0.008239
LIE,Liechtenstein,Europe,2024,8.465,0.008465
LIE,Liechtenstein,Europe,2025,8.991,0.008991
LIE,Liechtenstein,Europe,2026,9.442,0.009442
LIE,Liechtenstein,Europe,2027,9.691,0.009691
LIE,Liechtenstein,Europe,2028,10.041,0.010041
LIE,Liechtenstein,Europe,2029,10.45,0.01045
LIE,Liechtenstein,Europe,2030,10.876,0.010876
LIE,Liechtenstein,Europe,2031,11.319,0.011319
LTU,Lithuania,Europe,1995,6.742,0.006742
LTU,Lithuania,Europe,1996,8.44,0.00844
LTU,Lithuania,Europe,1997,10.159,0.010159
LTU,Lithuania,Europe,1998,11.284,0.011284
LTU,Lithuania,Europe,1999,11.017,0.011017
LTU,Lithuania,Europe,2000,11.541,0.011541
LTU,Lithuania,Europe,2001,12.26,0.01226
LTU,Lithuania,Europe,2002,14.283,0.014283
LTU,Lithuania,Europe,2003,18.801,0.018801
LTU,Lithuania,Europe,2004,22.71,0.02271
LTU,Lithuania,Europe,2005,26.118,0.026118
LTU,Lithuania,Europe,2006,30.138,0.030138
LTU,Lithuania,Europe,2007,39.765,0.039765
LTU,Lithuania,Europe,2008,48.004,0.048004
LTU,Lithuania,Europe,2009,37.591,0.037591
LTU,Lithuania,Europe,2010,36.693,0.036693
LTU,Lithuania,Europe,2011,43.201,0.043201
LTU,Lithuania,Europe,2012,42.736,0.042736
LTU,Lithuania,Europe,2013,46.321,0.046321
LTU,Lithuania,Europe,2014,48.388,0.048388
LTU,Lithuania,Europe,2015,41.548,0.041548
LTU,Lithuania,Europe,2016,42.952,0.042952
LTU,Lithuania,Europe,2017,47.745,0.047745
LTU,Lithuania,Europe,2018,54.295,0.054295
LTU,Lithuania,Europe,2019,55.132,0.055132
LTU,Lithuania,Europe,2020,57.352,0.057352
LTU,Lithuania,Europe,2021,67.103,0.067103
LTU,Lithuania,Europe,2022,70.687,0.070687
LTU,Lithuania,Europe,2023,80.392,0.080392
LTU,Lithuania,Europe,2024,85.482,0.085482
LTU,Lithuania,Europe,2025,94.927,0.094927
LTU,Lithuania,Europe,2026,105.907,0.105907
LTU,Lithuania,Europe,2027,110.453,0.110453
LTU,Lithuania,Europe,2028,116.583,0.116583
LTU,Lithuania,Europe,2029,122.104,0.122104
LTU,Lithuania,Europe,2030,128.588,0.128588
LTU,Lithuania,Europe,2031,134.66,0.13466
LUX,Luxembourg,Europe,1980,6.434,0.006434
LUX,Luxembourg,Europe,1981,5.549,0.005549
LUX,Luxembourg,Europe,1982,4.557,0.004557
LUX,Luxembourg,Europe,1983,4.473,0.004473
LUX,Luxembourg,Europe,1984,4.385,0.004385
LUX,Luxembourg,Europe,1985,4.544,0.004544
LUX,Luxembourg,Europe,1986,6.611,0.006611
LUX,Luxembourg,Europe,1987,8.211,0.008211
LUX,Luxembourg,Europe,1988,9.301,0.009301
LUX,Luxembourg,Europe,1989,9.903,0.009903
LUX,Luxembourg,Europe,1990,12.628,0.012628
LUX,Luxembourg,Europe,1991,13.683,0.013683
LUX,Luxembourg,Europe,1992,15.328,0.015328
LUX,Luxembourg,Europe,1993,15.714,0.015714
LUX,Luxembourg,Europe,1994,17.487,0.017487
LUX,Luxembourg,Europe,1995,20.571,0.020571
LUX,Luxembourg,Europe,1996,20.464,0.020464
LUX,Luxembourg,Europe,1997,18.428,0.018428
LUX,Luxembourg,Europe,1998,19.263,0.019263
LUX,Luxembourg,Europe,1999,21.089,0.021089
LUX,Luxembourg,Europe,2000,21.24,0.02124
LUX,Luxembourg,Europe,2001,21.388,0.021388
LUX,Luxembourg,Europe,2002,23.633,0.023633
LUX,Luxembourg,Europe,2003,29.66,0.02966
LUX,Luxembourg,Europe,2004,35.049,0.035049
LUX,Luxembourg,Europe,2005,37.693,0.037693
LUX,Luxembourg,Europe,2006,42.912,0.042912
LUX,Luxembourg,Europe,2007,51.593,0.051593
LUX,Luxembourg,Europe,2008,58.838,0.058838
LUX,Luxembourg,Europe,2009,54.408,0.054408
LUX,Luxembourg,Europe,2010,56.26,0.05626
LUX,Luxembourg,Europe,2011,61.685,0.061685
LUX,Luxembourg,Europe,2012,59.814,0.059814
LUX,Luxembourg,Europe,2013,65.204,0.065204
LUX,Luxembourg,Europe,2014,68.823,0.068823
LUX,Luxembourg,Europe,2015,60.078,0.060078
LUX,Luxembourg,Europe,2016,62.2,0.0622
LUX,Luxembourg,Europe,2017,65.689,0.065689
LUX,Luxembourg,Europe,2018,71.118,0.071118
LUX,Luxembourg,Europe,2019,69.88,0.06988
LUX,Luxembourg,Europe,2020,73.612,0.073612
LUX,Luxembourg,Europe,2021,86.444,0.086444
LUX,Luxembourg,Europe,2022,80.865,0.080865
LUX,Luxembourg,Europe,2023,88.814,0.088814
LUX,Luxembourg,Europe,2024,93.252,0.093252
LUX,Luxembourg,Europe,2025,101.1,0.1011
LUX,Luxembourg,Europe,2026,110.417,0.110417
LUX,Luxembourg,Europe,2027,114.475,0.114475
LUX,Luxembourg,Europe,2028,119.152,0.119152
LUX,Luxembourg,Europe,2029,124.119,0.124119
LUX,Luxembourg,Europe,2030,129.281,0.129281
LUX,Luxembourg,Europe,2031,134.618,0.134618
MAC,Macau,Asia,2001,6.86,0.00686
MAC,Macau,Asia,2002,7.372,0.007372
MAC,Macau,Asia,2003,8.247,0.008247
MAC,Macau,Asia,2004,10.643,0.010643
MAC,Macau,Asia,2005,12.16,0.01216
MAC,Macau,Asia,2006,14.874,0.014874
MAC,Macau,Asia,2007,18.44,0.01844
MAC,Macau,Asia,2008,21.027,0.021027
MAC,Macau,Asia,2009,21.589,0.021589
MAC,Macau,Asia,2010,28.244,0.028244
MAC,Macau,Asia,2011,36.847,0.036847
MAC,Macau,Asia,2012,43.193,0.043193
MAC,Macau,Asia,2013,51.559,0.051559
MAC,Macau,Asia,2014,54.931,0.054931
MAC,Macau,Asia,2015,44.941,0.044941
MAC,Macau,Asia,2016,44.965,0.044965
MAC,Macau,Asia,2017,50.297,0.050297
MAC,Macau,Asia,2018,55.076,0.055076
MAC,Macau,Asia,2019,55.025,0.055025
MAC,Macau,Asia,2020,25.28,0.02528
MAC,Macau,Asia,2021,30.634,0.030634
MAC,Macau,Asia,2022,24.93,0.02493
MAC,Macau,Asia,2023,45.627,0.045627
MAC,Macau,Asia,2024,49.467,0.049467
MAC,Macau,Asia,2025,52.061,0.052061
MAC,Macau,Asia,2026,54.228,0.054228
MAC,Macau,Asia,2027,56.81,0.05681
MAC,Macau,Asia,2028,59.648,0.059648
MAC,Macau,Asia,2029,62.54,0.06254
MAC,Macau,Asia,2030,65.547,0.065547
MAC,Macau,Asia,2031,68.639,0.068639
MDG,Madagascar,Africa,1980,5.202,0.005202
MDG,Madagascar,Africa,1981,4.759,0.004759
MDG,Madagascar,Africa,1982,4.785,0.004785
MDG,Madagascar,Africa,1983,4.686,0.004686
MDG,Madagascar,Africa,1984,3.906,0.003906
MDG,Madagascar,Africa,1985,3.803,0.003803
MDG,Madagascar,Africa,1986,4.348,0.004348
MDG,Madagascar,Africa,1987,3.213,0.003213
MDG,Madagascar,Africa,1988,3.189,0.003189
MDG,Madagascar,Africa,1989,3.176,0.003176
MDG,Madagascar,Africa,1990,3.931,0.003931
MDG,Madagascar,Africa,1991,3.255,0.003255
MDG,Madagascar,Africa,1992,3.715,0.003715
MDG,Madagascar,Africa,1993,4.063,0.004063
MDG,Madagascar,Africa,1994,3.522,0.003522
MDG,Madagascar,Africa,1995,3.838,0.003838
MDG,Madagascar,Africa,1996,4.932,0.004932
MDG,Madagascar,Africa,1997,4.263,0.004263
MDG,Madagascar,Africa,1998,4.402,0.004402
MDG,Madagascar,Africa,1999,4.278,0.004278
MDG,Madagascar,Africa,2000,4.629,0.004629
MDG,Madagascar,Africa,2001,5.438,0.005438
MDG,Madagascar,Africa,2002,5.352,0.005352
MDG,Madagascar,Africa,2003,6.372,0.006372
MDG,Madagascar,Africa,2004,5.065,0.005065
MDG,Madagascar,Africa,2005,5.859,0.005859
MDG,Madagascar,Africa,2006,6.396,0.006396
MDG,Madagascar,Africa,2007,8.525,0.008525
MDG,Madagascar,Africa,2008,10.725,0.010725
MDG,Madagascar,Africa,2009,9.617,0.009617
MDG,Madagascar,Africa,2010,9.983,0.009983
MDG,Madagascar,Africa,2011,11.552,0.011552
MDG,Madagascar,Africa,2012,11.579,0.011579
MDG,Madagascar,Africa,2013,12.424,0.012424
MDG,Madagascar,Africa,2014,12.523,0.012523
MDG,Madagascar,Africa,2015,11.323,0.011323
MDG,Madagascar,Africa,2016,11.849,0.011849
MDG,Madagascar,Africa,2017,13.176,0.013176
MDG,Madagascar,Africa,2018,13.76,0.01376
MDG,Madagascar,Africa,2019,14.105,0.014105
MDG,Madagascar,Africa,2020,13.051,0.013051
MDG,Madagascar,Africa,2021,14.355,0.014355
MDG,Madagascar,Africa,2022,15.342,0.015342
MDG,Madagascar,Africa,2023,16.037,0.016037
MDG,Madagascar,Africa,2024,17.593,0.017593
MDG,Madagascar,Africa,2025,19.556,0.019556
MDG,Madagascar,Africa,2026,21.185,0.021185
MDG,Madagascar,Africa,2027,22.926,0.022926
MDG,Madagascar,Africa,2028,25.256,0.025256
MDG,Madagascar,Africa,2029,27.861,0.027861
MDG,Madagascar,Africa,2030,30.748,0.030748
MDG,Madagascar,Africa,2031,33.637,0.033637
MWI,Malawi,Africa,1980,3.022,0.003022
MWI,Malawi,Africa,1981,3.022,0.003022
MWI,Malawi,Africa,1982,2.881,0.002881
MWI,Malawi,Africa,1983,2.986,0.002986
MWI,Malawi,Africa,1984,2.949,0.002949
MWI,Malawi,Africa,1985,2.762,0.002762
MWI,Malawi,Africa,1986,2.883,0.002883
MWI,Malawi,Africa,1987,2.834,0.002834
MWI,Malawi,Africa,1988,3.258,0.003258
MWI,Malawi,Africa,1989,3.715,0.003715
MWI,Malawi,Africa,1990,4.222,0.004222
MWI,Malawi,Africa,1991,5.38,0.00538
MWI,Malawi,Africa,1992,4.394,0.004394
MWI,Malawi,Africa,1993,5.056,0.005056
MWI,Malawi,Africa,1994,2.93,0.00293
MWI,Malawi,Africa,1995,3.412,0.003412
MWI,Malawi,Africa,1996,5.569,0.005569
MWI,Malawi,Africa,1997,6.504,0.006504
MWI,Malawi,Africa,1998,4.275,0.004275
MWI,Malawi,Africa,1999,4.336,0.004336
MWI,Malawi,Africa,2000,4.257,0.004257
MWI,Malawi,Africa,2001,4.178,0.004178
MWI,Malawi,Africa,2002,4.922,0.004922
MWI,Malawi,Africa,2003,4.521,0.004521
MWI,Malawi,Africa,2004,4.895,0.004895
MWI,Malawi,Africa,2005,5.148,0.005148
MWI,Malawi,Africa,2006,5.63,0.00563
MWI,Malawi,Africa,2007,6.24,0.00624
MWI,Malawi,Africa,2008,7.492,0.007492
MWI,Malawi,Africa,2009,8.723,0.008723
MWI,Malawi,Africa,2010,9.796,0.009796
MWI,Malawi,Africa,2011,11.241,0.011241
MWI,Malawi,Africa,2012,8.421,0.008421
MWI,Malawi,Africa,2013,7.648,0.007648
MWI,Malawi,Africa,2014,8.526,0.008526
MWI,Malawi,Africa,2015,9.014,0.009014
MWI,Malawi,Africa,2016,7.733,0.007733
MWI,Malawi,Africa,2017,8.943,0.008943
MWI,Malawi,Africa,2018,9.882,0.009882
MWI,Malawi,Africa,2019,11.031,0.011031
MWI,Malawi,Africa,2020,11.847,0.011847
MWI,Malawi,Africa,2021,12.475,0.012475
MWI,Malawi,Africa,2022,12.531,0.012531
MWI,Malawi,Africa,2023,13.439,0.013439
MWI,Malawi,Africa,2024,11.79,0.01179
MWI,Malawi,Africa,2025,15.047,0.015047
MWI,Malawi,Africa,2026,18.152,0.018152
MWI,Malawi,Africa,2027,20.983,0.020983
MWI,Malawi,Africa,2028,24.194,0.024194
MWI,Malawi,Africa,2029,27.567,0.027567
MWI,Malawi,Africa,2030,31.426,0.031426
MWI,Malawi,Africa,2031,33.357,0.033357
MYS,Malaysia,Asia,1980,26.757,0.026757
MYS,Malaysia,Asia,1981,27.321,0.027321
MYS,Malaysia,Asia,1982,29.278,0.029278
MYS,Malaysia,Asia,1983,32.745,0.032745
MYS,Malaysia,Asia,1984,37.087,0.037087
MYS,Malaysia,Asia,1985,34.09,0.03409
MYS,Malaysia,Asia,1986,30.303,0.030303
MYS,Malaysia,Asia,1987,34.529,0.034529
MYS,Malaysia,Asia,1988,37.845,0.037845
MYS,Malaysia,Asia,1989,41.678,0.041678
MYS,Malaysia,Asia,1990,47.245,0.047245
MYS,Malaysia,Asia,1991,53.519,0.053519
MYS,Malaysia,Asia,1992,64.427,0.064427
MYS,Malaysia,Asia,1993,72.857,0.072857
MYS,Malaysia,Asia,1994,81.156,0.081156
MYS,Malaysia,Asia,1995,96.606,0.096606
MYS,Malaysia,Asia,1996,109.846,0.109846
MYS,Malaysia,Asia,1997,109.116,0.109116
MYS,Malaysia,Asia,1998,78.639,0.078639
MYS,Malaysia,Asia,1999,86.203,0.086203
MYS,Malaysia,Asia,2000,102.149,0.102149
MYS,Malaysia,Asia,2001,101.054,0.101054
MYS,Malaysia,Asia,2002,109.833,0.109833
MYS,Malaysia,Asia,2003,120.025,0.120025
MYS,Malaysia,Asia,2004,135.869,0.135869
MYS,Malaysia,Asia,2005,150.345,0.150345
MYS,Malaysia,Asia,2006,170.41,0.17041
MYS,Malaysia,Asia,2007,202.733,0.202733
MYS,Malaysia,Asia,2008,241.947,0.241947
MYS,Malaysia,Asia,2009,211.847,0.211847
MYS,Malaysia,Asia,2010,258.641,0.258641
MYS,Malaysia,Asia,2011,302.184,0.302184
MYS,Malaysia,Asia,2012,318.91,0.31891
MYS,Malaysia,Asia,2013,327.869,0.327869
MYS,Malaysia,Asia,2014,342.868,0.342868
MYS,Malaysia,Asia,2015,301.355,0.301355
MYS,Malaysia,Asia,2016,301.256,0.301256
MYS,Malaysia,Asia,2017,319.109,0.319109
MYS,Malaysia,Asia,2018,358.783,0.358783
MYS,Malaysia,Asia,2019,365.178,0.365178
MYS,Malaysia,Asia,2020,337.456,0.337456
MYS,Malaysia,Asia,2021,373.785,0.373785
MYS,Malaysia,Asia,2022,407.83,0.40783
MYS,Malaysia,Asia,2023,399.949,0.399949
MYS,Malaysia,Asia,2024,422.227,0.422227
MYS,Malaysia,Asia,2025,472.193,0.472193
MYS,Malaysia,Asia,2026,516.428,0.516428
MYS,Malaysia,Asia,2027,552.855,0.552855
MYS,Malaysia,Asia,2028,591.087,0.591087
MYS,Malaysia,Asia,2029,630.528,0.630528
MYS,Malaysia,Asia,2030,672.494,0.672494
MYS,Malaysia,Asia,2031,716.446,0.716446
MDV,Maldives,Asia,1980,0.063,6.3e-05
MDV,Maldives,Asia,1981,0.073,7.3e-05
MDV,Maldives,Asia,1982,0.087,8.7e-05
MDV,Maldives,Asia,1983,0.094,9.4e-05
MDV,Maldives,Asia,1984,0.113,0.000113
MDV,Maldives,Asia,1985,0.134,0.000134
MDV,Maldives,Asia,1986,0.158,0.000158
MDV,Maldives,Asia,1987,0.149,0.000149
MDV,Maldives,Asia,1988,0.178,0.000178
MDV,Maldives,Asia,1989,0.201,0.000201
MDV,Maldives,Asia,1990,0.231,0.000231
MDV,Maldives,Asia,1991,0.262,0.000262
MDV,Maldives,Asia,1992,0.306,0.000306
MDV,Maldives,Asia,1993,0.346,0.000346
MDV,Maldives,Asia,1994,0.382,0.000382
MDV,Maldives,Asia,1995,0.466,0.000466
MDV,Maldives,Asia,1996,0.527,0.000527
MDV,Maldives,Asia,1997,0.652,0.000652
MDV,Maldives,Asia,1998,0.693,0.000693
MDV,Maldives,Asia,1999,0.756,0.000756
MDV,Maldives,Asia,2000,0.801,0.000801
MDV,Maldives,Asia,2001,0.767,0.000767
MDV,Maldives,Asia,2002,0.828,0.000828
MDV,Maldives,Asia,2003,1.052,0.001052
MDV,Maldives,Asia,2004,1.227,0.001227
MDV,Maldives,Asia,2005,1.163,0.001163
MDV,Maldives,Asia,2006,1.575,0.001575
MDV,Maldives,Asia,2007,1.868,0.001868
MDV,Maldives,Asia,2008,2.272,0.002272
MDV,Maldives,Asia,2009,2.345,0.002345
MDV,Maldives,Asia,2010,2.588,0.002588
MDV,Maldives,Asia,2011,2.629,0.002629
MDV,Maldives,Asia,2012,2.885,0.002885
MDV,Maldives,Asia,2013,3.286,0.003286
MDV,Maldives,Asia,2014,3.69,0.00369
MDV,Maldives,Asia,2015,4.118,0.004118
MDV,Maldives,Asia,2016,4.398,0.004398
MDV,Maldives,Asia,2017,4.809,0.004809
MDV,Maldives,Asia,2018,5.398,0.005398
MDV,Maldives,Asia,2019,5.716,0.005716
MDV,Maldives,Asia,2020,3.706,0.003706
MDV,Maldives,Asia,2021,5.24,0.00524
MDV,Maldives,Asia,2022,6.168,0.006168
MDV,Maldives,Asia,2023,6.611,0.006611
MDV,Maldives,Asia,2024,7.052,0.007052
MDV,Maldives,Asia,2025,7.665,0.007665
MDV,Maldives,Asia,2026,8.13,0.00813
MDV,Maldives,Asia,2027,8.673,0.008673
MDV,Maldives,Asia,2028,9.214,0.009214
MDV,Maldives,Asia,2029,9.776,0.009776
MDV,Maldives,Asia,2030,10.369,0.010369
MDV,Maldives,Asia,2031,11.033,0.011033
MLI,Mali,Africa,1980,2.704,0.002704
MLI,Mali,Africa,1981,2.235,0.002235
MLI,Mali,Africa,1982,1.68,0.00168
MLI,Mali,Africa,1983,1.497,0.001497
MLI,Mali,Africa,1984,1.388,0.001388
MLI,Mali,Africa,1985,1.594,0.001594
MLI,Mali,Africa,1986,2.126,0.002126
MLI,Mali,Africa,1987,2.449,0.002449
MLI,Mali,Africa,1988,2.712,0.002712
MLI,Mali,Africa,1989,3.31,0.00331
MLI,Mali,Africa,1990,3.248,0.003248
MLI,Mali,Africa,1991,3.589,0.003589
MLI,Mali,Africa,1992,3.689,0.003689
MLI,Mali,Africa,1993,3.637,0.003637
MLI,Mali,Africa,1994,2.708,0.002708
MLI,Mali,Africa,1995,3.339,0.003339
MLI,Mali,Africa,1996,3.722,0.003722
MLI,Mali,Africa,1997,3.383,0.003383
MLI,Mali,Africa,1998,3.868,0.003868
MLI,Mali,Africa,1999,4.069,0.004069
MLI,Mali,Africa,2000,3.482,0.003482
MLI,Mali,Africa,2001,4.055,0.004055
MLI,Mali,Africa,2002,4.631,0.004631
MLI,Mali,Africa,2003,5.522,0.005522
MLI,Mali,Africa,2004,6.408,0.006408
MLI,Mali,Africa,2005,7.376,0.007376
MLI,Mali,Africa,2006,8.086,0.008086
MLI,Mali,Africa,2007,9.669,0.009669
MLI,Mali,Africa,2008,11.474,0.011474
MLI,Mali,Africa,2009,11.909,0.011909
MLI,Mali,Africa,2010,12.438,0.012438
MLI,Mali,Africa,2011,15.461,0.015461
MLI,Mali,Africa,2012,14.816,0.014816
MLI,Mali,Africa,2013,15.753,0.015753
MLI,Mali,Africa,2014,17.1,0.0171
MLI,Mali,Africa,2015,15.592,0.015592
MLI,Mali,Africa,2016,16.765,0.016765
MLI,Mali,Africa,2017,18.334,0.018334
MLI,Mali,Africa,2018,20.418,0.020418
MLI,Mali,Africa,2019,20.521,0.020521
MLI,Mali,Africa,2020,20.777,0.020777
MLI,Mali,Africa,2021,23.061,0.023061
MLI,Mali,Africa,2022,22.657,0.022657
MLI,Mali,Africa,2023,24.817,0.024817
MLI,Mali,Africa,2024,26.777,0.026777
MLI,Mali,Africa,2025,30.05,0.03005
MLI,Mali,Africa,2026,33.847,0.033847
MLI,Mali,Africa,2027,36.408,0.036408
MLI,Mali,Africa,2028,39.073,0.039073
MLI,Mali,Africa,2029,41.924,0.041924
MLI,Mali,Africa,2030,45.001,0.045001
MLI,Mali,Africa,2031,48.303,0.048303
MLT,Malta,Europe,1995,3.353,0.003353
MLT,Malta,Europe,1996,3.419,0.003419
MLT,Malta,Europe,1997,3.461,0.003461
MLT,Malta,Europe,1998,3.667,0.003667
MLT,Malta,Europe,1999,3.827,0.003827
MLT,Malta,Europe,2000,4.042,0.004042
MLT,Malta,Europe,2001,4.072,0.004072
MLT,Malta,Europe,2002,4.462,0.004462
MLT,Malta,Europe,2003,5.425,0.005425
MLT,Malta,Europe,2004,6.109,0.006109
MLT,Malta,Europe,2005,6.392,0.006392
MLT,Malta,Europe,2006,6.783,0.006783
MLT,Malta,Europe,2007,7.972,0.007972
MLT,Malta,Europe,2008,9.171,0.009171
MLT,Malta,Europe,2009,8.76,0.00876
MLT,Malta,Europe,2010,9.104,0.009104
MLT,Malta,Europe,2011,9.788,0.009788
MLT,Malta,Europe,2012,9.616,0.009616
MLT,Malta,Europe,2013,10.797,0.010797
MLT,Malta,Europe,2014,11.891,0.011891
MLT,Malta,Europe,2015,11.342,0.011342
MLT,Malta,Europe,2016,12.022,0.012022
MLT,Malta,Europe,2017,14.156,0.014156
MLT,Malta,Europe,2018,16.161,0.016161
MLT,Malta,Europe,2019,16.34,0.01634
MLT,Malta,Europe,2020,16.392,0.016392
MLT,Malta,Europe,2021,19.743,0.019743
MLT,Malta,Europe,2022,18.954,0.018954
MLT,Malta,Europe,2023,22.632,0.022632
MLT,Malta,Europe,2024,25.035,0.025035
MLT,Malta,Europe,2025,27.756,0.027756
MLT,Malta,Europe,2026,30.712,0.030712
MLT,Malta,Europe,2027,32.449,0.032449
MLT,Malta,Europe,2028,34.333,0.034333
MLT,Malta,Europe,2029,36.407,0.036407
MLT,Malta,Europe,2030,38.63,0.03863
MLT,Malta,Europe,2031,41.0,0.041
MHL,Marshall Islands,Oceania,1997,0.11,0.00011
MHL,Marshall Islands,Oceania,1998,0.112,0.000112
MHL,Marshall Islands,Oceania,1999,0.113,0.000113
MHL,Marshall Islands,Oceania,2000,0.115,0.000115
MHL,Marshall Islands,Oceania,2001,0.123,0.000123
MHL,Marshall Islands,Oceania,2002,0.132,0.000132
MHL,Marshall Islands,Oceania,2003,0.131,0.000131
MHL,Marshall Islands,Oceania,2004,0.133,0.000133
MHL,Marshall Islands,Oceania,2005,0.138,0.000138
MHL,Marshall Islands,Oceania,2006,0.143,0.000143
MHL,Marshall Islands,Oceania,2007,0.15,0.00015
MHL,Marshall Islands,Oceania,2008,0.147,0.000147
MHL,Marshall Islands,Oceania,2009,0.151,0.000151
MHL,Marshall Islands,Oceania,2010,0.161,0.000161
MHL,Marshall Islands,Oceania,2011,0.172,0.000172
MHL,Marshall Islands,Oceania,2012,0.181,0.000181
MHL,Marshall Islands,Oceania,2013,0.186,0.000186
MHL,Marshall Islands,Oceania,2014,0.186,0.000186
MHL,Marshall Islands,Oceania,2015,0.184,0.000184
MHL,Marshall Islands,Oceania,2016,0.202,0.000202
MHL,Marshall Islands,Oceania,2017,0.214,0.000214
MHL,Marshall Islands,Oceania,2018,0.22,0.00022
MHL,Marshall Islands,Oceania,2019,0.233,0.000233
MHL,Marshall Islands,Oceania,2020,0.242,0.000242
MHL,Marshall Islands,Oceania,2021,0.261,0.000261
MHL,Marshall Islands,Oceania,2022,0.259,0.000259
MHL,Marshall Islands,Oceania,2023,0.264,0.000264
MHL,Marshall Islands,Oceania,2024,0.285,0.000285
MHL,Marshall Islands,Oceania,2025,0.308,0.000308
MHL,Marshall Islands,Oceania,2026,0.342,0.000342
MHL,Marshall Islands,Oceania,2027,0.368,0.000368
MHL,Marshall Islands,Oceania,2028,0.384,0.000384
MHL,Marshall Islands,Oceania,2029,0.4,0.0004
MHL,Marshall Islands,Oceania,2030,0.416,0.000416
MHL,Marshall Islands,Oceania,2031,0.433,0.000433
MRT,Mauritania,Africa,1990,1.793,0.001793
MRT,Mauritania,Africa,1991,2.055,0.002055
MRT,Mauritania,Africa,1992,2.164,0.002164
MRT,Mauritania,Africa,1993,1.847,0.001847
MRT,Mauritania,Africa,1994,1.945,0.001945
MRT,Mauritania,Africa,1995,2.092,0.002092
MRT,Mauritania,Africa,1996,2.132,0.002132
MRT,Mauritania,Africa,1997,2.072,0.002072
MRT,Mauritania,Africa,1998,2.027,0.002027
MRT,Mauritania,Africa,1999,1.986,0.001986
MRT,Mauritania,Africa,2000,1.78,0.00178
MRT,Mauritania,Africa,2001,1.746,0.001746
MRT,Mauritania,Africa,2002,1.777,0.001777
MRT,Mauritania,Africa,2003,2.051,0.002051
MRT,Mauritania,Africa,2004,2.362,0.002362
MRT,Mauritania,Africa,2005,2.936,0.002936
MRT,Mauritania,Africa,2006,4.009,0.004009
MRT,Mauritania,Africa,2007,4.328,0.004328
MRT,Mauritania,Africa,2008,5.138,0.005138
MRT,Mauritania,Africa,2009,4.725,0.004725
MRT,Mauritania,Africa,2010,5.637,0.005637
MRT,Mauritania,Africa,2011,6.782,0.006782
MRT,Mauritania,Africa,2012,6.721,0.006721
MRT,Mauritania,Africa,2013,7.331,0.007331
MRT,Mauritania,Africa,2014,6.615,0.006615
MRT,Mauritania,Africa,2015,6.182,0.006182
MRT,Mauritania,Africa,2016,6.414,0.006414
MRT,Mauritania,Africa,2017,6.826,0.006826
MRT,Mauritania,Africa,2018,7.472,0.007472
MRT,Mauritania,Africa,2019,7.894,0.007894
MRT,Mauritania,Africa,2020,8.464,0.008464
MRT,Mauritania,Africa,2021,9.126,0.009126
MRT,Mauritania,Africa,2022,9.564,0.009564
MRT,Mauritania,Africa,2023,10.724,0.010724
MRT,Mauritania,Africa,2024,11.003,0.011003
MRT,Mauritania,Africa,2025,12.289,0.012289
MRT,Mauritania,Africa,2026,14.352,0.014352
MRT,Mauritania,Africa,2027,15.095,0.015095
MRT,Mauritania,Africa,2028,15.966,0.015966
MRT,Mauritania,Africa,2029,16.882,0.016882
MRT,Mauritania,Africa,2030,17.378,0.017378
MRT,Mauritania,Africa,2031,17.042,0.017042
MUS,Mauritius,Africa,1980,1.242,0.001242
MUS,Mauritius,Africa,1981,1.179,0.001179
MUS,Mauritius,Africa,1982,1.131,0.001131
MUS,Mauritius,Africa,1983,1.198,0.001198
MUS,Mauritius,Africa,1984,1.108,0.001108
MUS,Mauritius,Africa,1985,1.122,0.001122
MUS,Mauritius,Africa,1986,1.515,0.001515
MUS,Mauritius,Africa,1987,1.919,0.001919
MUS,Mauritius,Africa,1988,2.225,0.002225
MUS,Mauritius,Africa,1989,2.286,0.002286
MUS,Mauritius,Africa,1990,2.743,0.002743
MUS,Mauritius,Africa,1991,3.017,0.003017
MUS,Mauritius,Africa,1992,3.398,0.003398
MUS,Mauritius,Africa,1993,3.502,0.003502
MUS,Mauritius,Africa,1994,3.887,0.003887
MUS,Mauritius,Africa,1995,4.439,0.004439
MUS,Mauritius,Africa,1996,4.59,0.00459
MUS,Mauritius,Africa,1997,4.31,0.00431
MUS,Mauritius,Africa,1998,4.354,0.004354
MUS,Mauritius,Africa,1999,4.597,0.004597
MUS,Mauritius,Africa,2000,4.935,0.004935
MUS,Mauritius,Africa,2001,4.882,0.004882
MUS,Mauritius,Africa,2002,5.123,0.005123
MUS,Mauritius,Africa,2003,6.155,0.006155
MUS,Mauritius,Africa,2004,6.962,0.006962
MUS,Mauritius,Africa,2005,6.867,0.006867
MUS,Mauritius,Africa,2006,7.123,0.007123
MUS,Mauritius,Africa,2007,8.26,0.00826
MUS,Mauritius,Africa,2008,10.125,0.010125
MUS,Mauritius,Africa,2009,9.252,0.009252
MUS,Mauritius,Africa,2010,10.138,0.010138
MUS,Mauritius,Africa,2011,11.673,0.011673
MUS,Mauritius,Africa,2012,11.826,0.011826
MUS,Mauritius,Africa,2013,12.293,0.012293
MUS,Mauritius,Africa,2014,13.074,0.013074
MUS,Mauritius,Africa,2015,12.007,0.012007
MUS,Mauritius,Africa,2016,12.594,0.012594
MUS,Mauritius,Africa,2017,13.714,0.013714
MUS,Mauritius,Africa,2018,14.736,0.014736
MUS,Mauritius,Africa,2019,14.436,0.014436
MUS,Mauritius,Africa,2020,11.408,0.011408
MUS,Mauritius,Africa,2021,11.484,0.011484
MUS,Mauritius,Africa,2022,12.908,0.012908
MUS,Mauritius,Africa,2023,14.101,0.014101
MUS,Mauritius,Africa,2024,14.986,0.014986
MUS,Mauritius,Africa,2025,16.126,0.016126
MUS,Mauritius,Africa,2026,17.119,0.017119
MUS,Mauritius,Africa,2027,18.241,0.018241
MUS,Mauritius,Africa,2028,19.418,0.019418
MUS,Mauritius,Africa,2029,20.641,0.020641
MUS,Mauritius,Africa,2030,21.916,0.021916
MUS,Mauritius,Africa,2031,23.271,0.023271
MEX,Mexico,Americas,1980,242.153,0.242153
MEX,Mexico,Americas,1981,311.012,0.311012
MEX,Mexico,Americas,1982,225.706,0.225706
MEX,Mexico,Americas,1983,184.01,0.18401
MEX,Mexico,Americas,1984,217.001,0.217001
MEX,Mexico,Americas,1985,230.272,0.230272
MEX,Mexico,Americas,1986,159.434,0.159434
MEX,Mexico,Americas,1987,174.84,0.17484
MEX,Mexico,Americas,1988,213.893,0.213893
MEX,Mexico,Americas,1989,260.663,0.260663
MEX,Mexico,Americas,1990,307.613,0.307613
MEX,Mexico,Americas,1991,368.772,0.368772
MEX,Mexico,Americas,1992,427.661,0.427661
MEX,Mexico,Americas,1993,530.226,0.530226
MEX,Mexico,Americas,1994,553.618,0.553618
MEX,Mexico,Americas,1995,380.182,0.380182
MEX,Mexico,Americas,1996,432.158,0.432158
MEX,Mexico,Americas,1997,523.45,0.52345
MEX,Mexico,Americas,1998,557.485,0.557485
MEX,Mexico,Americas,1999,631.24,0.63124
MEX,Mexico,Americas,2000,742.061,0.742061
MEX,Mexico,Americas,2001,796.055,0.796055
MEX,Mexico,Americas,2002,810.666,0.810666
MEX,Mexico,Americas,2003,765.55,0.76555
MEX,Mexico,Americas,2004,819.459,0.819459
MEX,Mexico,Americas,2005,917.572,0.917572
MEX,Mexico,Americas,2006,1020.265,1.020265
MEX,Mexico,Americas,2007,1102.356,1.102356
MEX,Mexico,Americas,2008,1161.553,1.161553
MEX,Mexico,Americas,2009,943.437,0.943437
MEX,Mexico,Americas,2010,1105.424,1.105424
MEX,Mexico,Americas,2011,1229.014,1.229014
MEX,Mexico,Americas,2012,1255.11,1.25511
MEX,Mexico,Americas,2013,1327.436,1.327436
MEX,Mexico,Americas,2014,1364.508,1.364508
MEX,Mexico,Americas,2015,1213.294,1.213294
MEX,Mexico,Americas,2016,1112.233,1.112233
MEX,Mexico,Americas,2017,1190.721,1.190721
MEX,Mexico,Americas,2018,1256.3,1.2563
MEX,Mexico,Americas,2019,1304.106,1.304106
MEX,Mexico,Americas,2020,1121.065,1.121065
MEX,Mexico,Americas,2021,1316.569,1.316569
MEX,Mexico,Americas,2022,1466.935,1.466935
MEX,Mexico,Americas,2023,1794.41,1.79441
MEX,Mexico,Americas,2024,1830.489,1.830489
MEX,Mexico,Americas,2025,1832.641,1.832641
MEX,Mexico,Americas,2026,2120.855,2.120855
MEX,Mexico,Americas,2027,2222.003,2.222003
MEX,Mexico,Americas,2028,2327.102,2.327102
MEX,Mexico,Americas,2029,2435.745,2.435745
MEX,Mexico,Americas,2030,2548.63,2.54863
MEX,Mexico,Americas,2031,2667.215,2.667215
FSM,"Micronesia, Fed. Sts.",Oceania,1995,0.222,0.000222
FSM,"Micronesia, Fed. Sts.",Oceania,1996,0.221,0.000221
FSM,"Micronesia, Fed. Sts.",Oceania,1997,0.207,0.000207
FSM,"Micronesia, Fed. Sts.",Oceania,1998,0.219,0.000219
FSM,"Micronesia, Fed. Sts.",Oceania,1999,0.22,0.00022
FSM,"Micronesia, Fed. Sts.",Oceania,2000,0.233,0.000233
FSM,"Micronesia, Fed. Sts.",Oceania,2001,0.24,0.00024
FSM,"Micronesia, Fed. Sts.",Oceania,2002,0.24,0.00024
FSM,"Micronesia, Fed. Sts.",Oceania,2003,0.243,0.000243
FSM,"Micronesia, Fed. Sts.",Oceania,2004,0.236,0.000236
FSM,"Micronesia, Fed. Sts.",Oceania,2005,0.247,0.000247
FSM,"Micronesia, Fed. Sts.",Oceania,2006,0.25,0.00025
FSM,"Micronesia, Fed. Sts.",Oceania,2007,0.253,0.000253
FSM,"Micronesia, Fed. Sts.",Oceania,2008,0.261,0.000261
FSM,"Micronesia, Fed. Sts.",Oceania,2009,0.277,0.000277
FSM,"Micronesia, Fed. Sts.",Oceania,2010,0.292,0.000292
FSM,"Micronesia, Fed. Sts.",Oceania,2011,0.308,0.000308
FSM,"Micronesia, Fed. Sts.",Oceania,2012,0.324,0.000324
FSM,"Micronesia, Fed. Sts.",Oceania,2013,0.314,0.000314
FSM,"Micronesia, Fed. Sts.",Oceania,2014,0.316,0.000316
FSM,"Micronesia, Fed. Sts.",Oceania,2015,0.312,0.000312
FSM,"Micronesia, Fed. Sts.",Oceania,2016,0.327,0.000327
FSM,"Micronesia, Fed. Sts.",Oceania,2017,0.361,0.000361
FSM,"Micronesia, Fed. Sts.",Oceania,2018,0.394,0.000394
FSM,"Micronesia, Fed. Sts.",Oceania,2019,0.395,0.000395
FSM,"Micronesia, Fed. Sts.",Oceania,2020,0.373,0.000373
FSM,"Micronesia, Fed. Sts.",Oceania,2021,0.392,0.000392
FSM,"Micronesia, Fed. Sts.",Oceania,2022,0.415,0.000415
FSM,"Micronesia, Fed. Sts.",Oceania,2023,0.443,0.000443
FSM,"Micronesia, Fed. Sts.",Oceania,2024,0.481,0.000481
FSM,"Micronesia, Fed. Sts.",Oceania,2025,0.502,0.000502
FSM,"Micronesia, Fed. Sts.",Oceania,2026,0.521,0.000521
FSM,"Micronesia, Fed. Sts.",Oceania,2027,0.548,0.000548
FSM,"Micronesia, Fed. Sts.",Oceania,2028,0.565,0.000565
FSM,"Micronesia, Fed. Sts.",Oceania,2029,0.583,0.000583
FSM,"Micronesia, Fed. Sts.",Oceania,2030,0.598,0.000598
FSM,"Micronesia, Fed. Sts.",Oceania,2031,0.614,0.000614
MDA,Moldova,Europe,1992,0.864,0.000864
MDA,Moldova,Europe,1993,1.11,0.00111
MDA,Moldova,Europe,1994,1.158,0.001158
MDA,Moldova,Europe,1995,1.441,0.001441
MDA,Moldova,Europe,1996,1.694,0.001694
MDA,Moldova,Europe,1997,1.928,0.001928
MDA,Moldova,Europe,1998,1.697,0.001697
MDA,Moldova,Europe,1999,1.172,0.001172
MDA,Moldova,Europe,2000,1.315,0.001315
MDA,Moldova,Europe,2001,1.481,0.001481
MDA,Moldova,Europe,2002,1.662,0.001662
MDA,Moldova,Europe,2003,1.981,0.001981
MDA,Moldova,Europe,2004,2.598,0.002598
MDA,Moldova,Europe,2005,2.988,0.002988
MDA,Moldova,Europe,2006,3.408,0.003408
MDA,Moldova,Europe,2007,4.401,0.004401
MDA,Moldova,Europe,2008,6.055,0.006055
MDA,Moldova,Europe,2009,5.438,0.005438
MDA,Moldova,Europe,2010,6.977,0.006977
MDA,Moldova,Europe,2011,8.417,0.008417
MDA,Moldova,Europe,2012,8.708,0.008708
MDA,Moldova,Europe,2013,9.496,0.009496
MDA,Moldova,Europe,2014,9.402,0.009402
MDA,Moldova,Europe,2015,7.778,0.007778
MDA,Moldova,Europe,2016,7.981,0.007981
MDA,Moldova,Europe,2017,9.515,0.009515
MDA,Moldova,Europe,2018,11.252,0.011252
MDA,Moldova,Europe,2019,11.737,0.011737
MDA,Moldova,Europe,2020,11.53,0.01153
MDA,Moldova,Europe,2021,13.694,0.013694
MDA,Moldova,Europe,2022,14.524,0.014524
MDA,Moldova,Europe,2023,16.711,0.016711
MDA,Moldova,Europe,2024,18.208,0.018208
MDA,Moldova,Europe,2025,20.342,0.020342
MDA,Moldova,Europe,2026,21.889,0.021889
MDA,Moldova,Europe,2027,23.723,0.023723
MDA,Moldova,Europe,2028,25.722,0.025722
MDA,Moldova,Europe,2029,27.876,0.027876
MDA,Moldova,Europe,2030,30.197,0.030197
MDA,Moldova,Europe,2031,32.879,0.032879
MNG,Mongolia,Asia,1980,2.728,0.002728
MNG,Mongolia,Asia,1981,2.854,0.002854
MNG,Mongolia,Asia,1982,2.963,0.002963
MNG,Mongolia,Asia,1983,3.071,0.003071
MNG,Mongolia,Asia,1984,2.837,0.002837
MNG,Mongolia,Asia,1985,3.294,0.003294
MNG,Mongolia,Asia,1986,3.636,0.003636
MNG,Mongolia,Asia,1987,4.086,0.004086
MNG,Mongolia,Asia,1988,4.104,0.004104
MNG,Mongolia,Asia,1989,4.275,0.004275
MNG,Mongolia,Asia,1990,2.678,0.002678
MNG,Mongolia,Asia,1991,2.821,0.002821
MNG,Mongolia,Asia,1992,1.566,0.001566
MNG,Mongolia,Asia,1993,0.771,0.000771
MNG,Mongolia,Asia,1994,0.926,0.000926
MNG,Mongolia,Asia,1995,1.452,0.001452
MNG,Mongolia,Asia,1996,1.348,0.001348
MNG,Mongolia,Asia,1997,1.181,0.001181
MNG,Mongolia,Asia,1998,1.125,0.001125
MNG,Mongolia,Asia,1999,1.057,0.001057
MNG,Mongolia,Asia,2000,1.137,0.001137
MNG,Mongolia,Asia,2001,1.268,0.001268
MNG,Mongolia,Asia,2002,1.397,0.001397
MNG,Mongolia,Asia,2003,1.595,0.001595
MNG,Mongolia,Asia,2004,1.992,0.001992
MNG,Mongolia,Asia,2005,2.523,0.002523
MNG,Mongolia,Asia,2006,3.414,0.003414
MNG,Mongolia,Asia,2007,4.235,0.004235
MNG,Mongolia,Asia,2008,5.623,0.005623
MNG,Mongolia,Asia,2009,4.584,0.004584
MNG,Mongolia,Asia,2010,7.185,0.007185
MNG,Mongolia,Asia,2011,10.41,0.01041
MNG,Mongolia,Asia,2012,12.278,0.012278
MNG,Mongolia,Asia,2013,12.582,0.012582
MNG,Mongolia,Asia,2014,12.227,0.012227
MNG,Mongolia,Asia,2015,11.62,0.01162
MNG,Mongolia,Asia,2016,11.154,0.011154
MNG,Mongolia,Asia,2017,11.481,0.011481
MNG,Mongolia,Asia,2018,13.207,0.013207
MNG,Mongolia,Asia,2019,14.206,0.014206
MNG,Mongolia,Asia,2020,13.313,0.013313
MNG,Mongolia,Asia,2021,15.286,0.015286
MNG,Mongolia,Asia,2022,17.146,0.017146
MNG,Mongolia,Asia,2023,20.315,0.020315
MNG,Mongolia,Asia,2024,23.795,0.023795
MNG,Mongolia,Asia,2025,25.37,0.02537
MNG,Mongolia,Asia,2026,28.45,0.02845
MNG,Mongolia,Asia,2027,30.604,0.030604
MNG,Mongolia,Asia,2028,32.827,0.032827
MNG,Mongolia,Asia,2029,35.203,0.035203
MNG,Mongolia,Asia,2030,37.744,0.037744
MNG,Mongolia,Asia,2031,40.473,0.040473
MNE,Montenegro,Europe,2000,0.964,0.000964
MNE,Montenegro,Europe,2001,1.148,0.001148
MNE,Montenegro,Europe,2002,1.267,0.001267
MNE,Montenegro,Europe,2003,1.679,0.001679
MNE,Montenegro,Europe,2004,2.07,0.00207
MNE,Montenegro,Europe,2005,2.257,0.002257
MNE,Montenegro,Europe,2006,2.72,0.00272
MNE,Montenegro,Europe,2007,3.683,0.003683
MNE,Montenegro,Europe,2008,4.559,0.004559
MNE,Montenegro,Europe,2009,4.155,0.004155
MNE,Montenegro,Europe,2010,4.14,0.00414
MNE,Montenegro,Europe,2011,4.506,0.004506
MNE,Montenegro,Europe,2012,4.074,0.004074
MNE,Montenegro,Europe,2013,4.422,0.004422
MNE,Montenegro,Europe,2014,4.581,0.004581
MNE,Montenegro,Europe,2015,4.011,0.004011
MNE,Montenegro,Europe,2016,4.356,0.004356
MNE,Montenegro,Europe,2017,4.802,0.004802
MNE,Montenegro,Europe,2018,5.436,0.005436
MNE,Montenegro,Europe,2019,5.484,0.005484
MNE,Montenegro,Europe,2020,4.73,0.00473
MNE,Montenegro,Europe,2021,5.827,0.005827
MNE,Montenegro,Europe,2022,6.265,0.006265
MNE,Montenegro,Europe,2023,7.646,0.007646
MNE,Montenegro,Europe,2024,8.272,0.008272
MNE,Montenegro,Europe,2025,9.228,0.009228
MNE,Montenegro,Europe,2026,10.227,0.010227
MNE,Montenegro,Europe,2027,10.808,0.010808
MNE,Montenegro,Europe,2028,11.382,0.011382
MNE,Montenegro,Europe,2029,11.994,0.011994
MNE,Montenegro,Europe,2030,12.62,0.01262
MNE,Montenegro,Europe,2031,13.281,0.013281
MAR,Morocco,Africa,1980,23.807,0.023807
MAR,Morocco,Africa,1981,19.329,0.019329
MAR,Morocco,Africa,1982,19.51,0.01951
MAR,Morocco,Africa,1983,17.635,0.017635
MAR,Morocco,Africa,1984,16.13,0.01613
MAR,Morocco,Africa,1985,16.28,0.01628
MAR,Morocco,Africa,1986,21.497,0.021497
MAR,Morocco,Africa,1987,23.713,0.023713
MAR,Morocco,Africa,1988,28.08,0.02808
MAR,Morocco,Africa,1989,28.901,0.028901
MAR,Morocco,Africa,1990,32.661,0.032661
MAR,Morocco,Africa,1991,34.94,0.03494
MAR,Morocco,Africa,1992,36.483,0.036483
MAR,Morocco,Africa,1993,34.259,0.034259
MAR,Morocco,Africa,1994,38.532,0.038532
MAR,Morocco,Africa,1995,42.238,0.042238
MAR,Morocco,Africa,1996,46.71,0.04671
MAR,Morocco,Africa,1997,42.366,0.042366
MAR,Morocco,Africa,1998,45.243,0.045243
MAR,Morocco,Africa,1999,45.055,0.045055
MAR,Morocco,Africa,2000,42.053,0.042053
MAR,Morocco,Africa,2001,42.704,0.042704
MAR,Morocco,Africa,2002,45.711,0.045711
MAR,Morocco,Africa,2003,56.345,0.056345
MAR,Morocco,Africa,2004,64.528,0.064528
MAR,Morocco,Africa,2005,67.468,0.067468
MAR,Morocco,Africa,2006,74.284,0.074284
MAR,Morocco,Africa,2007,85.539,0.085539
MAR,Morocco,Africa,2008,100.112,0.100112
MAR,Morocco,Africa,2009,100.535,0.100535
MAR,Morocco,Africa,2010,100.881,0.100881
MAR,Morocco,Africa,2011,109.705,0.109705
MAR,Morocco,Africa,2012,106.345,0.106345
MAR,Morocco,Africa,2013,115.608,0.115608
MAR,Morocco,Africa,2014,119.131,0.119131
MAR,Morocco,Africa,2015,110.414,0.110414
MAR,Morocco,Africa,2016,111.573,0.111573
MAR,Morocco,Africa,2017,118.541,0.118541
MAR,Morocco,Africa,2018,127.341,0.127341
MAR,Morocco,Africa,2019,128.92,0.12892
MAR,Morocco,Africa,2020,121.354,0.121354
MAR,Morocco,Africa,2021,142.022,0.142022
MAR,Morocco,Africa,2022,131.245,0.131245
MAR,Morocco,Africa,2023,146.057,0.146057
MAR,Morocco,Africa,2024,160.606,0.160606
MAR,Morocco,Africa,2025,182.587,0.182587
MAR,Morocco,Africa,2026,194.333,0.194333
MAR,Morocco,Africa,2027,212.837,0.212837
MAR,Morocco,Africa,2028,227.879,0.227879
MAR,Morocco,Africa,2029,245.01,0.24501
MAR,Morocco,Africa,2030,263.232,0.263232
MAR,Morocco,Africa,2031,283.416,0.283416
MOZ,Mozambique,Africa,1980,4.615,0.004615
MOZ,Mozambique,Africa,1981,3.585,0.003585
MOZ,Mozambique,Africa,1982,3.662,0.003662
MOZ,Mozambique,Africa,1983,3.28,0.00328
MOZ,Mozambique,Africa,1984,3.417,0.003417
MOZ,Mozambique,Africa,1985,4.516,0.004516
MOZ,Mozambique,Africa,1986,5.301,0.005301
MOZ,Mozambique,Africa,1987,2.395,0.002395
MOZ,Mozambique,Africa,1988,2.105,0.002105
MOZ,Mozambique,Africa,1989,2.199,0.002199
MOZ,Mozambique,Africa,1990,3.529,0.003529
MOZ,Mozambique,Africa,1991,3.855,0.003855
MOZ,Mozambique,Africa,1992,2.799,0.002799
MOZ,Mozambique,Africa,1993,2.883,0.002883
MOZ,Mozambique,Africa,1994,2.958,0.002958
MOZ,Mozambique,Africa,1995,3.062,0.003062
MOZ,Mozambique,Africa,1996,4.03,0.00403
MOZ,Mozambique,Africa,1997,4.874,0.004874
MOZ,Mozambique,Africa,1998,5.551,0.005551
MOZ,Mozambique,Africa,1999,6.285,0.006285
MOZ,Mozambique,Africa,2000,5.931,0.005931
MOZ,Mozambique,Africa,2001,5.65,0.00565
MOZ,Mozambique,Africa,2002,5.951,0.005951
MOZ,Mozambique,Africa,2003,6.584,0.006584
MOZ,Mozambique,Africa,2004,7.937,0.007937
MOZ,Mozambique,Africa,2005,8.868,0.008868
MOZ,Mozambique,Africa,2006,9.51,0.00951
MOZ,Mozambique,Africa,2007,10.811,0.010811
MOZ,Mozambique,Africa,2008,12.92,0.01292
MOZ,Mozambique,Africa,2009,12.264,0.012264
MOZ,Mozambique,Africa,2010,11.412,0.011412
MOZ,Mozambique,Africa,2011,14.619,0.014619
MOZ,Mozambique,Africa,2012,16.688,0.016688
MOZ,Mozambique,Africa,2013,17.198,0.017198
MOZ,Mozambique,Africa,2014,17.978,0.017978
MOZ,Mozambique,Africa,2015,16.209,0.016209
MOZ,Mozambique,Africa,2016,12.069,0.012069
MOZ,Mozambique,Africa,2017,13.265,0.013265
MOZ,Mozambique,Africa,2018,15.017,0.015017
MOZ,Mozambique,Africa,2019,15.513,0.015513
MOZ,Mozambique,Africa,2020,14.235,0.014235
MOZ,Mozambique,Africa,2021,16.168,0.016168
MOZ,Mozambique,Africa,2022,18.884,0.018884
MOZ,Mozambique,Africa,2023,20.921,0.020921
MOZ,Mozambique,Africa,2024,22.745,0.022745
MOZ,Mozambique,Africa,2025,22.338,0.022338
MOZ,Mozambique,Africa,2026,23.275,0.023275
MOZ,Mozambique,Africa,2027,24.65,0.02465
MOZ,Mozambique,Africa,2028,25.695,0.025695
MOZ,Mozambique,Africa,2029,27.043,0.027043
MOZ,Mozambique,Africa,2030,30.902,0.030902
MOZ,Mozambique,Africa,2031,35.57,0.03557
MMR,Myanmar,Asia,1998,5.122,0.005122
MMR,Myanmar,Asia,1999,6.4,0.0064
MMR,Myanmar,Asia,2000,7.688,0.007688
MMR,Myanmar,Asia,2001,7.087,0.007087
MMR,Myanmar,Asia,2002,6.878,0.006878
MMR,Myanmar,Asia,2003,8.826,0.008826
MMR,Myanmar,Asia,2004,10.688,0.010688
MMR,Myanmar,Asia,2005,12.051,0.012051
MMR,Myanmar,Asia,2006,13.502,0.013502
MMR,Myanmar,Asia,2007,17.745,0.017745
MMR,Myanmar,Asia,2008,25.313,0.025313
MMR,Myanmar,Asia,2009,30.675,0.030675
MMR,Myanmar,Asia,2010,37.851,0.037851
MMR,Myanmar,Asia,2011,53.25,0.05325
MMR,Myanmar,Asia,2012,58.374,0.058374
MMR,Myanmar,Asia,2013,62.656,0.062656
MMR,Myanmar,Asia,2014,65.404,0.065404
MMR,Myanmar,Asia,2015,59.33,0.05933
MMR,Myanmar,Asia,2016,62.839,0.062839
MMR,Myanmar,Asia,2017,66.083,0.066083
MMR,Myanmar,Asia,2018,67.491,0.067491
MMR,Myanmar,Asia,2019,75.282,0.075282
MMR,Myanmar,Asia,2020,77.026,0.077026
MMR,Myanmar,Asia,2021,55.26,0.05526
MMR,Myanmar,Asia,2022,67.437,0.067437
MMR,Myanmar,Asia,2023,66.821,0.066821
MMR,Myanmar,Asia,2024,76.759,0.076759
MMR,Myanmar,Asia,2025,82.4,0.0824
MMR,Myanmar,Asia,2026,83.832,0.083832
MMR,Myanmar,Asia,2027,86.885,0.086885
MMR,Myanmar,Asia,2028,94.087,0.094087
MMR,Myanmar,Asia,2029,103.415,0.103415
MMR,Myanmar,Asia,2030,107.607,0.107607
MMR,Myanmar,Asia,2031,111.972,0.111972
NAM,Namibia,Africa,1989,2.268,0.002268
NAM,Namibia,Africa,1990,2.568,0.002568
NAM,Namibia,Africa,1991,2.841,0.002841
NAM,Namibia,Africa,1992,3.296,0.003296
NAM,Namibia,Africa,1993,3.156,0.003156
NAM,Namibia,Africa,1994,3.537,0.003537
NAM,Namibia,Africa,1995,3.948,0.003948
NAM,Namibia,Africa,1996,3.954,0.003954
NAM,Namibia,Africa,1997,4.11,0.00411
NAM,Namibia,Africa,1998,3.832,0.003832
NAM,Namibia,Africa,1999,3.824,0.003824
NAM,Namibia,Africa,2000,3.941,0.003941
NAM,Namibia,Africa,2001,3.577,0.003577
NAM,Namibia,Africa,2002,3.396,0.003396
NAM,Namibia,Africa,2003,4.974,0.004974
NAM,Namibia,Africa,2004,6.673,0.006673
NAM,Namibia,Africa,2005,7.324,0.007324
NAM,Namibia,Africa,2006,7.711,0.007711
NAM,Namibia,Africa,2007,8.73,0.00873
NAM,Namibia,Africa,2008,8.496,0.008496
NAM,Namibia,Africa,2009,8.915,0.008915
NAM,Namibia,Africa,2010,11.281,0.011281
NAM,Namibia,Africa,2011,12.423,0.012423
NAM,Namibia,Africa,2012,13.016,0.013016
NAM,Namibia,Africa,2013,12.168,0.012168
NAM,Namibia,Africa,2014,12.434,0.012434
NAM,Namibia,Africa,2015,11.45,0.01145
NAM,Namibia,Africa,2016,10.719,0.010719
NAM,Namibia,Africa,2017,12.883,0.012883
NAM,Namibia,Africa,2018,13.676,0.013676
NAM,Namibia,Africa,2019,12.539,0.012539
NAM,Namibia,Africa,2020,10.583,0.010583
NAM,Namibia,Africa,2021,12.399,0.012399
NAM,Namibia,Africa,2022,12.564,0.012564
NAM,Namibia,Africa,2023,12.402,0.012402
NAM,Namibia,Africa,2024,13.37,0.01337
NAM,Namibia,Africa,2025,14.826,0.014826
NAM,Namibia,Africa,2026,17.314,0.017314
NAM,Namibia,Africa,2027,18.351,0.018351
NAM,Namibia,Africa,2028,19.244,0.019244
NAM,Namibia,Africa,2029,20.309,0.020309
NAM,Namibia,Africa,2030,21.367,0.021367
NAM,Namibia,Africa,2031,22.45,0.02245
NRU,Nauru,Oceania,2004,0.032,3.2e-05
NRU,Nauru,Oceania,2005,0.031,3.1e-05
NRU,Nauru,Oceania,2006,0.029,2.9e-05
NRU,Nauru,Oceania,2007,0.025,2.5e-05
NRU,Nauru,Oceania,2008,0.036,3.6e-05
NRU,Nauru,Oceania,2009,0.047,4.7e-05
NRU,Nauru,Oceania,2010,0.05,5e-05
NRU,Nauru,Oceania,2011,0.069,6.9e-05
NRU,Nauru,Oceania,2012,0.101,0.000101
NRU,Nauru,Oceania,2013,0.089,8.9e-05
NRU,Nauru,Oceania,2014,0.097,9.7e-05
NRU,Nauru,Oceania,2015,0.076,7.6e-05
NRU,Nauru,Oceania,2016,0.1,0.0001
NRU,Nauru,Oceania,2017,0.109,0.000109
NRU,Nauru,Oceania,2018,0.131,0.000131
NRU,Nauru,Oceania,2019,0.125,0.000125
NRU,Nauru,Oceania,2020,0.125,0.000125
NRU,Nauru,Oceania,2021,0.149,0.000149
NRU,Nauru,Oceania,2022,0.181,0.000181
NRU,Nauru,Oceania,2023,0.161,0.000161
NRU,Nauru,Oceania,2024,0.168,0.000168
NRU,Nauru,Oceania,2025,0.176,0.000176
NRU,Nauru,Oceania,2026,0.196,0.000196
NRU,Nauru,Oceania,2027,0.214,0.000214
NRU,Nauru,Oceania,2028,0.223,0.000223
NRU,Nauru,Oceania,2029,0.233,0.000233
NRU,Nauru,Oceania,2030,0.242,0.000242
NRU,Nauru,Oceania,2031,0.252,0.000252
NPL,Nepal,Asia,1980,2.258,0.002258
NPL,Nepal,Asia,1981,2.641,0.002641
NPL,Nepal,Asia,1982,2.669,0.002669
NPL,Nepal,Asia,1983,2.92,0.00292
NPL,Nepal,Asia,1984,3.089,0.003089
NPL,Nepal,Asia,1985,3.208,0.003208
NPL,Nepal,Asia,1986,3.491,0.003491
NPL,Nepal,Asia,1987,3.621,0.003621
NPL,Nepal,Asia,1988,4.27,0.00427
NPL,Nepal,Asia,1989,4.317,0.004317
NPL,Nepal,Asia,1990,4.442,0.004442
NPL,Nepal,Asia,1991,4.861,0.004861
NPL,Nepal,Asia,1992,4.417,0.004417
NPL,Nepal,Asia,1993,4.743,0.004743
NPL,Nepal,Asia,1994,4.954,0.004954
NPL,Nepal,Asia,1995,5.379,0.005379
NPL,Nepal,Asia,1996,5.544,0.005544
NPL,Nepal,Asia,1997,6.027,0.006027
NPL,Nepal,Asia,1998,5.992,0.005992
NPL,Nepal,Asia,1999,6.164,0.006164
NPL,Nepal,Asia,2000,6.537,0.006537
NPL,Nepal,Asia,2001,6.719,0.006719
NPL,Nepal,Asia,2002,6.816,0.006816
NPL,Nepal,Asia,2003,7.218,0.007218
NPL,Nepal,Asia,2004,8.297,0.008297
NPL,Nepal,Asia,2005,9.331,0.009331
NPL,Nepal,Asia,2006,10.316,0.010316
NPL,Nepal,Asia,2007,11.777,0.011777
NPL,Nepal,Asia,2008,14.31,0.01431
NPL,Nepal,Asia,2009,14.663,0.014663
NPL,Nepal,Asia,2010,18.253,0.018253
NPL,Nepal,Asia,2011,21.685,0.021685
NPL,Nepal,Asia,2012,21.703,0.021703
NPL,Nepal,Asia,2013,22.162,0.022162
NPL,Nepal,Asia,2014,22.722,0.022722
NPL,Nepal,Asia,2015,24.361,0.024361
NPL,Nepal,Asia,2016,24.524,0.024524
NPL,Nepal,Asia,2017,28.972,0.028972
NPL,Nepal,Asia,2018,33.112,0.033112
NPL,Nepal,Asia,2019,34.186,0.034186
NPL,Nepal,Asia,2020,33.434,0.033434
NPL,Nepal,Asia,2021,36.927,0.036927
NPL,Nepal,Asia,2022,41.183,0.041183
NPL,Nepal,Asia,2023,41.048,0.041048
NPL,Nepal,Asia,2024,42.914,0.042914
NPL,Nepal,Asia,2025,44.81,0.04481
NPL,Nepal,Asia,2026,45.844,0.045844
NPL,Nepal,Asia,2027,48.09,0.04809
NPL,Nepal,Asia,2028,52.928,0.052928
NPL,Nepal,Asia,2029,58.294,0.058294
NPL,Nepal,Asia,2030,64.168,0.064168
NPL,Nepal,Asia,2031,70.396,0.070396
NLD,Netherlands,Europe,1980,194.031,0.194031
NLD,Netherlands,Europe,1981,162.629,0.162629
NLD,Netherlands,Europe,1982,157.56,0.15756
NLD,Netherlands,Europe,1983,153.396,0.153396
NLD,Netherlands,Europe,1984,142.779,0.142779
NLD,Netherlands,Europe,1985,144.859,0.144859
NLD,Netherlands,Europe,1986,201.883,0.201883
NLD,Netherlands,Europe,1987,247.277,0.247277
NLD,Netherlands,Europe,1988,264.596,0.264596
NLD,Netherlands,Europe,1989,260.9,0.2609
NLD,Netherlands,Europe,1990,321.859,0.321859
NLD,Netherlands,Europe,1991,331.565,0.331565
NLD,Netherlands,Europe,1992,366.52,0.36652
NLD,Netherlands,Europe,1993,356.434,0.356434
NLD,Netherlands,Europe,1994,383.091,0.383091
NLD,Netherlands,Europe,1995,453.377,0.453377
NLD,Netherlands,Europe,1996,451.508,0.451508
NLD,Netherlands,Europe,1997,418.023,0.418023
NLD,Netherlands,Europe,1998,439.215,0.439215
NLD,Netherlands,Europe,1999,448.223,0.448223
NLD,Netherlands,Europe,2000,417.834,0.417834
NLD,Netherlands,Europe,2001,432.539,0.432539
NLD,Netherlands,Europe,2002,475.194,0.475194
NLD,Netherlands,Europe,2003,582.29,0.58229
NLD,Netherlands,Europe,2004,660.925,0.660925
NLD,Netherlands,Europe,2005,688.514,0.688514
NLD,Netherlands,Europe,2006,737.633,0.737633
NLD,Netherlands,Europe,2007,853.6,0.8536
NLD,Netherlands,Europe,2008,957.797,0.957797
NLD,Netherlands,Europe,2009,878.0,0.878
NLD,Netherlands,Europe,2010,853.161,0.853161
NLD,Netherlands,Europe,2011,912.98,0.91298
NLD,Netherlands,Europe,2012,846.225,0.846225
NLD,Netherlands,Europe,2013,883.964,0.883964
NLD,Netherlands,Europe,2014,901.789,0.901789
NLD,Netherlands,Europe,2015,775.822,0.775822
NLD,Netherlands,Europe,2016,796.944,0.796944
NLD,Netherlands,Europe,2017,847.934,0.847934
NLD,Netherlands,Europe,2018,930.155,0.930155
NLD,Netherlands,Europe,2019,929.006,0.929006
NLD,Netherlands,Europe,2020,931.814,0.931814
NLD,Netherlands,Europe,2021,1055.173,1.055173
NLD,Netherlands,Europe,2022,1047.364,1.047364
NLD,Netherlands,Europe,2023,1135.803,1.135803
NLD,Netherlands,Europe,2024,1214.562,1.214562
NLD,Netherlands,Europe,2025,1332.24,1.33224
NLD,Netherlands,Europe,2026,1449.704,1.449704
NLD,Netherlands,Europe,2027,1500.424,1.500424
NLD,Netherlands,Europe,2028,1551.351,1.551351
NLD,Netherlands,Europe,2029,1603.433,1.603433
NLD,Netherlands,Europe,2030,1654.957,1.654957
NLD,Netherlands,Europe,2031,1707.813,1.707813
NZL,New Zealand,Oceania,1980,22.551,0.022551
NZL,New Zealand,Oceania,1981,23.472,0.023472
NZL,New Zealand,Oceania,1982,23.237,0.023237
NZL,New Zealand,Oceania,1983,22.484,0.022484
NZL,New Zealand,Oceania,1984,22.377,0.022377
NZL,New Zealand,Oceania,1985,22.539,0.022539
NZL,New Zealand,Oceania,1986,27.428,0.027428
NZL,New Zealand,Oceania,1987,36.978,0.036978
NZL,New Zealand,Oceania,1988,45.505,0.045505
NZL,New Zealand,Oceania,1989,44.132,0.044132
NZL,New Zealand,Oceania,1990,45.722,0.045722
NZL,New Zealand,Oceania,1991,43.44,0.04344
NZL,New Zealand,Oceania,1992,41.515,0.041515
NZL,New Zealand,Oceania,1993,44.807,0.044807
NZL,New Zealand,Oceania,1994,52.92,0.05292
NZL,New Zealand,Oceania,1995,62.241,0.062241
NZL,New Zealand,Oceania,1996,69.1,0.0691
NZL,New Zealand,Oceania,1997,68.869,0.068869
NZL,New Zealand,Oceania,1998,56.815,0.056815
NZL,New Zealand,Oceania,1999,58.898,0.058898
NZL,New Zealand,Oceania,2000,54.127,0.054127
NZL,New Zealand,Oceania,2001,53.128,0.053128
NZL,New Zealand,Oceania,2002,62.061,0.062061
NZL,New Zealand,Oceania,2003,82.408,0.082408
NZL,New Zealand,Oceania,2004,101.599,0.101599
NZL,New Zealand,Oceania,2005,113.265,0.113265
NZL,New Zealand,Oceania,2006,109.742,0.109742
NZL,New Zealand,Oceania,2007,134.85,0.13485
NZL,New Zealand,Oceania,2008,135.614,0.135614
NZL,New Zealand,Oceania,2009,122.003,0.122003
NZL,New Zealand,Oceania,2010,145.742,0.145742
NZL,New Zealand,Oceania,2011,167.151,0.167151
NZL,New Zealand,Oceania,2012,175.315,0.175315
NZL,New Zealand,Oceania,2013,187.226,0.187226
NZL,New Zealand,Oceania,2014,200.224,0.200224
NZL,New Zealand,Oceania,2015,176.375,0.176375
NZL,New Zealand,Oceania,2016,185.978,0.185978
NZL,New Zealand,Oceania,2017,203.663,0.203663
NZL,New Zealand,Oceania,2018,209.489,0.209489
NZL,New Zealand,Oceania,2019,210.962,0.210962
NZL,New Zealand,Oceania,2020,210.84,0.21084
NZL,New Zealand,Oceania,2021,249.72,0.24972
NZL,New Zealand,Oceania,2022,245.165,0.245165
NZL,New Zealand,Oceania,2023,253.65,0.25365
NZL,New Zealand,Oceania,2024,258.827,0.258827
NZL,New Zealand,Oceania,2025,258.832,0.258832
NZL,New Zealand,Oceania,2026,278.636,0.278636
NZL,New Zealand,Oceania,2027,290.452,0.290452
NZL,New Zealand,Oceania,2028,301.931,0.301931
NZL,New Zealand,Oceania,2029,314.363,0.314363
NZL,New Zealand,Oceania,2030,327.131,0.327131
NZL,New Zealand,Oceania,2031,339.935,0.339935
NIC,Nicaragua,Americas,1980,1.832,0.001832
NIC,Nicaragua,Americas,1981,2.156,0.002156
NIC,Nicaragua,Americas,1982,2.497,0.002497
NIC,Nicaragua,Americas,1983,2.9,0.0029
NIC,Nicaragua,Americas,1984,3.966,0.003966
NIC,Nicaragua,Americas,1985,3.854,0.003854
NIC,Nicaragua,Americas,1986,5.8,0.0058
NIC,Nicaragua,Americas,1987,3.409,0.003409
NIC,Nicaragua,Americas,1988,1.499,0.001499
NIC,Nicaragua,Americas,1989,2.082,0.002082
NIC,Nicaragua,Americas,1990,0.519,0.000519
NIC,Nicaragua,Americas,1991,3.678,0.003678
NIC,Nicaragua,Americas,1992,3.894,0.003894
NIC,Nicaragua,Americas,1993,3.726,0.003726
NIC,Nicaragua,Americas,1994,3.861,0.003861
NIC,Nicaragua,Americas,1995,4.14,0.00414
NIC,Nicaragua,Americas,1996,4.308,0.004308
NIC,Nicaragua,Americas,1997,4.39,0.00439
NIC,Nicaragua,Americas,1998,4.635,0.004635
NIC,Nicaragua,Americas,1999,4.856,0.004856
NIC,Nicaragua,Americas,2000,5.109,0.005109
NIC,Nicaragua,Americas,2001,5.335,0.005335
NIC,Nicaragua,Americas,2002,5.224,0.005224
NIC,Nicaragua,Americas,2003,5.322,0.005322
NIC,Nicaragua,Americas,2004,5.793,0.005793
NIC,Nicaragua,Americas,2005,6.321,0.006321
NIC,Nicaragua,Americas,2006,6.764,0.006764
NIC,Nicaragua,Americas,2007,7.423,0.007423
NIC,Nicaragua,Americas,2008,8.497,0.008497
NIC,Nicaragua,Americas,2009,8.297,0.008297
NIC,Nicaragua,Americas,2010,8.759,0.008759
NIC,Nicaragua,Americas,2011,9.774,0.009774
NIC,Nicaragua,Americas,2012,10.532,0.010532
NIC,Nicaragua,Americas,2013,10.983,0.010983
NIC,Nicaragua,Americas,2014,11.88,0.01188
NIC,Nicaragua,Americas,2015,12.757,0.012757
NIC,Nicaragua,Americas,2016,13.286,0.013286
NIC,Nicaragua,Americas,2017,13.786,0.013786
NIC,Nicaragua,Americas,2018,13.025,0.013025
NIC,Nicaragua,Americas,2019,12.713,0.012713
NIC,Nicaragua,Americas,2020,12.73,0.01273
NIC,Nicaragua,Americas,2021,14.208,0.014208
NIC,Nicaragua,Americas,2022,15.634,0.015634
NIC,Nicaragua,Americas,2023,17.813,0.017813
NIC,Nicaragua,Americas,2024,19.697,0.019697
NIC,Nicaragua,Americas,2025,22.237,0.022237
NIC,Nicaragua,Americas,2026,24.227,0.024227
NIC,Nicaragua,Americas,2027,26.258,0.026258
NIC,Nicaragua,Americas,2028,28.001,0.028001
NIC,Nicaragua,Americas,2029,29.859,0.029859
NIC,Nicaragua,Americas,2030,31.84,0.03184
NIC,Nicaragua,Americas,2031,33.953,0.033953
NER,Niger,Africa,1980,3.531,0.003531
NER,Niger,Africa,1981,3.056,0.003056
NER,Niger,Africa,1982,2.84,0.00284
NER,Niger,Africa,1983,2.538,0.002538
NER,Niger,Africa,1984,2.056,0.002056
NER,Niger,Africa,1985,2.027,0.002027
NER,Niger,Africa,1986,2.68,0.00268
NER,Niger,Africa,1987,3.143,0.003143
NER,Niger,Africa,1988,3.21,0.00321
NER,Niger,Africa,1989,3.068,0.003068
NER,Niger,Africa,1990,3.491,0.003491
NER,Niger,Africa,1991,3.271,0.003271
NER,Niger,Africa,1992,3.372,0.003372
NER,Niger,Africa,1993,3.041,0.003041
NER,Niger,Africa,1994,1.935,0.001935
NER,Niger,Africa,1995,2.296,0.002296
NER,Niger,Africa,1996,2.397,0.002397
NER,Niger,Africa,1997,2.285,0.002285
NER,Niger,Africa,1998,2.639,0.002639
NER,Niger,Africa,1999,2.532,0.002532
NER,Niger,Africa,2000,2.235,0.002235
NER,Niger,Africa,2001,2.442,0.002442
NER,Niger,Africa,2002,2.772,0.002772
NER,Niger,Africa,2003,3.382,0.003382
NER,Niger,Africa,2004,3.746,0.003746
NER,Niger,Africa,2005,4.372,0.004372
NER,Niger,Africa,2006,4.743,0.004743
NER,Niger,Africa,2007,5.716,0.005716
NER,Niger,Africa,2008,7.279,0.007279
NER,Niger,Africa,2009,7.324,0.007324
NER,Niger,Africa,2010,7.838,0.007838
NER,Niger,Africa,2011,8.754,0.008754
NER,Niger,Africa,2012,9.412,0.009412
NER,Niger,Africa,2013,10.206,0.010206
NER,Niger,Africa,2014,10.83,0.01083
NER,Niger,Africa,2015,9.684,0.009684
NER,Niger,Africa,2016,10.35,0.01035
NER,Niger,Africa,2017,11.181,0.011181
NER,Niger,Africa,2018,12.814,0.012814
NER,Niger,Africa,2019,12.917,0.012917
NER,Niger,Africa,2020,13.764,0.013764
NER,Niger,Africa,2021,14.923,0.014923
NER,Niger,Africa,2022,15.458,0.015458
NER,Niger,Africa,2023,16.809,0.016809
NER,Niger,Africa,2024,19.866,0.019866
NER,Niger,Africa,2025,21.836,0.021836
NER,Niger,Africa,2026,24.813,0.024813
NER,Niger,Africa,2027,26.928,0.026928
NER,Niger,Africa,2028,29.039,0.029039
NER,Niger,Africa,2029,31.38,0.03138
NER,Niger,Africa,2030,33.914,0.033914
NER,Niger,Africa,2031,36.646,0.036646
NGA,Nigeria,Africa,1990,87.542,0.087542
NGA,Nigeria,Africa,1991,84.676,0.084676
NGA,Nigeria,Africa,1992,73.614,0.073614
NGA,Nigeria,Africa,1993,79.996,0.079996
NGA,Nigeria,Africa,1994,112.837,0.112837
NGA,Nigeria,Africa,1995,186.207,0.186207
NGA,Nigeria,Africa,1996,243.178,0.243178
NGA,Nigeria,Africa,1997,264.554,0.264554
NGA,Nigeria,Africa,1998,295.269,0.295269
NGA,Nigeria,Africa,1999,80.94,0.08094
NGA,Nigeria,Africa,2000,95.51,0.09551
NGA,Nigeria,Africa,2001,102.98,0.10298
NGA,Nigeria,Africa,2002,132.347,0.132347
NGA,Nigeria,Africa,2003,144.955,0.144955
NGA,Nigeria,Africa,2004,183.553,0.183553
NGA,Nigeria,Africa,2005,238.895,0.238895
NGA,Nigeria,Africa,2006,313.737,0.313737
NGA,Nigeria,Africa,2007,375.055,0.375055
NGA,Nigeria,Africa,2008,472.283,0.472283
NGA,Nigeria,Africa,2009,425.922,0.425922
NGA,Nigeria,Africa,2010,526.809,0.526809
NGA,Nigeria,Africa,2011,591.367,0.591367
NGA,Nigeria,Africa,2012,657.854,0.657854
NGA,Nigeria,Africa,2013,734.89,0.73489
NGA,Nigeria,Africa,2014,811.134,0.811134
NGA,Nigeria,Africa,2015,696.088,0.696088
NGA,Nigeria,Africa,2016,570.351,0.570351
NGA,Nigeria,Africa,2017,529.144,0.529144
NGA,Nigeria,Africa,2018,593.897,0.593897
NGA,Nigeria,Africa,2019,668.219,0.668219
NGA,Nigeria,Africa,2020,598.725,0.598725
NGA,Nigeria,Africa,2021,609.479,0.609479
NGA,Nigeria,Africa,2022,645.682,0.645682
NGA,Nigeria,Africa,2023,487.347,0.487347
NGA,Nigeria,Africa,2024,252.109,0.252109
NGA,Nigeria,Africa,2025,290.491,0.290491
NGA,Nigeria,Africa,2026,377.365,0.377365
NGA,Nigeria,Africa,2027,387.645,0.387645
NGA,Nigeria,Africa,2028,405.582,0.405582
NGA,Nigeria,Africa,2029,434.814,0.434814
NGA,Nigeria,Africa,2030,464.836,0.464836
NGA,Nigeria,Africa,2031,496.284,0.496284
MKD,North Macedonia,Europe,1992,2.443,0.002443
MKD,North Macedonia,Europe,1993,2.687,0.002687
MKD,North Macedonia,Europe,1994,3.561,0.003561
MKD,North Macedonia,Europe,1995,4.687,0.004687
MKD,North Macedonia,Europe,1996,4.642,0.004642
MKD,North Macedonia,Europe,1997,3.928,0.003928
MKD,North Macedonia,Europe,1998,3.764,0.003764
MKD,North Macedonia,Europe,1999,3.867,0.003867
MKD,North Macedonia,Europe,2000,3.774,0.003774
MKD,North Macedonia,Europe,2001,3.709,0.003709
MKD,North Macedonia,Europe,2002,3.991,0.003991
MKD,North Macedonia,Europe,2003,4.946,0.004946
MKD,North Macedonia,Europe,2004,5.684,0.005684
MKD,North Macedonia,Europe,2005,6.257,0.006257
MKD,North Macedonia,Europe,2006,6.86,0.00686
MKD,North Macedonia,Europe,2007,8.337,0.008337
MKD,North Macedonia,Europe,2008,9.912,0.009912
MKD,North Macedonia,Europe,2009,9.4,0.0094
MKD,North Macedonia,Europe,2010,9.415,0.009415
MKD,North Macedonia,Europe,2011,10.499,0.010499
MKD,North Macedonia,Europe,2012,9.751,0.009751
MKD,North Macedonia,Europe,2013,10.824,0.010824
MKD,North Macedonia,Europe,2014,11.378,0.011378
MKD,North Macedonia,Europe,2015,10.067,0.010067
MKD,North Macedonia,Europe,2016,10.686,0.010686
MKD,North Macedonia,Europe,2017,11.336,0.011336
MKD,North Macedonia,Europe,2018,12.694,0.012694
MKD,North Macedonia,Europe,2019,12.609,0.012609
MKD,North Macedonia,Europe,2020,12.385,0.012385
MKD,North Macedonia,Europe,2021,14.008,0.014008
MKD,North Macedonia,Europe,2022,13.957,0.013957
MKD,North Macedonia,Europe,2023,15.864,0.015864
MKD,North Macedonia,Europe,2024,16.954,0.016954
MKD,North Macedonia,Europe,2025,19.142,0.019142
MKD,North Macedonia,Europe,2026,21.605,0.021605
MKD,North Macedonia,Europe,2027,23.12,0.02312
MKD,North Macedonia,Europe,2028,24.585,0.024585
MKD,North Macedonia,Europe,2029,25.955,0.025955
MKD,North Macedonia,Europe,2030,27.307,0.027307
MKD,North Macedonia,Europe,2031,28.671,0.028671
NOR,Norway,Europe,1980,64.177,0.064177
NOR,Norway,Europe,1981,63.393,0.063393
NOR,Norway,Europe,1982,62.453,0.062453
NOR,Norway,Europe,1983,61.418,0.061418
NOR,Norway,Europe,1984,61.866,0.061866
NOR,Norway,Europe,1985,65.211,0.065211
NOR,Norway,Europe,1986,78.438,0.078438
NOR,Norway,Europe,1987,93.914,0.093914
NOR,Norway,Europe,1988,101.498,0.101498
NOR,Norway,Europe,1989,102.227,0.102227
NOR,Norway,Europe,1990,119.344,0.119344
NOR,Norway,Europe,1991,121.149,0.121149
NOR,Norway,Europe,1992,129.999,0.129999
NOR,Norway,Europe,1993,119.841,0.119841
NOR,Norway,Europe,1994,126.325,0.126325
NOR,Norway,Europe,1995,151.085,0.151085
NOR,Norway,Europe,1996,162.428,0.162428
NOR,Norway,Europe,1997,160.014,0.160014
NOR,Norway,Europe,1998,152.956,0.152956
NOR,Norway,Europe,1999,161.305,0.161305
NOR,Norway,Europe,2000,170.619,0.170619
NOR,Norway,Europe,2001,173.592,0.173592
NOR,Norway,Europe,2002,195.361,0.195361
NOR,Norway,Europe,2003,229.193,0.229193
NOR,Norway,Europe,2004,265.662,0.265662
NOR,Norway,Europe,2005,311.418,0.311418
NOR,Norway,Europe,2006,349.772,0.349772
NOR,Norway,Europe,2007,407.817,0.407817
NOR,Norway,Europe,2008,472.061,0.472061
NOR,Norway,Europe,2009,395.663,0.395663
NOR,Norway,Europe,2010,440.133,0.440133
NOR,Norway,Europe,2011,512.869,0.512869
NOR,Norway,Europe,2012,525.084,0.525084
NOR,Norway,Europe,2013,540.133,0.540133
NOR,Norway,Europe,2014,515.83,0.51583
NOR,Norway,Europe,2015,400.669,0.400669
NOR,Norway,Europe,2016,383.284,0.383284
NOR,Norway,Europe,2017,415.673,0.415673
NOR,Norway,Europe,2018,454.589,0.454589
NOR,Norway,Europe,2019,424.245,0.424245
NOR,Norway,Europe,2020,382.253,0.382253
NOR,Norway,Europe,2021,521.592,0.521592
NOR,Norway,Europe,2022,617.322,0.617322
NOR,Norway,Europe,2023,502.198,0.502198
NOR,Norway,Europe,2024,500.886,0.500886
NOR,Norway,Europe,2025,530.756,0.530756
NOR,Norway,Europe,2026,599.406,0.599406
NOR,Norway,Europe,2027,604.144,0.604144
NOR,Norway,Europe,2028,605.423,0.605423
NOR,Norway,Europe,2029,607.524,0.607524
NOR,Norway,Europe,2030,611.78,0.61178
NOR,Norway,Europe,2031,617.687,0.617687
OMN,Oman,Asia,1980,7.269,0.007269
OMN,Oman,Asia,1981,8.849,0.008849
OMN,Oman,Asia,1982,9.285,0.009285
OMN,Oman,Asia,1983,9.733,0.009733
OMN,Oman,Asia,1984,10.726,0.010726
OMN,Oman,Asia,1985,11.916,0.011916
OMN,Oman,Asia,1986,9.433,0.009433
OMN,Oman,Asia,1987,9.89,0.00989
OMN,Oman,Asia,1988,9.613,0.009613
OMN,Oman,Asia,1989,10.743,0.010743
OMN,Oman,Asia,1990,13.395,0.013395
OMN,Oman,Asia,1991,13.0,0.013
OMN,Oman,Asia,1992,14.274,0.014274
OMN,Oman,Asia,1993,14.321,0.014321
OMN,Oman,Asia,1994,14.808,0.014808
OMN,Oman,Asia,1995,15.821,0.015821
OMN,Oman,Asia,1996,17.512,0.017512
OMN,Oman,Asia,1997,18.154,0.018154
OMN,Oman,Asia,1998,16.044,0.016044
OMN,Oman,Asia,1999,17.833,0.017833
OMN,Oman,Asia,2000,22.259,0.022259
OMN,Oman,Asia,2001,22.206,0.022206
OMN,Oman,Asia,2002,23.066,0.023066
OMN,Oman,Asia,2003,24.734,0.024734
OMN,Oman,Asia,2004,28.379,0.028379
OMN,Oman,Asia,2005,35.507,0.035507
OMN,Oman,Asia,2006,42.578,0.042578
OMN,Oman,Asia,2007,48.3,0.0483
OMN,Oman,Asia,2008,69.805,0.069805
OMN,Oman,Asia,2009,55.454,0.055454
OMN,Oman,Asia,2010,64.994,0.064994
OMN,Oman,Asia,2011,77.497,0.077497
OMN,Oman,Asia,2012,87.409,0.087409
OMN,Oman,Asia,2013,89.936,0.089936
OMN,Oman,Asia,2014,92.699,0.092699
OMN,Oman,Asia,2015,78.711,0.078711
OMN,Oman,Asia,2016,75.129,0.075129
OMN,Oman,Asia,2017,80.857,0.080857
OMN,Oman,Asia,2018,91.506,0.091506
OMN,Oman,Asia,2019,88.061,0.088061
OMN,Oman,Asia,2020,75.909,0.075909
OMN,Oman,Asia,2021,87.324,0.087324
OMN,Oman,Asia,2022,109.853,0.109853
OMN,Oman,Asia,2023,106.175,0.106175
OMN,Oman,Asia,2024,107.137,0.107137
OMN,Oman,Asia,2025,106.127,0.106127
OMN,Oman,Asia,2026,117.176,0.117176
OMN,Oman,Asia,2027,118.478,0.118478
OMN,Oman,Asia,2028,122.721,0.122721
OMN,Oman,Asia,2029,128.36,0.12836
OMN,Oman,Asia,2030,134.117,0.134117
OMN,Oman,Asia,2031,139.327,0.139327
PAK,Pakistan,Asia,1980,38.616,0.038616
PAK,Pakistan,Asia,1981,45.681,0.045681
PAK,Pakistan,Asia,1982,49.932,0.049932
PAK,Pakistan,Asia,1983,46.619,0.046619
PAK,Pakistan,Asia,1984,50.612,0.050612
PAK,Pakistan,Asia,1985,50.607,0.050607
PAK,Pakistan,Asia,1986,51.827,0.051827
PAK,Pakistan,Asia,1987,54.171,0.054171
PAK,Pakistan,Asia,1988,62.385,0.062385
PAK,Pakistan,Asia,1989,65.042,0.065042
PAK,Pakistan,Asia,1990,65.276,0.065276
PAK,Pakistan,Asia,1991,74.158,0.074158
PAK,Pakistan,Asia,1992,79.338,0.079338
PAK,Pakistan,Asia,1993,83.969,0.083969
PAK,Pakistan,Asia,1994,84.642,0.084642
PAK,Pakistan,Asia,1995,98.917,0.098917
PAK,Pakistan,Asia,1996,103.296,0.103296
PAK,Pakistan,Asia,1997,101.848,0.101848
PAK,Pakistan,Asia,1998,101.381,0.101381
PAK,Pakistan,Asia,1999,96.008,0.096008
PAK,Pakistan,Asia,2000,99.421,0.099421
PAK,Pakistan,Asia,2001,96.784,0.096784
PAK,Pakistan,Asia,2002,98.169,0.098169
PAK,Pakistan,Asia,2003,112.507,0.112507
PAK,Pakistan,Asia,2004,132.206,0.132206
PAK,Pakistan,Asia,2005,145.209,0.145209
PAK,Pakistan,Asia,2006,161.871,0.161871
PAK,Pakistan,Asia,2007,184.141,0.184141
PAK,Pakistan,Asia,2008,202.204,0.202204
PAK,Pakistan,Asia,2009,187.074,0.187074
PAK,Pakistan,Asia,2010,196.712,0.196712
PAK,Pakistan,Asia,2011,230.577,0.230577
PAK,Pakistan,Asia,2012,250.094,0.250094
PAK,Pakistan,Asia,2013,258.674,0.258674
PAK,Pakistan,Asia,2014,271.422,0.271422
PAK,Pakistan,Asia,2015,299.93,0.29993
PAK,Pakistan,Asia,2016,313.623,0.313623
PAK,Pakistan,Asia,2017,339.229,0.339229
PAK,Pakistan,Asia,2018,356.163,0.356163
PAK,Pakistan,Asia,2019,321.071,0.321071
PAK,Pakistan,Asia,2020,300.41,0.30041
PAK,Pakistan,Asia,2021,348.481,0.348481
PAK,Pakistan,Asia,2022,374.85,0.37485
PAK,Pakistan,Asia,2023,336.555,0.336555
PAK,Pakistan,Asia,2024,372.243,0.372243
PAK,Pakistan,Asia,2025,407.786,0.407786
PLW,Palau,Oceania,2000,0.15,0.00015
PLW,Palau,Oceania,2001,0.159,0.000159
PLW,Palau,Oceania,2002,0.163,0.000163
PLW,Palau,Oceania,2003,0.155,0.000155
PLW,Palau,Oceania,2004,0.166,0.000166
PLW,Palau,Oceania,2005,0.186,0.000186
PLW,Palau,Oceania,2006,0.191,0.000191
PLW,Palau,Oceania,2007,0.196,0.000196
PLW,Palau,Oceania,2008,0.199,0.000199
PLW,Palau,Oceania,2009,0.184,0.000184
PLW,Palau,Oceania,2010,0.184,0.000184
PLW,Palau,Oceania,2011,0.195,0.000195
PLW,Palau,Oceania,2012,0.215,0.000215
PLW,Palau,Oceania,2013,0.226,0.000226
PLW,Palau,Oceania,2014,0.245,0.000245
PLW,Palau,Oceania,2015,0.283,0.000283
PLW,Palau,Oceania,2016,0.303,0.000303
PLW,Palau,Oceania,2017,0.29,0.00029
PLW,Palau,Oceania,2018,0.288,0.000288
PLW,Palau,Oceania,2019,0.282,0.000282
PLW,Palau,Oceania,2020,0.259,0.000259
PLW,Palau,Oceania,2021,0.236,0.000236
PLW,Palau,Oceania,2022,0.247,0.000247
PLW,Palau,Oceania,2023,0.276,0.000276
PLW,Palau,Oceania,2024,0.322,0.000322
PLW,Palau,Oceania,2025,0.345,0.000345
PLW,Palau,Oceania,2026,0.377,0.000377
PLW,Palau,Oceania,2027,0.398,0.000398
PLW,Palau,Oceania,2028,0.419,0.000419
PLW,Palau,Oceania,2029,0.438,0.000438
PLW,Palau,Oceania,2030,0.456,0.000456
PLW,Palau,Oceania,2031,0.474,0.000474
PSE,Palestine,Asia,1994,2.843,0.002843
PSE,Palestine,Asia,1995,3.283,0.003283
PSE,Palestine,Asia,1996,3.41,0.00341
PSE,Palestine,Asia,1997,3.76,0.00376
PSE,Palestine,Asia,1998,4.068,0.004068
PSE,Palestine,Asia,1999,4.271,0.004271
PSE,Palestine,Asia,2000,4.314,0.004314
PSE,Palestine,Asia,2001,4.004,0.004004
PSE,Palestine,Asia,2002,3.556,0.003556
PSE,Palestine,Asia,2003,3.968,0.003968
PSE,Palestine,Asia,2004,4.603,0.004603
PSE,Palestine,Asia,2005,5.126,0.005126
PSE,Palestine,Asia,2006,5.348,0.005348
PSE,Palestine,Asia,2007,5.816,0.005816
PSE,Palestine,Asia,2008,7.31,0.00731
PSE,Palestine,Asia,2009,8.086,0.008086
PSE,Palestine,Asia,2010,9.682,0.009682
PSE,Palestine,Asia,2011,11.186,0.011186
PSE,Palestine,Asia,2012,12.208,0.012208
PSE,Palestine,Asia,2013,13.515,0.013515
PSE,Palestine,Asia,2014,13.99,0.01399
PSE,Palestine,Asia,2015,13.972,0.013972
PSE,Palestine,Asia,2016,15.405,0.015405
PSE,Palestine,Asia,2017,16.128,0.016128
PSE,Palestine,Asia,2018,16.277,0.016277
PSE,Palestine,Asia,2019,17.134,0.017134
PSE,Palestine,Asia,2020,15.532,0.015532
PSE,Palestine,Asia,2021,18.109,0.018109
PSE,Palestine,Asia,2022,19.166,0.019166
PSE,Palestine,Asia,2023,18.635,0.018635
PSE,Palestine,Asia,2024,16.017,0.016017
PAN,Panama,Americas,1980,3.759,0.003759
PAN,Panama,Americas,1981,4.255,0.004255
PAN,Panama,Americas,1982,4.701,0.004701
PAN,Panama,Americas,1983,4.827,0.004827
PAN,Panama,Americas,1984,5.038,0.005038
PAN,Panama,Americas,1985,5.33,0.00533
PAN,Panama,Americas,1986,5.539,0.005539
PAN,Panama,Americas,1987,5.563,0.005563
PAN,Panama,Americas,1988,4.809,0.004809
PAN,Panama,Americas,1989,4.822,0.004822
PAN,Panama,Americas,1990,5.242,0.005242
PAN,Panama,Americas,1991,5.764,0.005764
PAN,Panama,Americas,1992,6.553,0.006553
PAN,Panama,Americas,1993,7.156,0.007156
PAN,Panama,Americas,1994,7.631,0.007631
PAN,Panama,Americas,1995,7.8,0.0078
PAN,Panama,Americas,1996,9.198,0.009198
PAN,Panama,Americas,1997,10.059,0.010059
PAN,Panama,Americas,1998,11.02,0.01102
PAN,Panama,Americas,1999,11.661,0.011661
PAN,Panama,Americas,2000,11.966,0.011966
PAN,Panama,Americas,2001,12.253,0.012253
PAN,Panama,Americas,2002,12.801,0.012801
PAN,Panama,Americas,2003,13.603,0.013603
PAN,Panama,Americas,2004,15.1,0.0151
PAN,Panama,Americas,2005,16.624,0.016624
PAN,Panama,Americas,2006,18.66,0.01866
PAN,Panama,Americas,2007,21.717,0.021717
PAN,Panama,Americas,2008,25.721,0.025721
PAN,Panama,Americas,2009,27.791,0.027791
PAN,Panama,Americas,2010,30.231,0.030231
PAN,Panama,Americas,2011,35.688,0.035688
PAN,Panama,Americas,2012,41.595,0.041595
PAN,Panama,Americas,2013,46.949,0.046949
PAN,Panama,Americas,2014,51.427,0.051427
PAN,Panama,Americas,2015,55.768,0.055768
PAN,Panama,Americas,2016,59.761,0.059761
PAN,Panama,Americas,2017,64.328,0.064328
PAN,Panama,Americas,2018,67.316,0.067316
PAN,Panama,Americas,2019,69.779,0.069779
PAN,Panama,Americas,2020,57.06,0.05706
PAN,Panama,Americas,2021,67.396,0.067396
PAN,Panama,Americas,2022,76.479,0.076479
PAN,Panama,Americas,2023,83.812,0.083812
PAN,Panama,Americas,2024,86.524,0.086524
PAN,Panama,Americas,2025,90.463,0.090463
PAN,Panama,Americas,2026,95.024,0.095024
PAN,Panama,Americas,2027,101.325,0.101325
PAN,Panama,Americas,2028,108.043,0.108043
PAN,Panama,Americas,2029,115.443,0.115443
PAN,Panama,Americas,2030,123.098,0.123098
PAN,Panama,Americas,2031,131.26,0.13126
PNG,Papua New Guinea,Oceania,1980,4.087,0.004087
PNG,Papua New Guinea,Oceania,1981,4.011,0.004011
PNG,Papua New Guinea,Oceania,1982,3.805,0.003805
PNG,Papua New Guinea,Oceania,1983,3.799,0.003799
PNG,Papua New Guinea,Oceania,1984,3.509,0.003509
PNG,Papua New Guinea,Oceania,1985,3.25,0.00325
PNG,Papua New Guinea,Oceania,1986,3.535,0.003535
PNG,Papua New Guinea,Oceania,1987,3.885,0.003885
PNG,Papua New Guinea,Oceania,1988,5.4,0.0054
PNG,Papua New Guinea,Oceania,1989,5.238,0.005238
PNG,Papua New Guinea,Oceania,1990,4.757,0.004757
PNG,Papua New Guinea,Oceania,1991,5.596,0.005596
PNG,Papua New Guinea,Oceania,1992,6.466,0.006466
PNG,Papua New Guinea,Oceania,1993,7.349,0.007349
PNG,Papua New Guinea,Oceania,1994,8.077,0.008077
PNG,Papua New Guinea,Oceania,1995,7.149,0.007149
PNG,Papua New Guinea,Oceania,1996,7.608,0.007608
PNG,Papua New Guinea,Oceania,1997,7.272,0.007272
PNG,Papua New Guinea,Oceania,1998,5.558,0.005558
PNG,Papua New Guinea,Oceania,1999,5.072,0.005072
PNG,Papua New Guinea,Oceania,2000,5.169,0.005169
PNG,Papua New Guinea,Oceania,2001,4.531,0.004531
PNG,Papua New Guinea,Oceania,2002,4.387,0.004387
PNG,Papua New Guinea,Oceania,2003,5.488,0.005488
PNG,Papua New Guinea,Oceania,2004,6.279,0.006279
PNG,Papua New Guinea,Oceania,2005,7.339,0.007339
PNG,Papua New Guinea,Oceania,2006,8.355,0.008355
PNG,Papua New Guinea,Oceania,2007,9.545,0.009545
PNG,Papua New Guinea,Oceania,2008,11.671,0.011671
PNG,Papua New Guinea,Oceania,2009,11.619,0.011619
PNG,Papua New Guinea,Oceania,2010,14.251,0.014251
PNG,Papua New Guinea,Oceania,2011,17.985,0.017985
PNG,Papua New Guinea,Oceania,2012,21.295,0.021295
PNG,Papua New Guinea,Oceania,2013,21.261,0.021261
PNG,Papua New Guinea,Oceania,2014,23.211,0.023211
PNG,Papua New Guinea,Oceania,2015,21.723,0.021723
PNG,Papua New Guinea,Oceania,2016,20.759,0.020759
PNG,Papua New Guinea,Oceania,2017,22.743,0.022743
PNG,Papua New Guinea,Oceania,2018,24.11,0.02411
PNG,Papua New Guinea,Oceania,2019,24.751,0.024751
PNG,Papua New Guinea,Oceania,2020,23.848,0.023848
PNG,Papua New Guinea,Oceania,2021,26.113,0.026113
PNG,Papua New Guinea,Oceania,2022,31.653,0.031653
PNG,Papua New Guinea,Oceania,2023,30.729,0.030729
PNG,Papua New Guinea,Oceania,2024,30.756,0.030756
PNG,Papua New Guinea,Oceania,2025,32.491,0.032491
PNG,Papua New Guinea,Oceania,2026,34.403,0.034403
PNG,Papua New Guinea,Oceania,2027,34.978,0.034978
PNG,Papua New Guinea,Oceania,2028,36.655,0.036655
PNG,Papua New Guinea,Oceania,2029,38.349,0.038349
PNG,Papua New Guinea,Oceania,2030,40.312,0.040312
PNG,Papua New Guinea,Oceania,2031,42.785,0.042785
PRY,Paraguay,Americas,1980,4.095,0.004095
PRY,Paraguay,Americas,1981,5.22,0.00522
PRY,Paraguay,Americas,1982,5.47,0.00547
PRY,Paraguay,Americas,1983,6.069,0.006069
PRY,Paraguay,Americas,1984,4.931,0.004931
PRY,Paraguay,Americas,1985,4.214,0.004214
PRY,Paraguay,Americas,1986,5.032,0.005032
PRY,Paraguay,Americas,1987,4.216,0.004216
PRY,Paraguay,Americas,1988,5.584,0.005584
PRY,Paraguay,Americas,1989,4.046,0.004046
PRY,Paraguay,Americas,1990,4.904,0.004904
PRY,Paraguay,Americas,1991,6.984,0.006984
PRY,Paraguay,Americas,1992,7.158,0.007158
PRY,Paraguay,Americas,1993,7.249,0.007249
PRY,Paraguay,Americas,1994,7.871,0.007871
PRY,Paraguay,Americas,1995,9.062,0.009062
PRY,Paraguay,Americas,1996,9.788,0.009788
PRY,Paraguay,Americas,1997,9.965,0.009965
PRY,Paraguay,Americas,1998,9.26,0.00926
PRY,Paraguay,Americas,1999,8.837,0.008837
PRY,Paraguay,Americas,2000,8.856,0.008856
PRY,Paraguay,Americas,2001,8.496,0.008496
PRY,Paraguay,Americas,2002,7.196,0.007196
PRY,Paraguay,Americas,2003,7.691,0.007691
PRY,Paraguay,Americas,2004,9.624,0.009624
PRY,Paraguay,Americas,2005,10.738,0.010738
PRY,Paraguay,Americas,2006,13.43,0.01343
PRY,Paraguay,Americas,2007,17.856,0.017856
PRY,Paraguay,Americas,2008,24.615,0.024615
PRY,Paraguay,Americas,2009,22.355,0.022355
PRY,Paraguay,Americas,2010,27.129,0.027129
PRY,Paraguay,Americas,2011,33.737,0.033737
PRY,Paraguay,Americas,2012,33.296,0.033296
PRY,Paraguay,Americas,2013,38.651,0.038651
PRY,Paraguay,Americas,2014,40.378,0.040378
PRY,Paraguay,Americas,2015,36.211,0.036211
PRY,Paraguay,Americas,2016,36.09,0.03609
PRY,Paraguay,Americas,2017,38.997,0.038997
PRY,Paraguay,Americas,2018,40.225,0.040225
PRY,Paraguay,Americas,2019,37.925,0.037925
PRY,Paraguay,Americas,2020,35.432,0.035432
PRY,Paraguay,Americas,2021,39.937,0.039937
PRY,Paraguay,Americas,2022,41.841,0.041841
PRY,Paraguay,Americas,2023,43.14,0.04314
PRY,Paraguay,Americas,2024,44.739,0.044739
PRY,Paraguay,Americas,2025,49.358,0.049358
PRY,Paraguay,Americas,2026,60.542,0.060542
PRY,Paraguay,Americas,2027,64.029,0.064029
PRY,Paraguay,Americas,2028,67.644,0.067644
PRY,Paraguay,Americas,2029,71.476,0.071476
PRY,Paraguay,Americas,2030,75.522,0.075522
PRY,Paraguay,Americas,2031,79.788,0.079788
PER,Peru,Americas,1980,20.19,0.02019
PER,Peru,Americas,1981,24.398,0.024398
PER,Peru,Americas,1982,24.259,0.024259
PER,Peru,Americas,1983,18.863,0.018863
PER,Peru,Americas,1984,19.442,0.019442
PER,Peru,Americas,1985,16.823,0.016823
PER,Peru,Americas,1986,25.241,0.025241
PER,Peru,Americas,1987,41.681,0.041681
PER,Peru,Americas,1988,32.978,0.032978
PER,Peru,Americas,1989,40.699,0.040699
PER,Peru,Americas,1990,28.326,0.028326
PER,Peru,Americas,1991,33.988,0.033988
PER,Peru,Americas,1992,35.026,0.035026
PER,Peru,Americas,1993,34.032,0.034032
PER,Peru,Americas,1994,43.217,0.043217
PER,Peru,Americas,1995,51.365,0.051365
PER,Peru,Americas,1996,53.26,0.05326
PER,Peru,Americas,1997,56.076,0.056076
PER,Peru,Americas,1998,53.533,0.053533
PER,Peru,Americas,1999,48.46,0.04846
PER,Peru,Americas,2000,50.352,0.050352
PER,Peru,Americas,2001,51.053,0.051053
PER,Peru,Americas,2002,53.921,0.053921
PER,Peru,Americas,2003,58.578,0.058578
PER,Peru,Americas,2004,66.214,0.066214
PER,Peru,Americas,2005,74.054,0.074054
PER,Peru,Americas,2006,87.667,0.087667
PER,Peru,Americas,2007,102.335,0.102335
PER,Peru,Americas,2008,120.24,0.12024
PER,Peru,Americas,2009,122.427,0.122427
PER,Peru,Americas,2010,149.267,0.149267
PER,Peru,Americas,2011,170.773,0.170773
PER,Peru,Americas,2012,193.268,0.193268
PER,Peru,Americas,2013,201.568,0.201568
PER,Peru,Americas,2014,203.671,0.203671
PER,Peru,Americas,2015,193.344,0.193344
PER,Peru,Americas,2016,198.818,0.198818
PER,Peru,Americas,2017,220.09,0.22009
PER,Peru,Americas,2018,229.55,0.22955
PER,Peru,Americas,2019,236.263,0.236263
PER,Peru,Americas,2020,209.057,0.209057
PER,Peru,Americas,2021,228.704,0.228704
PER,Peru,Americas,2022,248.179,0.248179
PER,Peru,Americas,2023,272.755,0.272755
PER,Peru,Americas,2024,295.22,0.29522
PER,Peru,Americas,2025,341.025,0.341025
PER,Peru,Americas,2026,380.9,0.3809
PER,Peru,Americas,2027,386.375,0.386375
PER,Peru,Americas,2028,402.72,0.40272
PER,Peru,Americas,2029,418.912,0.418912
PER,Peru,Americas,2030,437.099,0.437099
PER,Peru,Americas,2031,458.414,0.458414
PHL,Philippines,Asia,1980,37.082,0.037082
PHL,Philippines,Asia,1981,40.735,0.040735
PHL,Philippines,Asia,1982,42.441,0.042441
PHL,Philippines,Asia,1983,37.953,0.037953
PHL,Philippines,Asia,1984,35.86,0.03586
PHL,Philippines,Asia,1985,34.973,0.034973
PHL,Philippines,Asia,1986,34.129,0.034129
PHL,Philippines,Asia,1987,37.932,0.037932
PHL,Philippines,Asia,1988,43.293,0.043293
PHL,Philippines,Asia,1989,48.652,0.048652
PHL,Philippines,Asia,1990,50.508,0.050508
PHL,Philippines,Asia,1991,51.784,0.051784
PHL,Philippines,Asia,1992,60.422,0.060422
PHL,Philippines,Asia,1993,62.037,0.062037
PHL,Philippines,Asia,1994,73.159,0.073159
PHL,Philippines,Asia,1995,84.644,0.084644
PHL,Philippines,Asia,1996,94.65,0.09465
PHL,Philippines,Asia,1997,94.106,0.094106
PHL,Philippines,Asia,1998,74.492,0.074492
PHL,Philippines,Asia,1999,85.64,0.08564
PHL,Philippines,Asia,2000,83.667,0.083667
PHL,Philippines,Asia,2001,78.921,0.078921
PHL,Philippines,Asia,2002,84.307,0.084307
PHL,Philippines,Asia,2003,87.039,0.087039
PHL,Philippines,Asia,2004,95.002,0.095002
PHL,Philippines,Asia,2005,107.42,0.10742
PHL,Philippines,Asia,2006,127.653,0.127653
PHL,Philippines,Asia,2007,155.98,0.15598
PHL,Philippines,Asia,2008,181.007,0.181007
PHL,Philippines,Asia,2009,176.132,0.176132
PHL,Philippines,Asia,2010,208.369,0.208369
PHL,Philippines,Asia,2011,234.217,0.234217
PHL,Philippines,Asia,2012,261.92,0.26192
PHL,Philippines,Asia,2013,283.903,0.283903
PHL,Philippines,Asia,2014,297.484,0.297484
PHL,Philippines,Asia,2015,306.446,0.306446
PHL,Philippines,Asia,2016,318.627,0.318627
PHL,Philippines,Asia,2017,328.481,0.328481
PHL,Philippines,Asia,2018,346.842,0.346842
PHL,Philippines,Asia,2019,376.823,0.376823
PHL,Philippines,Asia,2020,361.751,0.361751
PHL,Philippines,Asia,2021,394.087,0.394087
PHL,Philippines,Asia,2022,404.353,0.404353
PHL,Philippines,Asia,2023,437.055,0.437055
PHL,Philippines,Asia,2024,461.617,0.461617
PHL,Philippines,Asia,2025,487.161,0.487161
PHL,Philippines,Asia,2026,512.222,0.512222
PHL,Philippines,Asia,2027,556.747,0.556747
PHL,Philippines,Asia,2028,605.64,0.60564
PHL,Philippines,Asia,2029,658.454,0.658454
PHL,Philippines,Asia,2030,715.542,0.715542
PHL,Philippines,Asia,2031,777.576,0.777576
POL,Poland,Europe,1980,56.908,0.056908
POL,Poland,Europe,1981,53.921,0.053921
POL,Poland,Europe,1982,65.52,0.06552
POL,Poland,Europe,1983,75.792,0.075792
POL,Poland,Europe,1984,75.893,0.075893
POL,Poland,Europe,1985,71.137,0.071137
POL,Poland,Europe,1986,74.053,0.074053
POL,Poland,Europe,1987,64.04,0.06404
POL,Poland,Europe,1988,68.963,0.068963
POL,Poland,Europe,1989,67.237,0.067237
POL,Poland,Europe,1990,62.401,0.062401
POL,Poland,Europe,1991,80.863,0.080863
POL,Poland,Europe,1992,89.166,0.089166
POL,Poland,Europe,1993,90.828,0.090828
POL,Poland,Europe,1994,104.213,0.104213
POL,Poland,Europe,1995,139.8,0.1398
POL,Poland,Europe,1996,157.485,0.157485
POL,Poland,Europe,1997,157.987,0.157987
POL,Poland,Europe,1998,172.929,0.172929
POL,Poland,Europe,1999,168.657,0.168657
POL,Poland,Europe,2000,172.151,0.172151
POL,Poland,Europe,2001,191.403,0.191403
POL,Poland,Europe,2002,199.694,0.199694
POL,Poland,Europe,2003,218.561,0.218561
POL,Poland,Europe,2004,256.454,0.256454
POL,Poland,Europe,2005,307.158,0.307158
POL,Poland,Europe,2006,345.898,0.345898
POL,Poland,Europe,2007,429.715,0.429715
POL,Poland,Europe,2008,535.612,0.535612
POL,Poland,Europe,2009,440.954,0.440954
POL,Poland,Europe,2010,478.111,0.478111
POL,Poland,Europe,2011,527.848,0.527848
POL,Poland,Europe,2012,498.149,0.498149
POL,Poland,Europe,2013,518.18,0.51818
POL,Poland,Europe,2014,542.266,0.542266
POL,Poland,Europe,2015,479.729,0.479729
POL,Poland,Europe,2016,472.883,0.472883
POL,Poland,Europe,2017,528.497,0.528497
POL,Poland,Europe,2018,594.641,0.594641
POL,Poland,Europe,2019,602.592,0.602592
POL,Poland,Europe,2020,605.93,0.60593
POL,Poland,Europe,2021,689.253,0.689253
POL,Poland,Europe,2022,695.734,0.695734
POL,Poland,Europe,2023,812.959,0.812959
POL,Poland,Europe,2024,917.623,0.917623
POL,Poland,Europe,2025,1035.586,1.035586
POL,Poland,Europe,2026,1134.248,1.134248
POL,Poland,Europe,2027,1184.607,1.184607
POL,Poland,Europe,2028,1248.332,1.248332
POL,Poland,Europe,2029,1317.774,1.317774
POL,Poland,Europe,2030,1387.962,1.387962
POL,Poland,Europe,2031,1461.304,1.461304
PRT,Portugal,Europe,1980,32.607,0.032607
PRT,Portugal,Europe,1981,32.477,0.032477
PRT,Portugal,Europe,1982,30.678,0.030678
PRT,Portugal,Europe,1983,28.267,0.028267
PRT,Portugal,Europe,1984,25.951,0.025951
PRT,Portugal,Europe,1985,27.231,0.027231
PRT,Portugal,Europe,1986,37.869,0.037869
PRT,Portugal,Europe,1987,47.386,0.047386
PRT,Portugal,Europe,1988,55.435,0.055435
PRT,Portugal,Europe,1989,59.806,0.059806
PRT,Portugal,Europe,1990,79.439,0.079439
PRT,Portugal,Europe,1991,89.904,0.089904
PRT,Portugal,Europe,1992,108.119,0.108119
PRT,Portugal,Europe,1993,95.139,0.095139
PRT,Portugal,Europe,1994,99.692,0.099692
PRT,Portugal,Europe,1995,118.182,0.118182
PRT,Portugal,Europe,1996,122.655,0.122655
PRT,Portugal,Europe,1997,117.211,0.117211
PRT,Portugal,Europe,1998,124.124,0.124124
PRT,Portugal,Europe,1999,127.597,0.127597
PRT,Portugal,Europe,2000,118.658,0.118658
PRT,Portugal,Europe,2001,121.605,0.121605
PRT,Portugal,Europe,2002,134.7,0.1347
PRT,Portugal,Europe,2003,165.185,0.165185
PRT,Portugal,Europe,2004,189.296,0.189296
PRT,Portugal,Europe,2005,197.363,0.197363
PRT,Portugal,Europe,2006,208.767,0.208767
PRT,Portugal,Europe,2007,240.524,0.240524
PRT,Portugal,Europe,2008,263.388,0.263388
PRT,Portugal,Europe,2009,244.402,0.244402
PRT,Portugal,Europe,2010,238.639,0.238639
PRT,Portugal,Europe,2011,245.383,0.245383
PRT,Portugal,Europe,2012,216.674,0.216674
PRT,Portugal,Europe,2013,226.681,0.226681
PRT,Portugal,Europe,2014,230.138,0.230138
PRT,Portugal,Europe,2015,199.059,0.199059
PRT,Portugal,Europe,2016,206.249,0.206249
PRT,Portugal,Europe,2017,220.785,0.220785
PRT,Portugal,Europe,2018,242.203,0.242203
PRT,Portugal,Europe,2019,240.142,0.240142
PRT,Portugal,Europe,2020,229.435,0.229435
PRT,Portugal,Europe,2021,256.226,0.256226
PRT,Portugal,Europe,2022,257.101,0.257101
PRT,Portugal,Europe,2023,292.408,0.292408
PRT,Portugal,Europe,2024,313.562,0.313562
PRT,Portugal,Europe,2025,346.412,0.346412
PRT,Portugal,Europe,2026,380.637,0.380637
PRT,Portugal,Europe,2027,396.349,0.396349
PRT,Portugal,Europe,2028,412.482,0.412482
PRT,Portugal,Europe,2029,428.894,0.428894
PRT,Portugal,Europe,2030,444.873,0.444873
PRT,Portugal,Europe,2031,461.165,0.461165
PRI,Puerto Rico,Americas,1980,14.436,0.014436
PRI,Puerto Rico,Americas,1981,15.956,0.015956
PRI,Puerto Rico,Americas,1982,16.764,0.016764
PRI,Puerto Rico,Americas,1983,17.277,0.017277
PRI,Puerto Rico,Americas,1984,19.163,0.019163
PRI,Puerto Rico,Americas,1985,20.289,0.020289
PRI,Puerto Rico,Americas,1986,21.969,0.021969
PRI,Puerto Rico,Americas,1987,23.878,0.023878
PRI,Puerto Rico,Americas,1988,26.178,0.026178
PRI,Puerto Rico,Americas,1989,28.267,0.028267
PRI,Puerto Rico,Americas,1990,30.604,0.030604
PRI,Puerto Rico,Americas,1991,32.287,0.032287
PRI,Puerto Rico,Americas,1992,34.63,0.03463
PRI,Puerto Rico,Americas,1993,36.923,0.036923
PRI,Puerto Rico,Americas,1994,39.691,0.039691
PRI,Puerto Rico,Americas,1995,42.647,0.042647
PRI,Puerto Rico,Americas,1996,45.341,0.045341
PRI,Puerto Rico,Americas,1997,48.187,0.048187
PRI,Puerto Rico,Americas,1998,54.086,0.054086
PRI,Puerto Rico,Americas,1999,57.841,0.057841
PRI,Puerto Rico,Americas,2000,61.702,0.061702
PRI,Puerto Rico,Americas,2001,69.669,0.069669
PRI,Puerto Rico,Americas,2002,72.546,0.072546
PRI,Puerto Rico,Americas,2003,75.834,0.075834
PRI,Puerto Rico,Americas,2004,80.322,0.080322
PRI,Puerto Rico,Americas,2005,83.915,0.083915
PRI,Puerto Rico,Americas,2006,87.276,0.087276
PRI,Puerto Rico,Americas,2007,89.524,0.089524
PRI,Puerto Rico,Americas,2008,93.639,0.093639
PRI,Puerto Rico,Americas,2009,96.386,0.096386
PRI,Puerto Rico,Americas,2010,98.381,0.098381
PRI,Puerto Rico,Americas,2011,100.352,0.100352
PRI,Puerto Rico,Americas,2012,101.565,0.101565
PRI,Puerto Rico,Americas,2013,102.45,0.10245
PRI,Puerto Rico,Americas,2014,102.446,0.102446
PRI,Puerto Rico,Americas,2015,103.376,0.103376
PRI,Puerto Rico,Americas,2016,104.337,0.104337
PRI,Puerto Rico,Americas,2017,103.446,0.103446
PRI,Puerto Rico,Americas,2018,100.958,0.100958
PRI,Puerto Rico,Americas,2019,105.126,0.105126
PRI,Puerto Rico,Americas,2020,103.131,0.103131
PRI,Puerto Rico,Americas,2021,106.427,0.106427
PRI,Puerto Rico,Americas,2022,113.844,0.113844
PRI,Puerto Rico,Americas,2023,118.375,0.118375
PRI,Puerto Rico,Americas,2024,125.842,0.125842
PRI,Puerto Rico,Americas,2025,126.525,0.126525
PRI,Puerto Rico,Americas,2026,129.012,0.129012
PRI,Puerto Rico,Americas,2027,133.41,0.13341
PRI,Puerto Rico,Americas,2028,137.41,0.13741
PRI,Puerto Rico,Americas,2029,141.508,0.141508
PRI,Puerto Rico,Americas,2030,145.596,0.145596
PRI,Puerto Rico,Americas,2031,149.804,0.149804
QAT,Qatar,Asia,1980,6.665,0.006665
QAT,Qatar,Asia,1981,7.374,0.007374
QAT,Qatar,Asia,1982,6.467,0.006467
QAT,Qatar,Asia,1983,5.506,0.005506
QAT,Qatar,Asia,1984,5.708,0.005708
QAT,Qatar,Asia,1985,5.339,0.005339
QAT,Qatar,Asia,1986,4.214,0.004214
QAT,Qatar,Asia,1987,4.441,0.004441
QAT,Qatar,Asia,1988,4.26,0.00426
QAT,Qatar,Asia,1989,4.502,0.004502
QAT,Qatar,Asia,1990,6.266,0.006266
QAT,Qatar,Asia,1991,5.579,0.005579
QAT,Qatar,Asia,1992,6.384,0.006384
QAT,Qatar,Asia,1993,5.804,0.005804
QAT,Qatar,Asia,1994,5.946,0.005946
QAT,Qatar,Asia,1995,6.861,0.006861
QAT,Qatar,Asia,1996,7.761,0.007761
QAT,Qatar,Asia,1997,9.976,0.009976
QAT,Qatar,Asia,1998,8.488,0.008488
QAT,Qatar,Asia,1999,11.266,0.011266
QAT,Qatar,Asia,2000,18.085,0.018085
QAT,Qatar,Asia,2001,17.498,0.017498
QAT,Qatar,Asia,2002,19.334,0.019334
QAT,Qatar,Asia,2003,23.716,0.023716
QAT,Qatar,Asia,2004,30.651,0.030651
QAT,Qatar,Asia,2005,44.636,0.044636
QAT,Qatar,Asia,2006,58.629,0.058629
QAT,Qatar,Asia,2007,75.987,0.075987
QAT,Qatar,Asia,2008,112.621,0.112621
QAT,Qatar,Asia,2009,88.196,0.088196
QAT,Qatar,Asia,2010,119.707,0.119707
QAT,Qatar,Asia,2011,167.775,0.167775
QAT,Qatar,Asia,2012,186.834,0.186834
QAT,Qatar,Asia,2013,198.728,0.198728
QAT,Qatar,Asia,2014,206.225,0.206225
QAT,Qatar,Asia,2015,161.74,0.16174
QAT,Qatar,Asia,2016,151.732,0.151732
QAT,Qatar,Asia,2017,161.099,0.161099
QAT,Qatar,Asia,2018,183.335,0.183335
QAT,Qatar,Asia,2019,176.371,0.176371
QAT,Qatar,Asia,2020,144.411,0.144411
QAT,Qatar,Asia,2021,179.732,0.179732
QAT,Qatar,Asia,2022,235.709,0.235709
QAT,Qatar,Asia,2023,217.309,0.217309
QAT,Qatar,Asia,2024,219.163,0.219163
QAT,Qatar,Asia,2025,221.229,0.221229
QAT,Qatar,Asia,2026,217.416,0.217416
QAT,Qatar,Asia,2027,237.026,0.237026
QAT,Qatar,Asia,2028,250.997,0.250997
QAT,Qatar,Asia,2029,271.458,0.271458
QAT,Qatar,Asia,2030,288.882,0.288882
QAT,Qatar,Asia,2031,304.998,0.304998
ROU,Romania,Europe,1980,46.053,0.046053
ROU,Romania,Europe,1981,55.319,0.055319
ROU,Romania,Europe,1982,55.375,0.055375
ROU,Romania,Europe,1983,48.401,0.048401
ROU,Romania,Europe,1984,39.111,0.039111
ROU,Romania,Europe,1985,48.286,0.048286
ROU,Romania,Europe,1986,52.29,0.05229
ROU,Romania,Europe,1987,58.477,0.058477
ROU,Romania,Europe,1988,60.538,0.060538
ROU,Romania,Europe,1989,54.236,0.054236
ROU,Romania,Europe,1990,38.516,0.038516
ROU,Romania,Europe,1991,29.07,0.02907
ROU,Romania,Europe,1992,19.779,0.019779
ROU,Romania,Europe,1993,26.624,0.026624
ROU,Romania,Europe,1994,30.376,0.030376
ROU,Romania,Europe,1995,35.838,0.035838
ROU,Romania,Europe,1996,35.692,0.035692
ROU,Romania,Europe,1997,35.644,0.035644
ROU,Romania,Europe,1998,42.543,0.042543
ROU,Romania,Europe,1999,35.953,0.035953
ROU,Romania,Europe,2000,37.447,0.037447
ROU,Romania,Europe,2001,40.396,0.040396
ROU,Romania,Europe,2002,46.035,0.046035
ROU,Romania,Europe,2003,57.79,0.05779
ROU,Romania,Europe,2004,75.059,0.075059
ROU,Romania,Europe,2005,98.547,0.098547
ROU,Romania,Europe,2006,122.114,0.122114
ROU,Romania,Europe,2007,174.831,0.174831
ROU,Romania,Europe,2008,215.567,0.215567
ROU,Romania,Europe,2009,174.572,0.174572
ROU,Romania,Europe,2010,170.329,0.170329
ROU,Romania,Europe,2011,192.846,0.192846
ROU,Romania,Europe,2012,179.228,0.179228
ROU,Romania,Europe,2013,189.839,0.189839
ROU,Romania,Europe,2014,199.989,0.199989
ROU,Romania,Europe,2015,177.878,0.177878
ROU,Romania,Europe,2016,185.337,0.185337
ROU,Romania,Europe,2017,210.53,0.21053
ROU,Romania,Europe,2018,241.973,0.241973
ROU,Romania,Europe,2019,250.056,0.250056
ROU,Romania,Europe,2020,250.961,0.250961
ROU,Romania,Europe,2021,285.275,0.285275
ROU,Romania,Europe,2022,295.891,0.295891
ROU,Romania,Europe,2023,347.829,0.347829
ROU,Romania,Europe,2024,382.65,0.38265
ROU,Romania,Europe,2025,427.941,0.427941
ROU,Romania,Europe,2026,480.834,0.480834
ROU,Romania,Europe,2027,511.274,0.511274
ROU,Romania,Europe,2028,546.987,0.546987
ROU,Romania,Europe,2029,579.249,0.579249
ROU,Romania,Europe,2030,613.798,0.613798
ROU,Romania,Europe,2031,648.39,0.64839
RUS,Russia,Europe,1992,71.603,0.071603
RUS,Russia,Europe,1993,196.227,0.196227
RUS,Russia,Europe,1994,293.768,0.293768
RUS,Russia,Europe,1995,335.777,0.335777
RUS,Russia,Europe,1996,412.685,0.412685
RUS,Russia,Europe,1997,433.704,0.433704
RUS,Russia,Europe,1998,287.672,0.287672
RUS,Russia,Europe,1999,209.657,0.209657
RUS,Russia,Europe,2000,278.264,0.278264
RUS,Russia,Europe,2001,328.475,0.328475
RUS,Russia,Europe,2002,370.062,0.370062
RUS,Russia,Europe,2003,461.518,0.461518
RUS,Russia,Europe,2004,633.294,0.633294
RUS,Russia,Europe,2005,817.717,0.817717
RUS,Russia,Europe,2006,1060.901,1.060901
RUS,Russia,Europe,2007,1393.416,1.393416
RUS,Russia,Europe,2008,1779.109,1.779109
RUS,Russia,Europe,2009,1307.927,1.307927
RUS,Russia,Europe,2010,1633.111,1.633111
RUS,Russia,Europe,2011,2046.621,2.046621
RUS,Russia,Europe,2012,2191.486,2.191486
RUS,Russia,Europe,2013,2288.428,2.288428
RUS,Russia,Europe,2014,2048.837,2.048837
RUS,Russia,Europe,2015,1356.703,1.356703
RUS,Russia,Europe,2016,1280.648,1.280648
RUS,Russia,Europe,2017,1575.14,1.57514
RUS,Russia,Europe,2018,1653.005,1.653005
RUS,Russia,Europe,2019,1695.724,1.695724
RUS,Russia,Europe,2020,1488.118,1.488118
RUS,Russia,Europe,2021,1828.927,1.828927
RUS,Russia,Europe,2022,2296.41,2.29641
RUS,Russia,Europe,2023,2034.681,2.034681
RUS,Russia,Europe,2024,2185.848,2.185848
RUS,Russia,Europe,2025,2587.938,2.587938
RUS,Russia,Europe,2026,2656.452,2.656452
RUS,Russia,Europe,2027,2533.434,2.533434
RUS,Russia,Europe,2028,2551.584,2.551584
RUS,Russia,Europe,2029,2568.741,2.568741
RUS,Russia,Europe,2030,2591.506,2.591506
RUS,Russia,Europe,2031,2615.027,2.615027
RWA,Rwanda,Africa,1980,1.472,0.001472
RWA,Rwanda,Africa,1981,1.671,0.001671
RWA,Rwanda,Africa,1982,1.783,0.001783
RWA,Rwanda,Africa,1983,1.904,0.001904
RWA,Rwanda,Africa,1984,1.825,0.001825
RWA,Rwanda,Africa,1985,2.167,0.002167
RWA,Rwanda,Africa,1986,2.455,0.002455
RWA,Rwanda,Africa,1987,2.726,0.002726
RWA,Rwanda,Africa,1988,2.917,0.002917
RWA,Rwanda,Africa,1989,3.046,0.003046
RWA,Rwanda,Africa,1990,2.912,0.002912
RWA,Rwanda,Africa,1991,2.149,0.002149
RWA,Rwanda,Africa,1992,2.28,0.00228
RWA,Rwanda,Africa,1993,2.199,0.002199
RWA,Rwanda,Africa,1994,1.398,0.001398
RWA,Rwanda,Africa,1995,1.449,0.001449
RWA,Rwanda,Africa,1996,1.571,0.001571
RWA,Rwanda,Africa,1997,2.114,0.002114
RWA,Rwanda,Africa,1998,2.257,0.002257
RWA,Rwanda,Africa,1999,2.101,0.002101
RWA,Rwanda,Africa,2000,2.02,0.00202
RWA,Rwanda,Africa,2001,1.939,0.001939
RWA,Rwanda,Africa,2002,1.935,0.001935
RWA,Rwanda,Africa,2003,2.109,0.002109
RWA,Rwanda,Africa,2004,2.354,0.002354
RWA,Rwanda,Africa,2005,2.903,0.002903
RWA,Rwanda,Africa,2006,3.271,0.003271
RWA,Rwanda,Africa,2007,4.016,0.004016
RWA,Rwanda,Africa,2008,5.121,0.005121
RWA,Rwanda,Africa,2009,5.605,0.005605
RWA,Rwanda,Africa,2010,6.052,0.006052
RWA,Rwanda,Africa,2011,6.803,0.006803
RWA,Rwanda,Africa,2012,7.557,0.007557
RWA,Rwanda,Africa,2013,7.714,0.007714
RWA,Rwanda,Africa,2014,8.13,0.00813
RWA,Rwanda,Africa,2015,8.451,0.008451
RWA,Rwanda,Africa,2016,8.597,0.008597
RWA,Rwanda,Africa,2017,9.165,0.009165
RWA,Rwanda,Africa,2018,9.651,0.009651
RWA,Rwanda,Africa,2019,10.519,0.010519
RWA,Rwanda,Africa,2020,10.488,0.010488
RWA,Rwanda,Africa,2021,11.25,0.01125
RWA,Rwanda,Africa,2022,13.744,0.013744
RWA,Rwanda,Africa,2023,14.805,0.014805
RWA,Rwanda,Africa,2024,15.111,0.015111
RWA,Rwanda,Africa,2025,15.973,0.015973
RWA,Rwanda,Africa,2026,17.336,0.017336
RWA,Rwanda,Africa,2027,18.428,0.018428
RWA,Rwanda,Africa,2028,19.531,0.019531
RWA,Rwanda,Africa,2029,20.909,0.020909
RWA,Rwanda,Africa,2030,22.663,0.022663
RWA,Rwanda,Africa,2031,24.68,0.02468
WSM,Samoa,Oceania,1980,0.127,0.000127
WSM,Samoa,Oceania,1981,0.119,0.000119
WSM,Samoa,Oceania,1982,0.122,0.000122
WSM,Samoa,Oceania,1983,0.113,0.000113
WSM,Samoa,Oceania,1984,0.111,0.000111
WSM,Samoa,Oceania,1985,0.106,0.000106
WSM,Samoa,Oceania,1986,0.112,0.000112
WSM,Samoa,Oceania,1987,0.124,0.000124
WSM,Samoa,Oceania,1988,0.138,0.000138
WSM,Samoa,Oceania,1989,0.141,0.000141
WSM,Samoa,Oceania,1990,0.182,0.000182
WSM,Samoa,Oceania,1991,0.176,0.000176
WSM,Samoa,Oceania,1992,0.193,0.000193
WSM,Samoa,Oceania,1993,0.198,0.000198
WSM,Samoa,Oceania,1994,0.158,0.000158
WSM,Samoa,Oceania,1995,0.242,0.000242
WSM,Samoa,Oceania,1996,0.258,0.000258
WSM,Samoa,Oceania,1997,0.28,0.00028
WSM,Samoa,Oceania,1998,0.286,0.000286
WSM,Samoa,Oceania,1999,0.262,0.000262
WSM,Samoa,Oceania,2000,0.271,0.000271
WSM,Samoa,Oceania,2001,0.273,0.000273
WSM,Samoa,Oceania,2002,0.289,0.000289
WSM,Samoa,Oceania,2003,0.342,0.000342
WSM,Samoa,Oceania,2004,0.418,0.000418
WSM,Samoa,Oceania,2005,0.486,0.000486
WSM,Samoa,Oceania,2006,0.516,0.000516
WSM,Samoa,Oceania,2007,0.568,0.000568
WSM,Samoa,Oceania,2008,0.684,0.000684
WSM,Samoa,Oceania,2009,0.618,0.000618
WSM,Samoa,Oceania,2010,0.68,0.00068
WSM,Samoa,Oceania,2011,0.744,0.000744
WSM,Samoa,Oceania,2012,0.773,0.000773
WSM,Samoa,Oceania,2013,0.798,0.000798
WSM,Samoa,Oceania,2014,0.797,0.000797
WSM,Samoa,Oceania,2015,0.824,0.000824
WSM,Samoa,Oceania,2016,0.844,0.000844
WSM,Samoa,Oceania,2017,0.885,0.000885
WSM,Samoa,Oceania,2018,0.878,0.000878
WSM,Samoa,Oceania,2019,0.913,0.000913
WSM,Samoa,Oceania,2020,0.869,0.000869
WSM,Samoa,Oceania,2021,0.86,0.00086
WSM,Samoa,Oceania,2022,0.89,0.00089
WSM,Samoa,Oceania,2023,1.045,0.001045
WSM,Samoa,Oceania,2024,1.176,0.001176
WSM,Samoa,Oceania,2025,1.288,0.001288
WSM,Samoa,Oceania,2026,1.376,0.001376
WSM,Samoa,Oceania,2027,1.453,0.001453
WSM,Samoa,Oceania,2028,1.521,0.001521
WSM,Samoa,Oceania,2029,1.603,0.001603
WSM,Samoa,Oceania,2030,1.676,0.001676
WSM,Samoa,Oceania,2031,1.75,0.00175
SMR,San Marino,Europe,2000,1.008,0.001008
SMR,San Marino,Europe,2001,1.06,0.00106
SMR,San Marino,Europe,2002,1.148,0.001148
SMR,San Marino,Europe,2003,1.462,0.001462
SMR,San Marino,Europe,2004,1.714,0.001714
SMR,San Marino,Europe,2005,1.788,0.001788
SMR,San Marino,Europe,2006,1.91,0.00191
SMR,San Marino,Europe,2007,2.189,0.002189
SMR,San Marino,Europe,2008,2.403,0.002403
SMR,San Marino,Europe,2009,2.062,0.002062
SMR,San Marino,Europe,2010,1.883,0.001883
SMR,San Marino,Europe,2011,1.813,0.001813
SMR,San Marino,Europe,2012,1.606,0.001606
SMR,San Marino,Europe,2013,1.678,0.001678
SMR,San Marino,Europe,2014,1.674,0.001674
SMR,San Marino,Europe,2015,1.42,0.00142
SMR,San Marino,Europe,2016,1.468,0.001468
SMR,San Marino,Europe,2017,1.528,0.001528
SMR,San Marino,Europe,2018,1.656,0.001656
SMR,San Marino,Europe,2019,1.616,0.001616
SMR,San Marino,Europe,2020,1.543,0.001543
SMR,San Marino,Europe,2021,1.857,0.001857
SMR,San Marino,Europe,2022,1.833,0.001833
SMR,San Marino,Europe,2023,2.028,0.002028
SMR,San Marino,Europe,2024,2.086,0.002086
SMR,San Marino,Europe,2025,2.251,0.002251
SMR,San Marino,Europe,2026,2.417,0.002417
SMR,San Marino,Europe,2027,2.487,0.002487
SMR,San Marino,Europe,2028,2.572,0.002572
SMR,San Marino,Europe,2029,2.654,0.002654
SMR,San Marino,Europe,2030,2.74,0.00274
SMR,San Marino,Europe,2031,2.829,0.002829
STP,Sao Tome and Principe,Africa,1980,0.069,6.9e-05
STP,Sao Tome and Principe,Africa,1981,0.084,8.4e-05
STP,Sao Tome and Principe,Africa,1982,0.081,8.1e-05
STP,Sao Tome and Principe,Africa,1983,0.076,7.6e-05
STP,Sao Tome and Principe,Africa,1984,0.079,7.9e-05
STP,Sao Tome and Principe,Africa,1985,0.083,8.3e-05
STP,Sao Tome and Principe,Africa,1986,0.117,0.000117
STP,Sao Tome and Principe,Africa,1987,0.117,0.000117
STP,Sao Tome and Principe,Africa,1988,0.1,0.0001
STP,Sao Tome and Principe,Africa,1989,0.099,9.9e-05
STP,Sao Tome and Principe,Africa,1990,0.12,0.00012
STP,Sao Tome and Principe,Africa,1991,0.108,0.000108
STP,Sao Tome and Principe,Africa,1992,0.096,9.6e-05
STP,Sao Tome and Principe,Africa,1993,0.127,0.000127
STP,Sao Tome and Principe,Africa,1994,0.132,0.000132
STP,Sao Tome and Principe,Africa,1995,0.104,0.000104
STP,Sao Tome and Principe,Africa,1996,0.136,0.000136
STP,Sao Tome and Principe,Africa,1997,0.093,9.3e-05
STP,Sao Tome and Principe,Africa,1998,0.073,7.3e-05
STP,Sao Tome and Principe,Africa,1999,0.078,7.8e-05
STP,Sao Tome and Principe,Africa,2000,0.077,7.7e-05
STP,Sao Tome and Principe,Africa,2001,0.072,7.2e-05
STP,Sao Tome and Principe,Africa,2002,0.08,8e-05
STP,Sao Tome and Principe,Africa,2003,0.096,9.6e-05
STP,Sao Tome and Principe,Africa,2004,0.104,0.000104
STP,Sao Tome and Principe,Africa,2005,0.125,0.000125
STP,Sao Tome and Principe,Africa,2006,0.133,0.000133
STP,Sao Tome and Principe,Africa,2007,0.145,0.000145
STP,Sao Tome and Principe,Africa,2008,0.188,0.000188
STP,Sao Tome and Principe,Africa,2009,0.201,0.000201
STP,Sao Tome and Principe,Africa,2010,0.191,0.000191
STP,Sao Tome and Principe,Africa,2011,0.228,0.000228
STP,Sao Tome and Principe,Africa,2012,0.231,0.000231
STP,Sao Tome and Principe,Africa,2013,0.269,0.000269
STP,Sao Tome and Principe,Africa,2014,0.295,0.000295
STP,Sao Tome and Principe,Africa,2015,0.262,0.000262
STP,Sao Tome and Principe,Africa,2016,0.294,0.000294
STP,Sao Tome and Principe,Africa,2017,0.325,0.000325
STP,Sao Tome and Principe,Africa,2018,0.387,0.000387
STP,Sao Tome and Principe,Africa,2019,0.416,0.000416
STP,Sao Tome and Principe,Africa,2020,0.476,0.000476
STP,Sao Tome and Principe,Africa,2021,0.529,0.000529
STP,Sao Tome and Principe,Africa,2022,0.546,0.000546
STP,Sao Tome and Principe,Africa,2023,0.696,0.000696
STP,Sao Tome and Principe,Africa,2024,0.828,0.000828
STP,Sao Tome and Principe,Africa,2025,0.981,0.000981
STP,Sao Tome and Principe,Africa,2026,1.161,0.001161
STP,Sao Tome and Principe,Africa,2027,1.294,0.001294
STP,Sao Tome and Principe,Africa,2028,1.412,0.001412
STP,Sao Tome and Principe,Africa,2029,1.538,0.001538
STP,Sao Tome and Principe,Africa,2030,1.679,0.001679
STP,Sao Tome and Principe,Africa,2031,1.82,0.00182
SAU,Saudi Arabia,Asia,1980,164.54,0.16454
SAU,Saudi Arabia,Asia,1981,184.292,0.184292
SAU,Saudi Arabia,Asia,1982,153.24,0.15324
SAU,Saudi Arabia,Asia,1983,129.181,0.129181
SAU,Saudi Arabia,Asia,1984,119.631,0.119631
SAU,Saudi Arabia,Asia,1985,103.894,0.103894
SAU,Saudi Arabia,Asia,1986,86.886,0.086886
SAU,Saudi Arabia,Asia,1987,85.582,0.085582
SAU,Saudi Arabia,Asia,1988,88.138,0.088138
SAU,Saudi Arabia,Asia,1989,95.217,0.095217
SAU,Saudi Arabia,Asia,1990,117.474,0.117474
SAU,Saudi Arabia,Asia,1991,132.047,0.132047
SAU,Saudi Arabia,Asia,1992,136.905,0.136905
SAU,Saudi Arabia,Asia,1993,132.79,0.13279
SAU,Saudi Arabia,Asia,1994,134.995,0.134995
SAU,Saudi Arabia,Asia,1995,143.152,0.143152
SAU,Saudi Arabia,Asia,1996,158.451,0.158451
SAU,Saudi Arabia,Asia,1997,165.742,0.165742
SAU,Saudi Arabia,Asia,1998,146.776,0.146776
SAU,Saudi Arabia,Asia,1999,161.717,0.161717
SAU,Saudi Arabia,Asia,2000,189.515,0.189515
SAU,Saudi Arabia,Asia,2001,184.138,0.184138
SAU,Saudi Arabia,Asia,2002,189.606,0.189606
SAU,Saudi Arabia,Asia,2003,215.808,0.215808
SAU,Saudi Arabia,Asia,2004,258.742,0.258742
SAU,Saudi Arabia,Asia,2005,328.205,0.328205
SAU,Saudi Arabia,Asia,2006,376.398,0.376398
SAU,Saudi Arabia,Asia,2007,415.687,0.415687
SAU,Saudi Arabia,Asia,2008,519.797,0.519797
SAU,Saudi Arabia,Asia,2009,429.098,0.429098
SAU,Saudi Arabia,Asia,2010,528.207,0.528207
SAU,Saudi Arabia,Asia,2011,680.661,0.680661
SAU,Saudi Arabia,Asia,2012,751.921,0.751921
SAU,Saudi Arabia,Asia,2013,769.755,0.769755
SAU,Saudi Arabia,Asia,2014,787.153,0.787153
SAU,Saudi Arabia,Asia,2015,693.415,0.693415
SAU,Saudi Arabia,Asia,2016,689.279,0.689279
SAU,Saudi Arabia,Asia,2017,741.266,0.741266
SAU,Saudi Arabia,Asia,2018,886.564,0.886564
SAU,Saudi Arabia,Asia,2019,888.888,0.888888
SAU,Saudi Arabia,Asia,2020,767.303,0.767303
SAU,Saudi Arabia,Asia,2021,982.661,0.982661
SAU,Saudi Arabia,Asia,2022,1239.075,1.239075
SAU,Saudi Arabia,Asia,2023,1218.585,1.218585
SAU,Saudi Arabia,Asia,2024,1254.141,1.254141
SAU,Saudi Arabia,Asia,2025,1276.943,1.276943
SAU,Saudi Arabia,Asia,2026,1388.676,1.388676
SAU,Saudi Arabia,Asia,2027,1432.348,1.432348
SAU,Saudi Arabia,Asia,2028,1498.027,1.498027
SAU,Saudi Arabia,Asia,2029,1572.125,1.572125
SAU,Saudi Arabia,Asia,2030,1649.507,1.649507
SAU,Saudi Arabia,Asia,2031,1730.075,1.730075
SEN,Senegal,Africa,1980,4.338,0.004338
SEN,Senegal,Africa,1981,3.934,0.003934
SEN,Senegal,Africa,1982,3.85,0.00385
SEN,Senegal,Africa,1983,3.435,0.003435
SEN,Senegal,Africa,1984,3.35,0.00335
SEN,Senegal,Africa,1985,3.668,0.003668
SEN,Senegal,Africa,1986,5.188,0.005188
SEN,Senegal,Africa,1987,6.241,0.006241
SEN,Senegal,Africa,1988,6.173,0.006173
SEN,Senegal,Africa,1989,6.083,0.006083
SEN,Senegal,Africa,1990,7.078,0.007078
SEN,Senegal,Africa,1991,6.955,0.006955
SEN,Senegal,Africa,1992,7.435,0.007435
SEN,Senegal,Africa,1993,7.014,0.007014
SEN,Senegal,Africa,1994,4.746,0.004746
SEN,Senegal,Africa,1995,6.026,0.006026
SEN,Senegal,Africa,1996,6.3,0.0063
SEN,Senegal,Africa,1997,5.867,0.005867
SEN,Senegal,Africa,1998,6.416,0.006416
SEN,Senegal,Africa,1999,6.599,0.006599
SEN,Senegal,Africa,2000,6.016,0.006016
SEN,Senegal,Africa,2001,6.508,0.006508
SEN,Senegal,Africa,2002,7.001,0.007001
SEN,Senegal,Africa,2003,8.767,0.008767
SEN,Senegal,Africa,2004,10.072,0.010072
SEN,Senegal,Africa,2005,11.015,0.011015
SEN,Senegal,Africa,2006,11.699,0.011699
SEN,Senegal,Africa,2007,13.996,0.013996
SEN,Senegal,Africa,2008,16.852,0.016852
SEN,Senegal,Africa,2009,16.128,0.016128
SEN,Senegal,Africa,2010,16.134,0.016134
SEN,Senegal,Africa,2011,17.811,0.017811
SEN,Senegal,Africa,2012,17.672,0.017672
SEN,Senegal,Africa,2013,18.919,0.018919
SEN,Senegal,Africa,2014,19.802,0.019802
SEN,Senegal,Africa,2015,17.777,0.017777
SEN,Senegal,Africa,2016,19.035,0.019035
SEN,Senegal,Africa,2017,20.989,0.020989
SEN,Senegal,Africa,2018,23.127,0.023127
SEN,Senegal,Africa,2019,23.405,0.023405
SEN,Senegal,Africa,2020,24.566,0.024566
SEN,Senegal,Africa,2021,27.535,0.027535
SEN,Senegal,Africa,2022,27.843,0.027843
SEN,Senegal,Africa,2023,30.701,0.030701
SEN,Senegal,Africa,2024,32.829,0.032829
SEN,Senegal,Africa,2025,37.116,0.037116
SEN,Senegal,Africa,2026,40.469,0.040469
SEN,Senegal,Africa,2027,42.165,0.042165
SEN,Senegal,Africa,2028,44.186,0.044186
SEN,Senegal,Africa,2029,46.352,0.046352
SEN,Senegal,Africa,2030,49.312,0.049312
SEN,Senegal,Africa,2031,52.61,0.05261
SRB,Serbia,Europe,1997,24.995,0.024995
SRB,Serbia,Europe,1998,20.001,0.020001
SRB,Serbia,Europe,1999,12.893,0.012893
SRB,Serbia,Europe,2000,10.431,0.010431
SRB,Serbia,Europe,2001,13.65,0.01365
SRB,Serbia,Europe,2002,17.997,0.017997
SRB,Serbia,Europe,2003,23.627,0.023627
SRB,Serbia,Europe,2004,26.718,0.026718
SRB,Serbia,Europe,2005,28.143,0.028143
SRB,Serbia,Europe,2006,33.421,0.033421
SRB,Serbia,Europe,2007,45.121,0.045121
SRB,Serbia,Europe,2008,54.117,0.054117
SRB,Serbia,Europe,2009,46.949,0.046949
SRB,Serbia,Europe,2010,43.067,0.043067
SRB,Serbia,Europe,2011,51.274,0.051274
SRB,Serbia,Europe,2012,45.111,0.045111
SRB,Serbia,Europe,2013,50.456,0.050456
SRB,Serbia,Europe,2014,49.114,0.049114
SRB,Serbia,Europe,2015,41.297,0.041297
SRB,Serbia,Europe,2016,42.225,0.042225
SRB,Serbia,Europe,2017,45.973,0.045973
SRB,Serbia,Europe,2018,52.788,0.052788
SRB,Serbia,Europe,2019,53.865,0.053865
SRB,Serbia,Europe,2020,55.874,0.055874
SRB,Serbia,Europe,2021,65.83,0.06583
SRB,Serbia,Europe,2022,66.81,0.06681
SRB,Serbia,Europe,2023,81.344,0.081344
SRB,Serbia,Europe,2024,90.088,0.090088
SRB,Serbia,Europe,2025,99.953,0.099953
SRB,Serbia,Europe,2026,112.025,0.112025
SRB,Serbia,Europe,2027,122.018,0.122018
SRB,Serbia,Europe,2028,130.083,0.130083
SRB,Serbia,Europe,2029,138.745,0.138745
SRB,Serbia,Europe,2030,148.05,0.14805
SRB,Serbia,Europe,2031,157.999,0.157999
SYC,Seychelles,Africa,1980,0.147,0.000147
SYC,Seychelles,Africa,1981,0.154,0.000154
SYC,Seychelles,Africa,1982,0.148,0.000148
SYC,Seychelles,Africa,1983,0.147,0.000147
SYC,Seychelles,Africa,1984,0.151,0.000151
SYC,Seychelles,Africa,1985,0.169,0.000169
SYC,Seychelles,Africa,1986,0.208,0.000208
SYC,Seychelles,Africa,1987,0.249,0.000249
SYC,Seychelles,Africa,1988,0.284,0.000284
SYC,Seychelles,Africa,1989,0.305,0.000305
SYC,Seychelles,Africa,1990,0.369,0.000369
SYC,Seychelles,Africa,1991,0.374,0.000374
SYC,Seychelles,Africa,1992,0.434,0.000434
SYC,Seychelles,Africa,1993,0.474,0.000474
SYC,Seychelles,Africa,1994,0.486,0.000486
SYC,Seychelles,Africa,1995,0.508,0.000508
SYC,Seychelles,Africa,1996,0.503,0.000503
SYC,Seychelles,Africa,1997,0.563,0.000563
SYC,Seychelles,Africa,1998,0.608,0.000608
SYC,Seychelles,Africa,1999,0.623,0.000623
SYC,Seychelles,Africa,2000,0.615,0.000615
SYC,Seychelles,Africa,2001,0.622,0.000622
SYC,Seychelles,Africa,2002,0.698,0.000698
SYC,Seychelles,Africa,2003,0.706,0.000706
SYC,Seychelles,Africa,2004,0.839,0.000839
SYC,Seychelles,Africa,2005,0.919,0.000919
SYC,Seychelles,Africa,2006,1.016,0.001016
SYC,Seychelles,Africa,2007,1.034,0.001034
SYC,Seychelles,Africa,2008,0.998,0.000998
SYC,Seychelles,Africa,2009,0.847,0.000847
SYC,Seychelles,Africa,2010,0.97,0.00097
SYC,Seychelles,Africa,2011,1.018,0.001018
SYC,Seychelles,Africa,2012,1.06,0.00106
SYC,Seychelles,Africa,2013,1.328,0.001328
SYC,Seychelles,Africa,2014,1.388,0.001388
SYC,Seychelles,Africa,2015,1.432,0.001432
SYC,Seychelles,Africa,2016,1.568,0.001568
SYC,Seychelles,Africa,2017,1.675,0.001675
SYC,Seychelles,Africa,2018,1.776,0.001776
SYC,Seychelles,Africa,2019,1.867,0.001867
SYC,Seychelles,Africa,2020,1.384,0.001384
SYC,Seychelles,Africa,2021,1.49,0.00149
SYC,Seychelles,Africa,2022,2.0,0.002
SYC,Seychelles,Africa,2023,2.172,0.002172
SYC,Seychelles,Africa,2024,2.229,0.002229
SYC,Seychelles,Africa,2025,2.318,0.002318
SYC,Seychelles,Africa,2026,2.251,0.002251
SYC,Seychelles,Africa,2027,2.449,0.002449
SYC,Seychelles,Africa,2028,2.533,0.002533
SYC,Seychelles,Africa,2029,2.621,0.002621
SYC,Seychelles,Africa,2030,2.711,0.002711
SYC,Seychelles,Africa,2031,2.818,0.002818
SLE,Sierra Leone,Africa,1980,2.708,0.002708
SLE,Sierra Leone,Africa,1981,2.903,0.002903
SLE,Sierra Leone,Africa,1982,3.264,0.003264
SLE,Sierra Leone,Africa,1983,2.838,0.002838
SLE,Sierra Leone,Africa,1984,3.283,0.003283
SLE,Sierra Leone,Africa,1985,2.794,0.002794
SLE,Sierra Leone,Africa,1986,2.092,0.002092
SLE,Sierra Leone,Africa,1987,1.823,0.001823
SLE,Sierra Leone,Africa,1988,2.988,0.002988
SLE,Sierra Leone,Africa,1989,2.745,0.002745
SLE,Sierra Leone,Africa,1990,1.509,0.001509
SLE,Sierra Leone,Africa,1991,1.812,0.001812
SLE,Sierra Leone,Africa,1992,1.58,0.00158
SLE,Sierra Leone,Africa,1993,1.786,0.001786
SLE,Sierra Leone,Africa,1994,2.118,0.002118
SLE,Sierra Leone,Africa,1995,2.026,0.002026
SLE,Sierra Leone,Africa,1996,2.188,0.002188
SLE,Sierra Leone,Africa,1997,1.974,0.001974
SLE,Sierra Leone,Africa,1998,1.562,0.001562
SLE,Sierra Leone,Africa,1999,1.555,0.001555
SLE,Sierra Leone,Africa,2000,1.498,0.001498
SLE,Sierra Leone,Africa,2001,1.726,0.001726
SLE,Sierra Leone,Africa,2002,1.99,0.00199
SLE,Sierra Leone,Africa,2003,2.218,0.002218
SLE,Sierra Leone,Africa,2004,2.339,0.002339
SLE,Sierra Leone,Africa,2005,2.738,0.002738
SLE,Sierra Leone,Africa,2006,3.144,0.003144
SLE,Sierra Leone,Africa,2007,3.451,0.003451
SLE,Sierra Leone,Africa,2008,3.926,0.003926
SLE,Sierra Leone,Africa,2009,3.795,0.003795
SLE,Sierra Leone,Africa,2010,4.174,0.004174
SLE,Sierra Leone,Africa,2011,4.799,0.004799
SLE,Sierra Leone,Africa,2012,5.746,0.005746
SLE,Sierra Leone,Africa,2013,6.736,0.006736
SLE,Sierra Leone,Africa,2014,6.521,0.006521
SLE,Sierra Leone,Africa,2015,6.75,0.00675
SLE,Sierra Leone,Africa,2016,6.038,0.006038
SLE,Sierra Leone,Africa,2017,5.823,0.005823
SLE,Sierra Leone,Africa,2018,6.39,0.00639
SLE,Sierra Leone,Africa,2019,6.519,0.006519
SLE,Sierra Leone,Africa,2020,6.682,0.006682
SLE,Sierra Leone,Africa,2021,7.166,0.007166
SLE,Sierra Leone,Africa,2022,7.121,0.007121
SLE,Sierra Leone,Africa,2023,6.401,0.006401
SLE,Sierra Leone,Africa,2024,6.97,0.00697
SLE,Sierra Leone,Africa,2025,7.71,0.00771
SLE,Sierra Leone,Africa,2026,8.27,0.00827
SLE,Sierra Leone,Africa,2027,8.651,0.008651
SLE,Sierra Leone,Africa,2028,9.04,0.00904
SLE,Sierra Leone,Africa,2029,9.486,0.009486
SLE,Sierra Leone,Africa,2030,9.955,0.009955
SLE,Sierra Leone,Africa,2031,10.423,0.010423
SGP,Singapore,Asia,1980,12.082,0.012082
SGP,Singapore,Asia,1981,14.367,0.014367
SGP,Singapore,Asia,1982,15.879,0.015879
SGP,Singapore,Asia,1983,18.011,0.018011
SGP,Singapore,Asia,1984,19.563,0.019563
SGP,Singapore,Asia,1985,18.573,0.018573
SGP,Singapore,Asia,1986,18.78,0.01878
SGP,Singapore,Asia,1987,21.629,0.021629
SGP,Singapore,Asia,1988,26.551,0.026551
SGP,Singapore,Asia,1989,31.436,0.031436
SGP,Singapore,Asia,1990,38.892,0.038892
SGP,Singapore,Asia,1991,45.465,0.045465
SGP,Singapore,Asia,1992,52.131,0.052131
SGP,Singapore,Asia,1993,60.604,0.060604
SGP,Singapore,Asia,1994,73.689,0.073689
SGP,Singapore,Asia,1995,87.813,0.087813
SGP,Singapore,Asia,1996,96.293,0.096293
SGP,Singapore,Asia,1997,100.124,0.100124
SGP,Singapore,Asia,1998,85.728,0.085728
SGP,Singapore,Asia,1999,86.287,0.086287
SGP,Singapore,Asia,2000,96.077,0.096077
SGP,Singapore,Asia,2001,89.794,0.089794
SGP,Singapore,Asia,2002,92.538,0.092538
SGP,Singapore,Asia,2003,97.646,0.097646
SGP,Singapore,Asia,2004,115.034,0.115034
SGP,Singapore,Asia,2005,127.808,0.127808
SGP,Singapore,Asia,2006,148.627,0.148627
SGP,Singapore,Asia,2007,180.942,0.180942
SGP,Singapore,Asia,2008,193.617,0.193617
SGP,Singapore,Asia,2009,194.15,0.19415
SGP,Singapore,Asia,2010,239.808,0.239808
SGP,Singapore,Asia,2011,279.357,0.279357
SGP,Singapore,Asia,2012,295.093,0.295093
SGP,Singapore,Asia,2013,307.576,0.307576
SGP,Singapore,Asia,2014,314.864,0.314864
SGP,Singapore,Asia,2015,307.999,0.307999
SGP,Singapore,Asia,2016,320.759,0.320759
SGP,Singapore,Asia,2017,344.795,0.344795
SGP,Singapore,Asia,2018,377.976,0.377976
SGP,Singapore,Asia,2019,376.827,0.376827
SGP,Singapore,Asia,2020,351.227,0.351227
SGP,Singapore,Asia,2021,441.111,0.441111
SGP,Singapore,Asia,2022,514.253,0.514253
SGP,Singapore,Asia,2023,511.182,0.511182
SGP,Singapore,Asia,2024,572.877,0.572877
SGP,Singapore,Asia,2025,603.87,0.60387
SGP,Singapore,Asia,2026,659.572,0.659572
SGP,Singapore,Asia,2027,691.369,0.691369
SGP,Singapore,Asia,2028,722.229,0.722229
SGP,Singapore,Asia,2029,754.191,0.754191
SGP,Singapore,Asia,2030,787.73,0.78773
SGP,Singapore,Asia,2031,822.674,0.822674
SVK,Slovakia,Europe,1993,13.906,0.013906
SVK,Slovakia,Europe,1994,16.046,0.016046
SVK,Slovakia,Europe,1995,20.297,0.020297
SVK,Slovakia,Europe,1996,21.871,0.021871
SVK,Slovakia,Europe,1997,22.037,0.022037
SVK,Slovakia,Europe,1998,22.917,0.022917
SVK,Slovakia,Europe,1999,20.89,0.02089
SVK,Slovakia,Europe,2000,20.711,0.020711
SVK,Slovakia,Europe,2001,21.384,0.021384
SVK,Slovakia,Europe,2002,24.849,0.024849
SVK,Slovakia,Europe,2003,33.864,0.033864
SVK,Slovakia,Europe,2004,43.023,0.043023
SVK,Slovakia,Europe,2005,48.912,0.048912
SVK,Slovakia,Europe,2006,57.48,0.05748
SVK,Slovakia,Europe,2007,77.26,0.07726
SVK,Slovakia,Europe,2008,97.122,0.097122
SVK,Slovakia,Europe,2009,89.246,0.089246
SVK,Slovakia,Europe,2010,91.187,0.091187
SVK,Slovakia,Europe,2011,99.688,0.099688
SVK,Slovakia,Europe,2012,94.784,0.094784
SVK,Slovakia,Europe,2013,99.136,0.099136
SVK,Slovakia,Europe,2014,101.739,0.101739
SVK,Slovakia,Europe,2015,89.188,0.089188
SVK,Slovakia,Europe,2016,90.322,0.090322
SVK,Slovakia,Europe,2017,95.944,0.095944
SVK,Slovakia,Europe,2018,106.66,0.10666
SVK,Slovakia,Europe,2019,105.855,0.105855
SVK,Slovakia,Europe,2020,107.646,0.107646
SVK,Slovakia,Europe,2021,120.591,0.120591
SVK,Slovakia,Europe,2022,115.884,0.115884
SVK,Slovakia,Europe,2023,133.617,0.133617
SVK,Slovakia,Europe,2024,140.892,0.140892
SVK,Slovakia,Europe,2025,154.442,0.154442
SVK,Slovakia,Europe,2026,168.897,0.168897
SVK,Slovakia,Europe,2027,177.004,0.177004
SVK,Slovakia,Europe,2028,186.384,0.186384
SVK,Slovakia,Europe,2029,195.392,0.195392
SVK,Slovakia,Europe,2030,203.719,0.203719
SVK,Slovakia,Europe,2031,211.484,0.211484
SVN,Slovenia,Europe,1992,19.285,0.019285
SVN,Slovenia,Europe,1993,16.638,0.016638
SVN,Slovenia,Europe,1994,16.857,0.016857
SVN,Slovenia,Europe,1995,21.399,0.021399
SVN,Slovenia,Europe,1996,21.48,0.02148
SVN,Slovenia,Europe,1997,20.769,0.020769
SVN,Slovenia,Europe,1998,22.08,0.02208
SVN,Slovenia,Europe,1999,22.668,0.022668
SVN,Slovenia,Europe,2000,20.262,0.020262
SVN,Slovenia,Europe,2001,20.693,0.020693
SVN,Slovenia,Europe,2002,23.263,0.023263
SVN,Slovenia,Europe,2003,29.399,0.029399
SVN,Slovenia,Europe,2004,34.19,0.03419
SVN,Slovenia,Europe,2005,36.002,0.036002
SVN,Slovenia,Europe,2006,39.293,0.039293
SVN,Slovenia,Europe,2007,47.886,0.047886
SVN,Slovenia,Europe,2008,55.503,0.055503
SVN,Slovenia,Europe,2009,49.921,0.049921
SVN,Slovenia,Europe,2010,47.832,0.047832
SVN,Slovenia,Europe,2011,51.19,0.05119
SVN,Slovenia,Europe,2012,46.196,0.046196
SVN,Slovenia,Europe,2013,47.868,0.047868
SVN,Slovenia,Europe,2014,49.527,0.049527
SVN,Slovenia,Europe,2015,42.714,0.042714
SVN,Slovenia,Europe,2016,44.279,0.044279
SVN,Slovenia,Europe,2017,48.136,0.048136
SVN,Slovenia,Europe,2018,53.713,0.053713
SVN,Slovenia,Europe,2019,53.916,0.053916
SVN,Slovenia,Europe,2020,53.342,0.053342
SVN,Slovenia,Europe,2021,61.582,0.061582
SVN,Slovenia,Europe,2022,59.946,0.059946
SVN,Slovenia,Europe,2023,69.275,0.069275
SVN,Slovenia,Europe,2024,72.95,0.07295
SVN,Slovenia,Europe,2025,79.603,0.079603
SVN,Slovenia,Europe,2026,86.732,0.086732
SVN,Slovenia,Europe,2027,90.18,0.09018
SVN,Slovenia,Europe,2028,94.09,0.09409
SVN,Slovenia,Europe,2029,98.207,0.098207
SVN,Slovenia,Europe,2030,102.467,0.102467
SVN,Slovenia,Europe,2031,106.842,0.106842
SLB,Solomon Islands,Oceania,1980,0.217,0.000217
SLB,Solomon Islands,Oceania,1981,0.23,0.00023
SLB,Solomon Islands,Oceania,1982,0.229,0.000229
SLB,Solomon Islands,Oceania,1983,0.215,0.000215
SLB,Solomon Islands,Oceania,1984,0.215,0.000215
SLB,Solomon Islands,Oceania,1985,0.196,0.000196
SLB,Solomon Islands,Oceania,1986,0.175,0.000175
SLB,Solomon Islands,Oceania,1987,0.184,0.000184
SLB,Solomon Islands,Oceania,1988,0.209,0.000209
SLB,Solomon Islands,Oceania,1989,0.205,0.000205
SLB,Solomon Islands,Oceania,1990,0.255,0.000255
SLB,Solomon Islands,Oceania,1991,0.27,0.00027
SLB,Solomon Islands,Oceania,1992,0.319,0.000319
SLB,Solomon Islands,Oceania,1993,0.356,0.000356
SLB,Solomon Islands,Oceania,1994,0.477,0.000477
SLB,Solomon Islands,Oceania,1995,0.556,0.000556
SLB,Solomon Islands,Oceania,1996,0.605,0.000605
SLB,Solomon Islands,Oceania,1997,0.624,0.000624
SLB,Solomon Islands,Oceania,1998,0.542,0.000542
SLB,Solomon Islands,Oceania,1999,0.578,0.000578
SLB,Solomon Islands,Oceania,2000,0.497,0.000497
SLB,Solomon Islands,Oceania,2001,0.485,0.000485
SLB,Solomon Islands,Oceania,2002,0.41,0.00041
SLB,Solomon Islands,Oceania,2003,0.418,0.000418
SLB,Solomon Islands,Oceania,2004,0.468,0.000468
SLB,Solomon Islands,Oceania,2005,0.553,0.000553
SLB,Solomon Islands,Oceania,2006,0.617,0.000617
SLB,Solomon Islands,Oceania,2007,0.695,0.000695
SLB,Solomon Islands,Oceania,2008,0.776,0.000776
SLB,Solomon Islands,Oceania,2009,0.806,0.000806
SLB,Solomon Islands,Oceania,2010,0.898,0.000898
SLB,Solomon Islands,Oceania,2011,1.064,0.001064
SLB,Solomon Islands,Oceania,2012,1.185,0.001185
SLB,Solomon Islands,Oceania,2013,1.286,0.001286
SLB,Solomon Islands,Oceania,2014,1.336,0.001336
SLB,Solomon Islands,Oceania,2015,1.308,0.001308
SLB,Solomon Islands,Oceania,2016,1.379,0.001379
SLB,Solomon Islands,Oceania,2017,1.47,0.00147
SLB,Solomon Islands,Oceania,2018,1.615,0.001615
SLB,Solomon Islands,Oceania,2019,1.619,0.001619
SLB,Solomon Islands,Oceania,2020,1.536,0.001536
SLB,Solomon Islands,Oceania,2021,1.558,0.001558
SLB,Solomon Islands,Oceania,2022,1.467,0.001467
SLB,Solomon Islands,Oceania,2023,1.506,0.001506
SLB,Solomon Islands,Oceania,2024,1.584,0.001584
SLB,Solomon Islands,Oceania,2025,1.704,0.001704
SLB,Solomon Islands,Oceania,2026,1.836,0.001836
SLB,Solomon Islands,Oceania,2027,1.949,0.001949
SLB,Solomon Islands,Oceania,2028,2.076,0.002076
SLB,Solomon Islands,Oceania,2029,2.212,0.002212
SLB,Solomon Islands,Oceania,2030,2.36,0.00236
SLB,Solomon Islands,Oceania,2031,2.509,0.002509
SOM,Somalia,Africa,2011,5.022,0.005022
SOM,Somalia,Africa,2012,5.183,0.005183
SOM,Somalia,Africa,2013,5.869,0.005869
SOM,Somalia,Africa,2014,6.443,0.006443
SOM,Somalia,Africa,2015,6.841,0.006841
SOM,Somalia,Africa,2016,7.391,0.007391
SOM,Somalia,Africa,2017,8.252,0.008252
SOM,Somalia,Africa,2018,7.873,0.007873
SOM,Somalia,Africa,2019,8.655,0.008655
SOM,Somalia,Africa,2020,8.628,0.008628
SOM,Somalia,Africa,2021,9.484,0.009484
SOM,Somalia,Africa,2022,10.203,0.010203
SOM,Somalia,Africa,2023,10.969,0.010969
SOM,Somalia,Africa,2024,12.161,0.012161
SOM,Somalia,Africa,2025,12.956,0.012956
SOM,Somalia,Africa,2026,14.174,0.014174
SOM,Somalia,Africa,2027,15.539,0.015539
SOM,Somalia,Africa,2028,16.875,0.016875
SOM,Somalia,Africa,2029,18.341,0.018341
SOM,Somalia,Africa,2030,19.851,0.019851
SOM,Somalia,Africa,2031,21.991,0.021991
ZAF,South Africa,Africa,1980,89.412,0.089412
ZAF,South Africa,Africa,1981,93.15,0.09315
ZAF,South Africa,Africa,1982,85.897,0.085897
ZAF,South Africa,Africa,1983,96.205,0.096205
ZAF,South Africa,Africa,1984,84.838,0.084838
ZAF,South Africa,Africa,1985,64.481,0.064481
ZAF,South Africa,Africa,1986,73.399,0.073399
ZAF,South Africa,Africa,1987,96.533,0.096533
ZAF,South Africa,Africa,1988,104.01,0.10401
ZAF,South Africa,Africa,1989,108.07,0.10807
ZAF,South Africa,Africa,1990,126.027,0.126027
ZAF,South Africa,Africa,1991,135.227,0.135227
ZAF,South Africa,Africa,1992,146.97,0.14697
ZAF,South Africa,Africa,1993,147.236,0.147236
ZAF,South Africa,Africa,1994,153.569,0.153569
ZAF,South Africa,Africa,1995,171.736,0.171736
ZAF,South Africa,Africa,1996,163.34,0.16334
ZAF,South Africa,Africa,1997,169.004,0.169004
ZAF,South Africa,Africa,1998,152.885,0.152885
ZAF,South Africa,Africa,1999,151.426,0.151426
ZAF,South Africa,Africa,2000,151.855,0.151855
ZAF,South Africa,Africa,2001,135.527,0.135527
ZAF,South Africa,Africa,2002,129.385,0.129385
ZAF,South Africa,Africa,2003,197.017,0.197017
ZAF,South Africa,Africa,2004,256.188,0.256188
ZAF,South Africa,Africa,2005,288.749,0.288749
ZAF,South Africa,Africa,2006,304.055,0.304055
ZAF,South Africa,Africa,2007,332.65,0.33265
ZAF,South Africa,Africa,2008,316.491,0.316491
ZAF,South Africa,Africa,2009,331.184,0.331184
ZAF,South Africa,Africa,2010,417.315,0.417315
ZAF,South Africa,Africa,2011,458.708,0.458708
ZAF,South Africa,Africa,2012,434.4,0.4344
ZAF,South Africa,Africa,2013,400.877,0.400877
ZAF,South Africa,Africa,2014,381.195,0.381195
ZAF,South Africa,Africa,2015,346.663,0.346663
ZAF,South Africa,Africa,2016,323.493,0.323493
ZAF,South Africa,Africa,2017,381.317,0.381317
ZAF,South Africa,Africa,2018,405.093,0.405093
ZAF,South Africa,Africa,2019,389.245,0.389245
ZAF,South Africa,Africa,2020,337.876,0.337876
ZAF,South Africa,Africa,2021,419.878,0.419878
ZAF,South Africa,Africa,2022,407.43,0.40743
ZAF,South Africa,Africa,2023,381.334,0.381334
ZAF,South Africa,Africa,2024,401.076,0.401076
ZAF,South Africa,Africa,2025,427.141,0.427141
ZAF,South Africa,Africa,2026,479.964,0.479964
ZAF,South Africa,Africa,2027,494.409,0.494409
ZAF,South Africa,Africa,2028,513.063,0.513063
ZAF,South Africa,Africa,2029,533.314,0.533314
ZAF,South Africa,Africa,2030,555.264,0.555264
ZAF,South Africa,Africa,2031,577.966,0.577966
KOR,South Korea,Asia,1980,66.517,0.066517
KOR,South Korea,Asia,1981,74.287,0.074287
KOR,South Korea,Asia,1982,79.912,0.079912
KOR,South Korea,Asia,1983,89.621,0.089621
KOR,South Korea,Asia,1984,99.75,0.09975
KOR,South Korea,Asia,1985,103.764,0.103764
KOR,South Korea,Asia,1986,119.966,0.119966
KOR,South Korea,Asia,1987,152.241,0.152241
KOR,South Korea,Asia,1988,205.479,0.205479
KOR,South Korea,Asia,1989,254.236,0.254236
KOR,South Korea,Asia,1990,292.064,0.292064
KOR,South Korea,Asia,1991,340.863,0.340863
KOR,South Korea,Asia,1992,366.912,0.366912
KOR,South Korea,Asia,1993,405.772,0.405772
KOR,South Korea,Asia,1994,478.988,0.478988
KOR,South Korea,Asia,1995,586.301,0.586301
KOR,South Korea,Asia,1996,631.194,0.631194
KOR,South Korea,Asia,1997,590.07,0.59007
KOR,South Korea,Asia,1998,396.803,0.396803
KOR,South Korea,Asia,1999,515.427,0.515427
KOR,South Korea,Asia,2000,597.802,0.597802
KOR,South Korea,Asia,2001,567.655,0.567655
KOR,South Korea,Asia,2002,649.747,0.649747
KOR,South Korea,Asia,2003,728.497,0.728497
KOR,South Korea,Asia,2004,822.583,0.822583
KOR,South Korea,Asia,2005,971.54,0.97154
KOR,South Korea,Asia,2006,1094.545,1.094545
KOR,South Korea,Asia,2007,1220.756,1.220756
KOR,South Korea,Asia,2008,1093.487,1.093487
KOR,South Korea,Asia,2009,982.854,0.982854
KOR,South Korea,Asia,2010,1192.722,1.192722
KOR,South Korea,Asia,2011,1307.239,1.307239
KOR,South Korea,Asia,2012,1335.344,1.335344
KOR,South Korea,Asia,2013,1434.67,1.43467
KOR,South Korea,Asia,2014,1556.252,1.556252
KOR,South Korea,Asia,2015,1539.212,1.539212
KOR,South Korea,Asia,2016,1578.816,1.578816
KOR,South Korea,Asia,2017,1710.197,1.710197
KOR,South Korea,Asia,2018,1824.251,1.824251
KOR,South Korea,Asia,2019,1751.046,1.751046
KOR,South Korea,Asia,2020,1744.455,1.744455
KOR,South Korea,Asia,2021,1942.314,1.942314
KOR,South Korea,Asia,2022,1799.363,1.799363
KOR,South Korea,Asia,2023,1844.801,1.844801
KOR,South Korea,Asia,2024,1875.388,1.875388
KOR,South Korea,Asia,2025,1872.375,1.872375
KOR,South Korea,Asia,2026,1931.008,1.931008
KOR,South Korea,Asia,2027,2010.456,2.010456
KOR,South Korea,Asia,2028,2094.331,2.094331
KOR,South Korea,Asia,2029,2181.451,2.181451
KOR,South Korea,Asia,2030,2266.933,2.266933
KOR,South Korea,Asia,2031,2357.31,2.35731
SSD,South Sudan,Africa,2011,17.34,0.01734
SSD,South Sudan,Africa,2012,11.267,0.011267
SSD,South Sudan,Africa,2013,14.947,0.014947
SSD,South Sudan,Africa,2014,14.608,0.014608
SSD,South Sudan,Africa,2015,15.082,0.015082
SSD,South Sudan,Africa,2016,2.825,0.002825
SSD,South Sudan,Africa,2017,2.736,0.002736
SSD,South Sudan,Africa,2018,2.559,0.002559
SSD,South Sudan,Africa,2019,4.044,0.004044
SSD,South Sudan,Africa,2020,5.423,0.005423
SSD,South Sudan,Africa,2021,5.94,0.00594
SSD,South Sudan,Africa,2022,7.533,0.007533
SSD,South Sudan,Africa,2023,7.401,0.007401
SSD,South Sudan,Africa,2024,4.637,0.004637
SSD,South Sudan,Africa,2025,5.733,0.005733
SSD,South Sudan,Africa,2026,6.069,0.006069
SSD,South Sudan,Africa,2027,6.826,0.006826
SSD,South Sudan,Africa,2028,7.161,0.007161
SSD,South Sudan,Africa,2029,7.488,0.007488
SSD,South Sudan,Africa,2030,7.841,0.007841
SSD,South Sudan,Africa,2031,8.144,0.008144
ESP,Spain,Europe,1980,231.048,0.231048
ESP,Spain,Europe,1981,204.843,0.204843
ESP,Spain,Europe,1982,197.89,0.19789
ESP,Spain,Europe,1983,173.072,0.173072
ESP,Spain,Europe,1984,172.597,0.172597
ESP,Spain,Europe,1985,181.847,0.181847
ESP,Spain,Europe,1986,251.618,0.251618
ESP,Spain,Europe,1987,318.787,0.318787
ESP,Spain,Europe,1988,374.535,0.374535
ESP,Spain,Europe,1989,413.106,0.413106
ESP,Spain,Europe,1990,536.322,0.536322
ESP,Spain,Europe,1991,577.166,0.577166
ESP,Spain,Europe,1992,630.91,0.63091
ESP,Spain,Europe,1993,529.98,0.52998
ESP,Spain,Europe,1994,531.801,0.531801
ESP,Spain,Europe,1995,614.713,0.614713
ESP,Spain,Europe,1996,642.48,0.64248
ESP,Spain,Europe,1997,590.5,0.5905
ESP,Spain,Europe,1998,619.541,0.619541
ESP,Spain,Europe,1999,635.025,0.635025
ESP,Spain,Europe,2000,598.367,0.598367
ESP,Spain,Europe,2001,627.803,0.627803
ESP,Spain,Europe,2002,708.437,0.708437
ESP,Spain,Europe,2003,907.736,0.907736
ESP,Spain,Europe,2004,1069.344,1.069344
ESP,Spain,Europe,2005,1155.306,1.155306
ESP,Spain,Europe,2006,1261.914,1.261914
ESP,Spain,Europe,2007,1476.92,1.47692
ESP,Spain,Europe,2008,1635.936,1.635936
ESP,Spain,Europe,2009,1494.963,1.494963
ESP,Spain,Europe,2010,1429.155,1.429155
ESP,Spain,Europe,2011,1487.307,1.487307
ESP,Spain,Europe,2012,1331.838,1.331838
ESP,Spain,Europe,2013,1362.207,1.362207
ESP,Spain,Europe,2014,1380.6,1.3806
ESP,Spain,Europe,2015,1206.287,1.206287
ESP,Spain,Europe,2016,1242.673,1.242673
ESP,Spain,Europe,2017,1321.288,1.321288
ESP,Spain,Europe,2018,1432.292,1.432292
ESP,Spain,Europe,2019,1403.651,1.403651
ESP,Spain,Europe,2020,1288.751,1.288751
ESP,Spain,Europe,2021,1462.216,1.462216
ESP,Spain,Europe,2022,1449.99,1.44999
ESP,Spain,Europe,2023,1619.949,1.619949
ESP,Spain,Europe,2024,1725.152,1.725152
ESP,Spain,Europe,2025,1903.826,1.903826
ESP,Spain,Europe,2026,2091.222,2.091222
ESP,Spain,Europe,2027,2186.521,2.186521
ESP,Spain,Europe,2028,2284.752,2.284752
ESP,Spain,Europe,2029,2375.602,2.375602
ESP,Spain,Europe,2030,2472.203,2.472203
ESP,Spain,Europe,2031,2572.443,2.572443
LKA,Sri Lanka,Asia,1980,5.194,0.005194
LKA,Sri Lanka,Asia,1981,5.404,0.005404
LKA,Sri Lanka,Asia,1982,5.834,0.005834
LKA,Sri Lanka,Asia,1983,6.298,0.006298
LKA,Sri Lanka,Asia,1984,7.382,0.007382
LKA,Sri Lanka,Asia,1985,7.302,0.007302
LKA,Sri Lanka,Asia,1986,7.826,0.007826
LKA,Sri Lanka,Asia,1987,8.149,0.008149
LKA,Sri Lanka,Asia,1988,8.518,0.008518
LKA,Sri Lanka,Asia,1989,8.55,0.00855
LKA,Sri Lanka,Asia,1990,9.787,0.009787
LKA,Sri Lanka,Asia,1991,10.716,0.010716
LKA,Sri Lanka,Asia,1992,11.553,0.011553
LKA,Sri Lanka,Asia,1993,12.351,0.012351
LKA,Sri Lanka,Asia,1994,14.245,0.014245
LKA,Sri Lanka,Asia,1995,15.127,0.015127
LKA,Sri Lanka,Asia,1996,16.592,0.016592
LKA,Sri Lanka,Asia,1997,18.544,0.018544
LKA,Sri Lanka,Asia,1998,19.05,0.01905
LKA,Sri Lanka,Asia,1999,19.143,0.019143
LKA,Sri Lanka,Asia,2000,20.007,0.020007
LKA,Sri Lanka,Asia,2001,19.236,0.019236
LKA,Sri Lanka,Asia,2002,20.238,0.020238
LKA,Sri Lanka,Asia,2003,22.352,0.022352
LKA,Sri Lanka,Asia,2004,24.423,0.024423
LKA,Sri Lanka,Asia,2005,28.88,0.02888
LKA,Sri Lanka,Asia,2006,33.447,0.033447
LKA,Sri Lanka,Asia,2007,38.27,0.03827
LKA,Sri Lanka,Asia,2008,48.177,0.048177
LKA,Sri Lanka,Asia,2009,49.75,0.04975
LKA,Sri Lanka,Asia,2010,58.643,0.058643
LKA,Sri Lanka,Asia,2011,67.725,0.067725
LKA,Sri Lanka,Asia,2012,70.392,0.070392
LKA,Sri Lanka,Asia,2013,76.934,0.076934
LKA,Sri Lanka,Asia,2014,82.483,0.082483
LKA,Sri Lanka,Asia,2015,85.091,0.085091
LKA,Sri Lanka,Asia,2016,88.0,0.088
LKA,Sri Lanka,Asia,2017,94.376,0.094376
LKA,Sri Lanka,Asia,2018,94.484,0.094484
LKA,Sri Lanka,Asia,2019,89.015,0.089015
LKA,Sri Lanka,Asia,2020,84.304,0.084304
LKA,Sri Lanka,Asia,2021,88.609,0.088609
LKA,Sri Lanka,Asia,2022,74.584,0.074584
LKA,Sri Lanka,Asia,2023,83.723,0.083723
LKA,Sri Lanka,Asia,2024,98.964,0.098964
KNA,St. Kitts and Nevis,Americas,1980,0.058,5.8e-05
KNA,St. Kitts and Nevis,Americas,1981,0.069,6.9e-05
KNA,St. Kitts and Nevis,Americas,1982,0.079,7.9e-05
KNA,St. Kitts and Nevis,Americas,1983,0.078,7.8e-05
KNA,St. Kitts and Nevis,Americas,1984,0.091,9.1e-05
KNA,St. Kitts and Nevis,Americas,1985,0.101,0.000101
KNA,St. Kitts and Nevis,Americas,1986,0.119,0.000119
KNA,St. Kitts and Nevis,Americas,1987,0.136,0.000136
KNA,St. Kitts and Nevis,Americas,1988,0.161,0.000161
KNA,St. Kitts and Nevis,Americas,1989,0.179,0.000179
KNA,St. Kitts and Nevis,Americas,1990,0.203,0.000203
KNA,St. Kitts and Nevis,Americas,1991,0.201,0.000201
KNA,St. Kitts and Nevis,Americas,1992,0.223,0.000223
KNA,St. Kitts and Nevis,Americas,1993,0.243,0.000243
KNA,St. Kitts and Nevis,Americas,1994,0.272,0.000272
KNA,St. Kitts and Nevis,Americas,1995,0.293,0.000293
KNA,St. Kitts and Nevis,Americas,1996,0.312,0.000312
KNA,St. Kitts and Nevis,Americas,1997,0.351,0.000351
KNA,St. Kitts and Nevis,Americas,1998,0.366,0.000366
KNA,St. Kitts and Nevis,Americas,1999,0.389,0.000389
KNA,St. Kitts and Nevis,Americas,2000,0.437,0.000437
KNA,St. Kitts and Nevis,Americas,2001,0.479,0.000479
KNA,St. Kitts and Nevis,Americas,2002,0.499,0.000499
KNA,St. Kitts and Nevis,Americas,2003,0.483,0.000483
KNA,St. Kitts and Nevis,Americas,2004,0.527,0.000527
KNA,St. Kitts and Nevis,Americas,2005,0.574,0.000574
KNA,St. Kitts and Nevis,Americas,2006,0.671,0.000671
KNA,St. Kitts and Nevis,Americas,2007,0.717,0.000717
KNA,St. Kitts and Nevis,Americas,2008,0.778,0.000778
KNA,St. Kitts and Nevis,Americas,2009,0.774,0.000774
KNA,St. Kitts and Nevis,Americas,2010,0.779,0.000779
KNA,St. Kitts and Nevis,Americas,2011,0.836,0.000836
KNA,St. Kitts and Nevis,Americas,2012,0.849,0.000849
KNA,St. Kitts and Nevis,Americas,2013,0.897,0.000897
KNA,St. Kitts and Nevis,Americas,2014,0.974,0.000974
KNA,St. Kitts and Nevis,Americas,2015,0.957,0.000957
KNA,St. Kitts and Nevis,Americas,2016,1.007,0.001007
KNA,St. Kitts and Nevis,Americas,2017,1.057,0.001057
KNA,St. Kitts and Nevis,Americas,2018,1.061,0.001061
KNA,St. Kitts and Nevis,Americas,2019,1.088,0.001088
KNA,St. Kitts and Nevis,Americas,2020,0.867,0.000867
KNA,St. Kitts and Nevis,Americas,2021,0.843,0.000843
KNA,St. Kitts and Nevis,Americas,2022,0.963,0.000963
KNA,St. Kitts and Nevis,Americas,2023,1.034,0.001034
KNA,St. Kitts and Nevis,Americas,2024,1.051,0.001051
KNA,St. Kitts and Nevis,Americas,2025,1.082,0.001082
KNA,St. Kitts and Nevis,Americas,2026,1.143,0.001143
KNA,St. Kitts and Nevis,Americas,2027,1.197,0.001197
KNA,St. Kitts and Nevis,Americas,2028,1.254,0.001254
KNA,St. Kitts and Nevis,Americas,2029,1.315,0.001315
KNA,St. Kitts and Nevis,Americas,2030,1.377,0.001377
KNA,St. Kitts and Nevis,Americas,2031,1.44,0.00144
LCA,St. Lucia,Americas,1980,0.17,0.00017
LCA,St. Lucia,Americas,1981,0.194,0.000194
LCA,St. Lucia,Americas,1982,0.183,0.000183
LCA,St. Lucia,Americas,1983,0.197,0.000197
LCA,St. Lucia,Americas,1984,0.251,0.000251
LCA,St. Lucia,Americas,1985,0.284,0.000284
LCA,St. Lucia,Americas,1986,0.34,0.00034
LCA,St. Lucia,Americas,1987,0.375,0.000375
LCA,St. Lucia,Americas,1988,0.429,0.000429
LCA,St. Lucia,Americas,1989,0.486,0.000486
LCA,St. Lucia,Americas,1990,0.579,0.000579
LCA,St. Lucia,Americas,1991,0.613,0.000613
LCA,St. Lucia,Americas,1992,0.674,0.000674
LCA,St. Lucia,Americas,1993,0.684,0.000684
LCA,St. Lucia,Americas,1994,0.713,0.000713
LCA,St. Lucia,Americas,1995,0.762,0.000762
LCA,St. Lucia,Americas,1996,0.788,0.000788
LCA,St. Lucia,Americas,1997,0.805,0.000805
LCA,St. Lucia,Americas,1998,0.877,0.000877
LCA,St. Lucia,Americas,1999,0.921,0.000921
LCA,St. Lucia,Americas,2000,0.932,0.000932
LCA,St. Lucia,Americas,2001,0.892,0.000892
LCA,St. Lucia,Americas,2002,0.899,0.000899
LCA,St. Lucia,Americas,2003,0.987,0.000987
LCA,St. Lucia,Americas,2004,1.066,0.001066
LCA,St. Lucia,Americas,2005,1.135,0.001135
LCA,St. Lucia,Americas,2006,1.267,0.001267
LCA,St. Lucia,Americas,2007,1.331,0.001331
LCA,St. Lucia,Americas,2008,1.426,0.001426
LCA,St. Lucia,Americas,2009,1.4,0.0014
LCA,St. Lucia,Americas,2010,1.483,0.001483
LCA,St. Lucia,Americas,2011,1.569,0.001569
LCA,St. Lucia,Americas,2012,1.598,0.001598
LCA,St. Lucia,Americas,2013,1.66,0.00166
LCA,St. Lucia,Americas,2014,1.749,0.001749
LCA,St. Lucia,Americas,2015,1.808,0.001808
LCA,St. Lucia,Americas,2016,1.869,0.001869
LCA,St. Lucia,Americas,2017,1.999,0.001999
LCA,St. Lucia,Americas,2018,2.061,0.002061
LCA,St. Lucia,Americas,2019,2.095,0.002095
LCA,St. Lucia,Americas,2020,1.511,0.001511
LCA,St. Lucia,Americas,2021,1.869,0.001869
LCA,St. Lucia,Americas,2022,2.334,0.002334
LCA,St. Lucia,Americas,2023,2.397,0.002397
LCA,St. Lucia,Americas,2024,2.574,0.002574
LCA,St. Lucia,Americas,2025,2.651,0.002651
LCA,St. Lucia,Americas,2026,2.765,0.002765
LCA,St. Lucia,Americas,2027,2.891,0.002891
LCA,St. Lucia,Americas,2028,3.021,0.003021
LCA,St. Lucia,Americas,2029,3.154,0.003154
LCA,St. Lucia,Americas,2030,3.284,0.003284
LCA,St. Lucia,Americas,2031,3.433,0.003433
VCT,St. Vincent and the Grenadines,Americas,1980,0.089,8.9e-05
VCT,St. Vincent and the Grenadines,Americas,1981,0.11,0.00011
VCT,St. Vincent and the Grenadines,Americas,1982,0.123,0.000123
VCT,St. Vincent and the Grenadines,Americas,1983,0.132,0.000132
VCT,St. Vincent and the Grenadines,Americas,1984,0.146,0.000146
VCT,St. Vincent and the Grenadines,Americas,1985,0.157,0.000157
VCT,St. Vincent and the Grenadines,Americas,1986,0.174,0.000174
VCT,St. Vincent and the Grenadines,Americas,1987,0.19,0.00019
VCT,St. Vincent and the Grenadines,Americas,1988,0.217,0.000217
VCT,St. Vincent and the Grenadines,Americas,1989,0.232,0.000232
VCT,St. Vincent and the Grenadines,Americas,1990,0.26,0.00026
VCT,St. Vincent and the Grenadines,Americas,1991,0.275,0.000275
VCT,St. Vincent and the Grenadines,Americas,1992,0.3,0.0003
VCT,St. Vincent and the Grenadines,Americas,1993,0.309,0.000309
VCT,St. Vincent and the Grenadines,Americas,1994,0.313,0.000313
VCT,St. Vincent and the Grenadines,Americas,1995,0.341,0.000341
VCT,St. Vincent and the Grenadines,Americas,1996,0.358,0.000358
VCT,St. Vincent and the Grenadines,Americas,1997,0.376,0.000376
VCT,St. Vincent and the Grenadines,Americas,1998,0.403,0.000403
VCT,St. Vincent and the Grenadines,Americas,1999,0.422,0.000422
VCT,St. Vincent and the Grenadines,Americas,2000,0.428,0.000428
VCT,St. Vincent and the Grenadines,Americas,2001,0.462,0.000462
VCT,St. Vincent and the Grenadines,Americas,2002,0.488,0.000488
VCT,St. Vincent and the Grenadines,Americas,2003,0.509,0.000509
VCT,St. Vincent and the Grenadines,Americas,2004,0.55,0.00055
VCT,St. Vincent and the Grenadines,Americas,2005,0.58,0.00058
VCT,St. Vincent and the Grenadines,Americas,2006,0.644,0.000644
VCT,St. Vincent and the Grenadines,Americas,2007,0.714,0.000714
VCT,St. Vincent and the Grenadines,Americas,2008,0.733,0.000733
VCT,St. Vincent and the Grenadines,Americas,2009,0.714,0.000714
VCT,St. Vincent and the Grenadines,Americas,2010,0.72,0.00072
VCT,St. Vincent and the Grenadines,Americas,2011,0.714,0.000714
VCT,St. Vincent and the Grenadines,Americas,2012,0.73,0.00073
VCT,St. Vincent and the Grenadines,Americas,2013,0.765,0.000765
VCT,St. Vincent and the Grenadines,Americas,2014,0.771,0.000771
VCT,St. Vincent and the Grenadines,Americas,2015,0.787,0.000787
VCT,St. Vincent and the Grenadines,Americas,2016,0.814,0.000814
VCT,St. Vincent and the Grenadines,Americas,2017,0.844,0.000844
VCT,St. Vincent and the Grenadines,Americas,2018,0.884,0.000884
VCT,St. Vincent and the Grenadines,Americas,2019,0.91,0.00091
VCT,St. Vincent and the Grenadines,Americas,2020,0.864,0.000864
VCT,St. Vincent and the Grenadines,Americas,2021,0.888,0.000888
VCT,St. Vincent and the Grenadines,Americas,2022,0.97,0.00097
VCT,St. Vincent and the Grenadines,Americas,2023,1.047,0.001047
VCT,St. Vincent and the Grenadines,Americas,2024,1.126,0.001126
VCT,St. Vincent and the Grenadines,Americas,2025,1.176,0.001176
VCT,St. Vincent and the Grenadines,Americas,2026,1.236,0.001236
VCT,St. Vincent and the Grenadines,Americas,2027,1.295,0.001295
VCT,St. Vincent and the Grenadines,Americas,2028,1.356,0.001356
VCT,St. Vincent and the Grenadines,Americas,2029,1.42,0.00142
VCT,St. Vincent and the Grenadines,Americas,2030,1.488,0.001488
VCT,St. Vincent and the Grenadines,Americas,2031,1.558,0.001558
SDN,Sudan,Africa,1980,9.095,0.009095
SDN,Sudan,Africa,1981,6.53,0.00653
SDN,Sudan,Africa,1982,4.748,0.004748
SDN,Sudan,Africa,1983,6.485,0.006485
SDN,Sudan,Africa,1984,7.992,0.007992
SDN,Sudan,Africa,1985,5.547,0.005547
SDN,Sudan,Africa,1986,7.4,0.0074
SDN,Sudan,Africa,1987,11.964,0.011964
SDN,Sudan,Africa,1988,9.551,0.009551
SDN,Sudan,Africa,1989,16.853,0.016853
SDN,Sudan,Africa,1990,2.245,0.002245
SDN,Sudan,Africa,1991,2.528,0.002528
SDN,Sudan,Africa,1992,3.1,0.0031
SDN,Sudan,Africa,1993,5.246,0.005246
SDN,Sudan,Africa,1994,5.961,0.005961
SDN,Sudan,Africa,1995,6.694,0.006694
SDN,Sudan,Africa,1996,8.377,0.008377
SDN,Sudan,Africa,1997,10.241,0.010241
SDN,Sudan,Africa,1998,10.924,0.010924
SDN,Sudan,Africa,1999,10.714,0.010714
SDN,Sudan,Africa,2000,13.134,0.013134
SDN,Sudan,Africa,2001,15.716,0.015716
SDN,Sudan,Africa,2002,18.137,0.018137
SDN,Sudan,Africa,2003,21.355,0.021355
SDN,Sudan,Africa,2004,26.646,0.026646
SDN,Sudan,Africa,2005,35.183,0.035183
SDN,Sudan,Africa,2006,45.264,0.045264
SDN,Sudan,Africa,2007,59.44,0.05944
SDN,Sudan,Africa,2008,64.833,0.064833
SDN,Sudan,Africa,2009,54.812,0.054812
SDN,Sudan,Africa,2010,65.716,0.065716
SDN,Sudan,Africa,2011,66.448,0.066448
SDN,Sudan,Africa,2012,48.948,0.048948
SDN,Sudan,Africa,2013,52.892,0.052892
SDN,Sudan,Africa,2014,60.726,0.060726
SDN,Sudan,Africa,2015,64.534,0.064534
SDN,Sudan,Africa,2016,64.888,0.064888
SDN,Sudan,Africa,2017,48.906,0.048906
SDN,Sudan,Africa,2018,33.59,0.03359
SDN,Sudan,Africa,2019,31.484,0.031484
SDN,Sudan,Africa,2020,35.215,0.035215
SDN,Sudan,Africa,2021,35.131,0.035131
SDN,Sudan,Africa,2022,33.462,0.033462
SDN,Sudan,Africa,2023,36.947,0.036947
SDN,Sudan,Africa,2024,29.156,0.029156
SDN,Sudan,Africa,2025,39.718,0.039718
SDN,Sudan,Africa,2026,44.688,0.044688
SDN,Sudan,Africa,2027,47.622,0.047622
SDN,Sudan,Africa,2028,53.433,0.053433
SDN,Sudan,Africa,2029,58.33,0.05833
SDN,Sudan,Africa,2030,62.143,0.062143
SDN,Sudan,Africa,2031,67.643,0.067643
SUR,Suriname,Americas,1980,1.276,0.001276
SUR,Suriname,Americas,1981,1.427,0.001427
SUR,Suriname,Americas,1982,1.469,0.001469
SUR,Suriname,Americas,1983,1.419,0.001419
SUR,Suriname,Americas,1984,1.387,0.001387
SUR,Suriname,Americas,1985,1.402,0.001402
SUR,Suriname,Americas,1986,1.43,0.00143
SUR,Suriname,Americas,1987,1.573,0.001573
SUR,Suriname,Americas,1988,1.864,0.001864
SUR,Suriname,Americas,1989,2.177,0.002177
SUR,Suriname,Americas,1990,0.577,0.000577
SUR,Suriname,Americas,1991,0.637,0.000637
SUR,Suriname,Americas,1992,0.59,0.00059
SUR,Suriname,Americas,1993,0.465,0.000465
SUR,Suriname,Americas,1994,0.523,0.000523
SUR,Suriname,Americas,1995,0.993,0.000993
SUR,Suriname,Americas,1996,1.234,0.001234
SUR,Suriname,Americas,1997,1.322,0.001322
SUR,Suriname,Americas,1998,1.588,0.001588
SUR,Suriname,Americas,1999,1.308,0.001308
SUR,Suriname,Americas,2000,1.355,0.001355
SUR,Suriname,Americas,2001,1.167,0.001167
SUR,Suriname,Americas,2002,1.474,0.001474
SUR,Suriname,Americas,2003,1.729,0.001729
SUR,Suriname,Americas,2004,2.0,0.002
SUR,Suriname,Americas,2005,2.393,0.002393
SUR,Suriname,Americas,2006,2.812,0.002812
SUR,Suriname,Americas,2007,3.144,0.003144
SUR,Suriname,Americas,2008,3.783,0.003783
SUR,Suriname,Americas,2009,4.15,0.00415
SUR,Suriname,Americas,2010,4.677,0.004677
SUR,Suriname,Americas,2011,4.735,0.004735
SUR,Suriname,Americas,2012,5.332,0.005332
SUR,Suriname,Americas,2013,5.51,0.00551
SUR,Suriname,Americas,2014,5.612,0.005612
SUR,Suriname,Americas,2015,5.126,0.005126
SUR,Suriname,Americas,2016,3.317,0.003317
SUR,Suriname,Americas,2017,3.592,0.003592
SUR,Suriname,Americas,2018,3.996,0.003996
SUR,Suriname,Americas,2019,4.016,0.004016
SUR,Suriname,Americas,2020,2.912,0.002912
SUR,Suriname,Americas,2021,3.084,0.003084
SUR,Suriname,Americas,2022,3.802,0.003802
SUR,Suriname,Americas,2023,3.462,0.003462
SUR,Suriname,Americas,2024,4.434,0.004434
SUR,Suriname,Americas,2025,4.664,0.004664
SUR,Suriname,Americas,2026,5.908,0.005908
SUR,Suriname,Americas,2027,6.766,0.006766
SUR,Suriname,Americas,2028,8.97,0.00897
SUR,Suriname,Americas,2029,13.091,0.013091
SUR,Suriname,Americas,2030,13.605,0.013605
SUR,Suriname,Americas,2031,14.086,0.014086
SWE,Sweden,Europe,1980,140.151,0.140151
SWE,Sweden,Europe,1981,127.935,0.127935
SWE,Sweden,Europe,1982,112.912,0.112912
SWE,Sweden,Europe,1983,103.682,0.103682
SWE,Sweden,Europe,1984,107.978,0.107978
SWE,Sweden,Europe,1985,112.932,0.112932
SWE,Sweden,Europe,1986,149.282,0.149282
SWE,Sweden,Europe,1987,181.81,0.18181
SWE,Sweden,Europe,1988,205.868,0.205868
SWE,Sweden,Europe,1989,216.543,0.216543
SWE,Sweden,Europe,1990,259.299,0.259299
SWE,Sweden,Europe,1991,271.721,0.271721
SWE,Sweden,Europe,1992,282.441,0.282441
SWE,Sweden,Europe,1993,212.644,0.212644
SWE,Sweden,Europe,1994,228.7,0.2287
SWE,Sweden,Europe,1995,267.052,0.267052
SWE,Sweden,Europe,1996,291.952,0.291952
SWE,Sweden,Europe,1997,268.25,0.26825
SWE,Sweden,Europe,1998,270.888,0.270888
SWE,Sweden,Europe,1999,274.317,0.274317
SWE,Sweden,Europe,2000,262.902,0.262902
SWE,Sweden,Europe,2001,242.497,0.242497
SWE,Sweden,Europe,2002,267.371,0.267371
SWE,Sweden,Europe,2003,334.072,0.334072
SWE,Sweden,Europe,2004,384.546,0.384546
SWE,Sweden,Europe,2005,391.689,0.391689
SWE,Sweden,Europe,2006,422.526,0.422526
SWE,Sweden,Europe,2007,490.05,0.49005
SWE,Sweden,Europe,2008,514.614,0.514614
SWE,Sweden,Europe,2009,434.311,0.434311
SWE,Sweden,Europe,2010,492.751,0.492751
SWE,Sweden,Europe,2011,570.539,0.570539
SWE,Sweden,Europe,2012,549.74,0.54974
SWE,Sweden,Europe,2013,584.125,0.584125
SWE,Sweden,Europe,2014,577.728,0.577728
SWE,Sweden,Europe,2015,501.602,0.501602
SWE,Sweden,Europe,2016,513.058,0.513058
SWE,Sweden,Europe,2017,535.172,0.535172
SWE,Sweden,Europe,2018,549.649,0.549649
SWE,Sweden,Europe,2019,530.894,0.530894
SWE,Sweden,Europe,2020,544.266,0.544266
SWE,Sweden,Europe,2021,631.693,0.631693
SWE,Sweden,Europe,2022,575.071,0.575071
SWE,Sweden,Europe,2023,578.991,0.578991
SWE,Sweden,Europe,2024,604.827,0.604827
SWE,Sweden,Europe,2025,668.999,0.668999
SWE,Sweden,Europe,2026,760.481,0.760481
SWE,Sweden,Europe,2027,794.57,0.79457
SWE,Sweden,Europe,2028,834.286,0.834286
SWE,Sweden,Europe,2029,870.918,0.870918
SWE,Sweden,Europe,2030,909.888,0.909888
SWE,Sweden,Europe,2031,948.787,0.948787
CHE,Switzerland,Europe,1980,124.313,0.124313
CHE,Switzerland,Europe,1981,113.96,0.11396
CHE,Switzerland,Europe,1982,116.759,0.116759
CHE,Switzerland,Europe,1983,116.347,0.116347
CHE,Switzerland,Europe,1984,111.03,0.11103
CHE,Switzerland,Europe,1985,112.716,0.112716
CHE,Switzerland,Europe,1986,161.56,0.16156
CHE,Switzerland,Europe,1987,202.276,0.202276
CHE,Switzerland,Europe,1988,218.596,0.218596
CHE,Switzerland,Europe,1989,211.298,0.211298
CHE,Switzerland,Europe,1990,269.875,0.269875
CHE,Switzerland,Europe,1991,273.072,0.273072
CHE,Switzerland,Europe,1992,283.941,0.283941
CHE,Switzerland,Europe,1993,276.31,0.27631
CHE,Switzerland,Europe,1994,305.911,0.305911
CHE,Switzerland,Europe,1995,358.258,0.358258
CHE,Switzerland,Europe,1996,345.49,0.34549
CHE,Switzerland,Europe,1997,298.881,0.298881
CHE,Switzerland,Europe,1998,306.786,0.306786
CHE,Switzerland,Europe,1999,301.703,0.301703
CHE,Switzerland,Europe,2000,282.383,0.282383
CHE,Switzerland,Europe,2001,290.329,0.290329
CHE,Switzerland,Europe,2002,314.115,0.314115
CHE,Switzerland,Europe,2003,366.595,0.366595
CHE,Switzerland,Europe,2004,408.716,0.408716
CHE,Switzerland,Europe,2005,424.425,0.424425
CHE,Switzerland,Europe,2006,448.5,0.4485
CHE,Switzerland,Europe,2007,499.345,0.499345
CHE,Switzerland,Europe,2008,574.523,0.574523
CHE,Switzerland,Europe,2009,563.355,0.563355
CHE,Switzerland,Europe,2010,609.479,0.609479
CHE,Switzerland,Europe,2011,727.079,0.727079
CHE,Switzerland,Europe,2012,698.233,0.698233
CHE,Switzerland,Europe,2013,719.187,0.719187
CHE,Switzerland,Europe,2014,741.185,0.741185
CHE,Switzerland,Europe,2015,705.861,0.705861
CHE,Switzerland,Europe,2016,698.552,0.698552
CHE,Switzerland,Europe,2017,706.894,0.706894
CHE,Switzerland,Europe,2018,741.219,0.741219
CHE,Switzerland,Europe,2019,736.85,0.73685
CHE,Switzerland,Europe,2020,755.582,0.755582
CHE,Switzerland,Europe,2021,840.084,0.840084
CHE,Switzerland,Europe,2022,858.345,0.858345
CHE,Switzerland,Europe,2023,928.689,0.928689
CHE,Switzerland,Europe,2024,970.19,0.97019
CHE,Switzerland,Europe,2025,1043.544,1.043544
CHE,Switzerland,Europe,2026,1146.911,1.146911
CHE,Switzerland,Europe,2027,1190.375,1.190375
CHE,Switzerland,Europe,2028,1241.643,1.241643
CHE,Switzerland,Europe,2029,1289.14,1.28914
CHE,Switzerland,Europe,2030,1346.662,1.346662
CHE,Switzerland,Europe,2031,1398.268,1.398268
SYR,Syria,Asia,1980,12.98,0.01298
SYR,Syria,Asia,1981,16.652,0.016652
SYR,Syria,Asia,1982,17.415,0.017415
SYR,Syria,Asia,1983,18.649,0.018649
SYR,Syria,Asia,1984,19.171,0.019171
SYR,Syria,Asia,1985,21.177,0.021177
SYR,Syria,Asia,1986,25.428,0.025428
SYR,Syria,Asia,1987,32.497,0.032497
SYR,Syria,Asia,1988,16.538,0.016538
SYR,Syria,Asia,1989,9.849,0.009849
SYR,Syria,Asia,1990,12.303,0.012303
SYR,Syria,Asia,1991,12.738,0.012738
SYR,Syria,Asia,1992,13.263,0.013263
SYR,Syria,Asia,1993,13.796,0.013796
SYR,Syria,Asia,1994,15.105,0.015105
SYR,Syria,Asia,1995,16.556,0.016556
SYR,Syria,Asia,1996,17.761,0.017761
SYR,Syria,Asia,1997,16.573,0.016573
SYR,Syria,Asia,1998,16.144,0.016144
SYR,Syria,Asia,1999,16.785,0.016785
SYR,Syria,Asia,2000,19.861,0.019861
SYR,Syria,Asia,2001,20.979,0.020979
SYR,Syria,Asia,2002,22.758,0.022758
SYR,Syria,Asia,2003,21.702,0.021702
SYR,Syria,Asia,2004,25.204,0.025204
SYR,Syria,Asia,2005,28.881,0.028881
SYR,Syria,Asia,2006,33.824,0.033824
SYR,Syria,Asia,2007,40.488,0.040488
SYR,Syria,Asia,2008,52.631,0.052631
SYR,Syria,Asia,2009,53.939,0.053939
SYR,Syria,Asia,2010,60.043,0.060043
TWN,Taiwan,Asia,1980,42.285,0.042285
TWN,Taiwan,Asia,1981,48.969,0.048969
TWN,Taiwan,Asia,1982,49.535,0.049535
TWN,Taiwan,Asia,1983,54.148,0.054148
TWN,Taiwan,Asia,1984,61.071,0.061071
TWN,Taiwan,Asia,1985,63.617,0.063617
TWN,Taiwan,Asia,1986,78.195,0.078195
TWN,Taiwan,Asia,1987,105.039,0.105039
TWN,Taiwan,Asia,1988,126.473,0.126473
TWN,Taiwan,Asia,1989,152.704,0.152704
TWN,Taiwan,Asia,1990,166.622,0.166622
TWN,Taiwan,Asia,1991,187.14,0.18714
TWN,Taiwan,Asia,1992,222.911,0.222911
TWN,Taiwan,Asia,1993,236.339,0.236339
TWN,Taiwan,Asia,1994,256.247,0.256247
TWN,Taiwan,Asia,1995,279.059,0.279059
TWN,Taiwan,Asia,1996,292.494,0.292494
TWN,Taiwan,Asia,1997,303.284,0.303284
TWN,Taiwan,Asia,1998,279.964,0.279964
TWN,Taiwan,Asia,1999,303.83,0.30383
TWN,Taiwan,Asia,2000,330.68,0.33068
TWN,Taiwan,Asia,2001,299.276,0.299276
TWN,Taiwan,Asia,2002,307.439,0.307439
TWN,Taiwan,Asia,2003,317.381,0.317381
TWN,Taiwan,Asia,2004,346.924,0.346924
TWN,Taiwan,Asia,2005,374.06,0.37406
TWN,Taiwan,Asia,2006,386.45,0.38645
TWN,Taiwan,Asia,2007,406.907,0.406907
TWN,Taiwan,Asia,2008,415.901,0.415901
TWN,Taiwan,Asia,2009,390.829,0.390829
TWN,Taiwan,Asia,2010,444.281,0.444281
TWN,Taiwan,Asia,2011,483.974,0.483974
TWN,Taiwan,Asia,2012,495.61,0.49561
TWN,Taiwan,Asia,2013,512.943,0.512943
TWN,Taiwan,Asia,2014,535.328,0.535328
TWN,Taiwan,Asia,2015,534.515,0.534515
TWN,Taiwan,Asia,2016,543.081,0.543081
TWN,Taiwan,Asia,2017,591.687,0.591687
TWN,Taiwan,Asia,2018,610.69,0.61069
TWN,Taiwan,Asia,2019,613.512,0.613512
TWN,Taiwan,Asia,2020,676.861,0.676861
TWN,Taiwan,Asia,2021,776.965,0.776965
TWN,Taiwan,Asia,2022,765.624,0.765624
TWN,Taiwan,Asia,2023,757.387,0.757387
TWN,Taiwan,Asia,2024,801.495,0.801495
TWN,Taiwan,Asia,2025,920.05,0.92005
TWN,Taiwan,Asia,2026,976.719,0.976719
TWN,Taiwan,Asia,2027,1036.931,1.036931
TWN,Taiwan,Asia,2028,1094.177,1.094177
TWN,Taiwan,Asia,2029,1153.424,1.153424
TWN,Taiwan,Asia,2030,1214.118,1.214118
TWN,Taiwan,Asia,2031,1273.582,1.273582
TJK,Tajikistan,Asia,1992,0.291,0.000291
TJK,Tajikistan,Asia,1993,0.678,0.000678
TJK,Tajikistan,Asia,1994,0.829,0.000829
TJK,Tajikistan,Asia,1995,0.569,0.000569
TJK,Tajikistan,Asia,1996,1.052,0.001052
TJK,Tajikistan,Asia,1997,1.121,0.001121
TJK,Tajikistan,Asia,1998,1.32,0.00132
TJK,Tajikistan,Asia,1999,1.087,0.001087
TJK,Tajikistan,Asia,2000,0.991,0.000991
TJK,Tajikistan,Asia,2001,1.057,0.001057
TJK,Tajikistan,Asia,2002,1.212,0.001212
TJK,Tajikistan,Asia,2003,1.555,0.001555
TJK,Tajikistan,Asia,2004,2.073,0.002073
TJK,Tajikistan,Asia,2005,2.311,0.002311
TJK,Tajikistan,Asia,2006,2.811,0.002811
TJK,Tajikistan,Asia,2007,3.712,0.003712
TJK,Tajikistan,Asia,2008,5.135,0.005135
TJK,Tajikistan,Asia,2009,4.977,0.004977
TJK,Tajikistan,Asia,2010,5.642,0.005642
TJK,Tajikistan,Asia,2011,6.523,0.006523
TJK,Tajikistan,Asia,2012,7.592,0.007592
TJK,Tajikistan,Asia,2013,8.506,0.008506
TJK,Tajikistan,Asia,2014,9.242,0.009242
TJK,Tajikistan,Asia,2015,7.857,0.007857
TJK,Tajikistan,Asia,2016,6.994,0.006994
TJK,Tajikistan,Asia,2017,7.535,0.007535
TJK,Tajikistan,Asia,2018,7.762,0.007762
TJK,Tajikistan,Asia,2019,8.301,0.008301
TJK,Tajikistan,Asia,2020,8.134,0.008134
TJK,Tajikistan,Asia,2021,8.934,0.008934
TJK,Tajikistan,Asia,2022,10.716,0.010716
TJK,Tajikistan,Asia,2023,12.242,0.012242
TJK,Tajikistan,Asia,2024,14.426,0.014426
TJK,Tajikistan,Asia,2025,17.542,0.017542
TJK,Tajikistan,Asia,2026,20.418,0.020418
TJK,Tajikistan,Asia,2027,21.403,0.021403
TJK,Tajikistan,Asia,2028,22.67,0.02267
TJK,Tajikistan,Asia,2029,24.041,0.024041
TJK,Tajikistan,Asia,2030,25.662,0.025662
TJK,Tajikistan,Asia,2031,27.657,0.027657
TZA,Tanzania,Africa,1980,10.873,0.010873
TZA,Tanzania,Africa,1981,13.005,0.013005
TZA,Tanzania,Africa,1982,14.932,0.014932
TZA,Tanzania,Africa,1983,15.294,0.015294
TZA,Tanzania,Africa,1984,13.915,0.013915
TZA,Tanzania,Africa,1985,12.556,0.012556
TZA,Tanzania,Africa,1986,15.874,0.015874
TZA,Tanzania,Africa,1987,7.821,0.007821
TZA,Tanzania,Africa,1988,7.474,0.007474
TZA,Tanzania,Africa,1989,6.444,0.006444
TZA,Tanzania,Africa,1990,5.172,0.005172
TZA,Tanzania,Africa,1991,6.019,0.006019
TZA,Tanzania,Africa,1992,5.588,0.005588
TZA,Tanzania,Africa,1993,5.17,0.00517
TZA,Tanzania,Africa,1994,5.478,0.005478
TZA,Tanzania,Africa,1995,6.382,0.006382
TZA,Tanzania,Africa,1996,7.889,0.007889
TZA,Tanzania,Africa,1997,9.341,0.009341
TZA,Tanzania,Africa,1998,11.481,0.011481
TZA,Tanzania,Africa,1999,11.777,0.011777
TZA,Tanzania,Africa,2000,12.369,0.012369
TZA,Tanzania,Africa,2001,12.61,0.01261
TZA,Tanzania,Africa,2002,13.123,0.013123
TZA,Tanzania,Africa,2003,14.159,0.014159
TZA,Tanzania,Africa,2004,15.576,0.015576
TZA,Tanzania,Africa,2005,17.174,0.017174
TZA,Tanzania,Africa,2006,18.878,0.018878
TZA,Tanzania,Africa,2007,21.81,0.02181
TZA,Tanzania,Africa,2008,27.779,0.027779
TZA,Tanzania,Africa,2009,29.301,0.029301
TZA,Tanzania,Africa,2010,31.86,0.03186
TZA,Tanzania,Africa,2011,34.369,0.034369
TZA,Tanzania,Africa,2012,39.65,0.03965
TZA,Tanzania,Africa,2013,45.677,0.045677
TZA,Tanzania,Africa,2014,49.982,0.049982
TZA,Tanzania,Africa,2015,47.424,0.047424
TZA,Tanzania,Africa,2016,49.774,0.049774
TZA,Tanzania,Africa,2017,54.0,0.054
TZA,Tanzania,Africa,2018,54.775,0.054775
TZA,Tanzania,Africa,2019,58.797,0.058797
TZA,Tanzania,Africa,2020,63.373,0.063373
TZA,Tanzania,Africa,2021,67.964,0.067964
TZA,Tanzania,Africa,2022,74.173,0.074173
TZA,Tanzania,Africa,2023,78.368,0.078368
TZA,Tanzania,Africa,2024,79.236,0.079236
TZA,Tanzania,Africa,2025,87.344,0.087344
TZA,Tanzania,Africa,2026,94.889,0.094889
TZA,Tanzania,Africa,2027,103.767,0.103767
TZA,Tanzania,Africa,2028,113.93,0.11393
TZA,Tanzania,Africa,2029,125.045,0.125045
TZA,Tanzania,Africa,2030,137.185,0.137185
TZA,Tanzania,Africa,2031,151.961,0.151961
THA,Thailand,Asia,1980,33.422,0.033422
THA,Thailand,Asia,1981,35.999,0.035999
THA,Thailand,Asia,1982,37.799,0.037799
THA,Thailand,Asia,1983,41.366,0.041366
THA,Thailand,Asia,1984,43.179,0.043179
THA,Thailand,Asia,1985,40.185,0.040185
THA,Thailand,Asia,1986,44.52,0.04452
THA,Thailand,Asia,1987,52.204,0.052204
THA,Thailand,Asia,1988,63.704,0.063704
THA,Thailand,Asia,1989,74.637,0.074637
THA,Thailand,Asia,1990,88.467,0.088467
THA,Thailand,Asia,1991,101.247,0.101247
THA,Thailand,Asia,1992,115.576,0.115576
THA,Thailand,Asia,1993,128.889,0.128889
THA,Thailand,Asia,1994,146.684,0.146684
THA,Thailand,Asia,1995,169.279,0.169279
THA,Thailand,Asia,1996,183.035,0.183035
THA,Thailand,Asia,1997,150.18,0.15018
THA,Thailand,Asia,1998,113.676,0.113676
THA,Thailand,Asia,1999,126.669,0.126669
THA,Thailand,Asia,2000,126.392,0.126392
THA,Thailand,Asia,2001,120.296,0.120296
THA,Thailand,Asia,2002,134.301,0.134301
THA,Thailand,Asia,2003,152.281,0.152281
THA,Thailand,Asia,2004,172.896,0.172896
THA,Thailand,Asia,2005,189.318,0.189318
THA,Thailand,Asia,2006,221.758,0.221758
THA,Thailand,Asia,2007,262.943,0.262943
THA,Thailand,Asia,2008,291.383,0.291383
THA,Thailand,Asia,2009,281.711,0.281711
THA,Thailand,Asia,2010,341.105,0.341105
THA,Thailand,Asia,2011,370.819,0.370819
THA,Thailand,Asia,2012,397.558,0.397558
THA,Thailand,Asia,2013,420.334,0.420334
THA,Thailand,Asia,2014,407.339,0.407339
THA,Thailand,Asia,2015,401.296,0.401296
THA,Thailand,Asia,2016,413.366,0.413366
THA,Thailand,Asia,2017,456.357,0.456357
THA,Thailand,Asia,2018,506.754,0.506754
THA,Thailand,Asia,2019,543.977,0.543977
THA,Thailand,Asia,2020,500.275,0.500275
THA,Thailand,Asia,2021,506.05,0.50605
THA,Thailand,Asia,2022,495.692,0.495692
THA,Thailand,Asia,2023,517.013,0.517013
THA,Thailand,Asia,2024,529.386,0.529386
THA,Thailand,Asia,2025,577.01,0.57701
THA,Thailand,Asia,2026,579.996,0.579996
THA,Thailand,Asia,2027,584.045,0.584045
THA,Thailand,Asia,2028,599.255,0.599255
THA,Thailand,Asia,2029,622.614,0.622614
THA,Thailand,Asia,2030,647.521,0.647521
THA,Thailand,Asia,2031,675.349,0.675349
TLS,Timor-Leste,Asia,2000,0.367,0.000367
TLS,Timor-Leste,Asia,2001,0.477,0.000477
TLS,Timor-Leste,Asia,2002,0.47,0.00047
TLS,Timor-Leste,Asia,2003,0.49,0.00049
TLS,Timor-Leste,Asia,2004,0.441,0.000441
TLS,Timor-Leste,Asia,2005,0.462,0.000462
TLS,Timor-Leste,Asia,2006,0.454,0.000454
TLS,Timor-Leste,Asia,2007,0.543,0.000543
TLS,Timor-Leste,Asia,2008,0.648,0.000648
TLS,Timor-Leste,Asia,2009,0.727,0.000727
TLS,Timor-Leste,Asia,2010,0.882,0.000882
TLS,Timor-Leste,Asia,2011,1.042,0.001042
TLS,Timor-Leste,Asia,2012,1.16,0.00116
TLS,Timor-Leste,Asia,2013,1.396,0.001396
TLS,Timor-Leste,Asia,2014,1.448,0.001448
TLS,Timor-Leste,Asia,2015,1.59,0.00159
TLS,Timor-Leste,Asia,2016,1.64,0.00164
TLS,Timor-Leste,Asia,2017,1.585,0.001585
TLS,Timor-Leste,Asia,2018,1.556,0.001556
TLS,Timor-Leste,Asia,2019,2.033,0.002033
TLS,Timor-Leste,Asia,2020,2.163,0.002163
TLS,Timor-Leste,Asia,2021,3.625,0.003625
TLS,Timor-Leste,Asia,2022,3.209,0.003209
TLS,Timor-Leste,Asia,2023,2.08,0.00208
TLS,Timor-Leste,Asia,2024,1.866,0.001866
TLS,Timor-Leste,Asia,2025,2.064,0.002064
TLS,Timor-Leste,Asia,2026,2.17,0.00217
TLS,Timor-Leste,Asia,2027,2.315,0.002315
TLS,Timor-Leste,Asia,2028,2.466,0.002466
TLS,Timor-Leste,Asia,2029,2.621,0.002621
TLS,Timor-Leste,Asia,2030,2.783,0.002783
TLS,Timor-Leste,Asia,2031,2.953,0.002953
TGO,Togo,Africa,1980,1.921,0.001921
TGO,Togo,Africa,1981,1.616,0.001616
TGO,Togo,Africa,1982,1.396,0.001396
TGO,Togo,Africa,1983,1.33,0.00133
TGO,Togo,Africa,1984,1.222,0.001222
TGO,Togo,Africa,1985,1.281,0.001281
TGO,Togo,Africa,1986,1.795,0.001795
TGO,Togo,Africa,1987,2.107,0.002107
TGO,Togo,Africa,1988,2.345,0.002345
TGO,Togo,Africa,1989,2.302,0.002302
TGO,Togo,Africa,1990,2.772,0.002772
TGO,Togo,Africa,1991,2.74,0.00274
TGO,Togo,Africa,1992,2.873,0.002873
TGO,Togo,Africa,1993,2.189,0.002189
TGO,Togo,Africa,1994,1.697,0.001697
TGO,Togo,Africa,1995,2.24,0.00224
TGO,Togo,Africa,1996,2.448,0.002448
TGO,Togo,Africa,1997,2.494,0.002494
TGO,Togo,Africa,1998,2.361,0.002361
TGO,Togo,Africa,1999,2.37,0.00237
TGO,Togo,Africa,2000,2.014,0.002014
TGO,Togo,Africa,2001,2.0,0.002
TGO,Togo,Africa,2002,2.301,0.002301
TGO,Togo,Africa,2003,2.854,0.002854
TGO,Togo,Africa,2004,3.048,0.003048
TGO,Togo,Africa,2005,3.08,0.00308
TGO,Togo,Africa,2006,3.173,0.003173
TGO,Togo,Africa,2007,3.76,0.00376
TGO,Togo,Africa,2008,4.578,0.004578
TGO,Togo,Africa,2009,4.717,0.004717
TGO,Togo,Africa,2010,4.75,0.00475
TGO,Togo,Africa,2011,5.421,0.005421
TGO,Togo,Africa,2012,5.417,0.005417
TGO,Togo,Africa,2013,6.022,0.006022
TGO,Togo,Africa,2014,6.395,0.006395
TGO,Togo,Africa,2015,5.756,0.005756
TGO,Togo,Africa,2016,6.069,0.006069
TGO,Togo,Africa,2017,6.385,0.006385
TGO,Togo,Africa,2018,7.032,0.007032
TGO,Togo,Africa,2019,6.993,0.006993
TGO,Togo,Africa,2020,7.497,0.007497
TGO,Togo,Africa,2021,8.546,0.008546
TGO,Togo,Africa,2022,8.665,0.008665
TGO,Togo,Africa,2023,9.725,0.009725
TGO,Togo,Africa,2024,10.644,0.010644
TGO,Togo,Africa,2025,11.899,0.011899
TGO,Togo,Africa,2026,13.437,0.013437
TGO,Togo,Africa,2027,14.441,0.014441
TGO,Togo,Africa,2028,15.498,0.015498
TGO,Togo,Africa,2029,16.669,0.016669
TGO,Togo,Africa,2030,17.937,0.017937
TGO,Togo,Africa,2031,19.302,0.019302
TON,Tonga,Oceania,1980,0.071,7.1e-05
TON,Tonga,Oceania,1981,0.079,7.9e-05
TON,Tonga,Oceania,1982,0.079,7.9e-05
TON,Tonga,Oceania,1983,0.077,7.7e-05
TON,Tonga,Oceania,1984,0.081,8.1e-05
TON,Tonga,Oceania,1985,0.076,7.6e-05
TON,Tonga,Oceania,1986,0.09,9e-05
TON,Tonga,Oceania,1987,0.098,9.8e-05
TON,Tonga,Oceania,1988,0.115,0.000115
TON,Tonga,Oceania,1989,0.139,0.000139
TON,Tonga,Oceania,1990,0.144,0.000144
TON,Tonga,Oceania,1991,0.169,0.000169
TON,Tonga,Oceania,1992,0.178,0.000178
TON,Tonga,Oceania,1993,0.183,0.000183
TON,Tonga,Oceania,1994,0.189,0.000189
TON,Tonga,Oceania,1995,0.207,0.000207
TON,Tonga,Oceania,1996,0.218,0.000218
TON,Tonga,Oceania,1997,0.222,0.000222
TON,Tonga,Oceania,1998,0.212,0.000212
TON,Tonga,Oceania,1999,0.197,0.000197
TON,Tonga,Oceania,2000,0.203,0.000203
TON,Tonga,Oceania,2001,0.181,0.000181
TON,Tonga,Oceania,2002,0.183,0.000183
TON,Tonga,Oceania,2003,0.202,0.000202
TON,Tonga,Oceania,2004,0.231,0.000231
TON,Tonga,Oceania,2005,0.262,0.000262
TON,Tonga,Oceania,2006,0.292,0.000292
TON,Tonga,Oceania,2007,0.299,0.000299
TON,Tonga,Oceania,2008,0.344,0.000344
TON,Tonga,Oceania,2009,0.312,0.000312
TON,Tonga,Oceania,2010,0.367,0.000367
TON,Tonga,Oceania,2011,0.415,0.000415
TON,Tonga,Oceania,2012,0.427,0.000427
TON,Tonga,Oceania,2013,0.452,0.000452
TON,Tonga,Oceania,2014,0.441,0.000441
TON,Tonga,Oceania,2015,0.438,0.000438
TON,Tonga,Oceania,2016,0.421,0.000421
TON,Tonga,Oceania,2017,0.46,0.00046
TON,Tonga,Oceania,2018,0.485,0.000485
TON,Tonga,Oceania,2019,0.505,0.000505
TON,Tonga,Oceania,2020,0.512,0.000512
TON,Tonga,Oceania,2021,0.521,0.000521
TON,Tonga,Oceania,2022,0.553,0.000553
TON,Tonga,Oceania,2023,0.596,0.000596
TON,Tonga,Oceania,2024,0.646,0.000646
TON,Tonga,Oceania,2025,0.68,0.00068
TON,Tonga,Oceania,2026,0.716,0.000716
TON,Tonga,Oceania,2027,0.753,0.000753
TON,Tonga,Oceania,2028,0.771,0.000771
TON,Tonga,Oceania,2029,0.797,0.000797
TON,Tonga,Oceania,2030,0.825,0.000825
TON,Tonga,Oceania,2031,0.854,0.000854
TTO,Trinidad and Tobago,Americas,1980,6.343,0.006343
TTO,Trinidad and Tobago,Americas,1981,7.113,0.007113
TTO,Trinidad and Tobago,Americas,1982,8.28,0.00828
TTO,Trinidad and Tobago,Americas,1983,7.898,0.007898
TTO,Trinidad and Tobago,Americas,1984,7.891,0.007891
TTO,Trinidad and Tobago,Americas,1985,7.503,0.007503
TTO,Trinidad and Tobago,Americas,1986,4.877,0.004877
TTO,Trinidad and Tobago,Americas,1987,4.88,0.00488
TTO,Trinidad and Tobago,Americas,1988,4.574,0.004574
TTO,Trinidad and Tobago,Americas,1989,4.397,0.004397
TTO,Trinidad and Tobago,Americas,1990,5.155,0.005155
TTO,Trinidad and Tobago,Americas,1991,5.399,0.005399
TTO,Trinidad and Tobago,Americas,1992,5.533,0.005533
TTO,Trinidad and Tobago,Americas,1993,4.656,0.004656
TTO,Trinidad and Tobago,Americas,1994,5.032,0.005032
TTO,Trinidad and Tobago,Americas,1995,5.421,0.005421
TTO,Trinidad and Tobago,Americas,1996,5.859,0.005859
TTO,Trinidad and Tobago,Americas,1997,5.837,0.005837
TTO,Trinidad and Tobago,Americas,1998,6.148,0.006148
TTO,Trinidad and Tobago,Americas,1999,6.926,0.006926
TTO,Trinidad and Tobago,Americas,2000,8.295,0.008295
TTO,Trinidad and Tobago,Americas,2001,8.96,0.00896
TTO,Trinidad and Tobago,Americas,2002,9.148,0.009148
TTO,Trinidad and Tobago,Americas,2003,11.464,0.011464
TTO,Trinidad and Tobago,Americas,2004,13.472,0.013472
TTO,Trinidad and Tobago,Americas,2005,16.17,0.01617
TTO,Trinidad and Tobago,Americas,2006,18.6,0.0186
TTO,Trinidad and Tobago,Americas,2007,21.937,0.021937
TTO,Trinidad and Tobago,Americas,2008,28.193,0.028193
TTO,Trinidad and Tobago,Americas,2009,19.52,0.01952
TTO,Trinidad and Tobago,Americas,2010,22.522,0.022522
TTO,Trinidad and Tobago,Americas,2011,25.789,0.025789
TTO,Trinidad and Tobago,Americas,2012,27.147,0.027147
TTO,Trinidad and Tobago,Americas,2013,28.561,0.028561
TTO,Trinidad and Tobago,Americas,2014,29.474,0.029474
TTO,Trinidad and Tobago,Americas,2015,26.841,0.026841
TTO,Trinidad and Tobago,Americas,2016,23.624,0.023624
TTO,Trinidad and Tobago,Americas,2017,23.831,0.023831
TTO,Trinidad and Tobago,Americas,2018,23.883,0.023883
TTO,Trinidad and Tobago,Americas,2019,23.478,0.023478
TTO,Trinidad and Tobago,Americas,2020,20.889,0.020889
TTO,Trinidad and Tobago,Americas,2021,24.223,0.024223
TTO,Trinidad and Tobago,Americas,2022,28.341,0.028341
TTO,Trinidad and Tobago,Americas,2023,25.037,0.025037
TTO,Trinidad and Tobago,Americas,2024,25.634,0.025634
TTO,Trinidad and Tobago,Americas,2025,25.932,0.025932
TTO,Trinidad and Tobago,Americas,2026,26.836,0.026836
TTO,Trinidad and Tobago,Americas,2027,28.149,0.028149
TTO,Trinidad and Tobago,Americas,2028,29.378,0.029378
TTO,Trinidad and Tobago,Americas,2029,30.362,0.030362
TTO,Trinidad and Tobago,Americas,2030,31.345,0.031345
TTO,Trinidad and Tobago,Americas,2031,32.265,0.032265
TUN,Tunisia,Africa,1980,9.566,0.009566
TUN,Tunisia,Africa,1981,9.223,0.009223
TUN,Tunisia,Africa,1982,8.9,0.0089
TUN,Tunisia,Africa,1983,9.202,0.009202
TUN,Tunisia,Africa,1984,9.054,0.009054
TUN,Tunisia,Africa,1985,9.245,0.009245
TUN,Tunisia,Africa,1986,9.91,0.00991
TUN,Tunisia,Africa,1987,10.663,0.010663
TUN,Tunisia,Africa,1988,11.073,0.011073
TUN,Tunisia,Africa,1989,11.069,0.011069
TUN,Tunisia,Africa,1990,14.133,0.014133
TUN,Tunisia,Africa,1991,14.897,0.014897
TUN,Tunisia,Africa,1992,17.809,0.017809
TUN,Tunisia,Africa,1993,16.724,0.016724
TUN,Tunisia,Africa,1994,17.886,0.017886
TUN,Tunisia,Africa,1995,20.616,0.020616
TUN,Tunisia,Africa,1996,22.324,0.022324
TUN,Tunisia,Africa,1997,21.762,0.021762
TUN,Tunisia,Africa,1998,22.87,0.02287
TUN,Tunisia,Africa,1999,24.066,0.024066
TUN,Tunisia,Africa,2000,22.524,0.022524
TUN,Tunisia,Africa,2001,23.146,0.023146
TUN,Tunisia,Africa,2002,24.274,0.024274
TUN,Tunisia,Africa,2003,28.797,0.028797
TUN,Tunisia,Africa,2004,32.71,0.03271
TUN,Tunisia,Africa,2005,33.851,0.033851
TUN,Tunisia,Africa,2006,36.059,0.036059
TUN,Tunisia,Africa,2007,40.819,0.040819
TUN,Tunisia,Africa,2008,47.039,0.047039
TUN,Tunisia,Africa,2009,45.593,0.045593
TUN,Tunisia,Africa,2010,46.21,0.04621
TUN,Tunisia,Africa,2011,48.122,0.048122
TUN,Tunisia,Africa,2012,47.311,0.047311
TUN,Tunisia,Africa,2013,48.681,0.048681
TUN,Tunisia,Africa,2014,50.273,0.050273
TUN,Tunisia,Africa,2015,45.779,0.045779
TUN,Tunisia,Africa,2016,44.36,0.04436
TUN,Tunisia,Africa,2017,42.167,0.042167
TUN,Tunisia,Africa,2018,42.687,0.042687
TUN,Tunisia,Africa,2019,41.905,0.041905
TUN,Tunisia,Africa,2020,42.494,0.042494
TUN,Tunisia,Africa,2021,46.813,0.046813
TUN,Tunisia,Africa,2022,44.596,0.044596
TUN,Tunisia,Africa,2023,48.54,0.04854
TUN,Tunisia,Africa,2024,51.331,0.051331
TUN,Tunisia,Africa,2025,57.589,0.057589
TUN,Tunisia,Africa,2026,60.745,0.060745
TUN,Tunisia,Africa,2027,59.061,0.059061
TUN,Tunisia,Africa,2028,59.611,0.059611
TUN,Tunisia,Africa,2029,60.631,0.060631
TUN,Tunisia,Africa,2030,61.553,0.061553
TUN,Tunisia,Africa,2031,62.669,0.062669
TKM,Turkmenistan,Asia,1992,0.886,0.000886
TKM,Turkmenistan,Asia,1993,4.997,0.004997
TKM,Turkmenistan,Asia,1994,4.232,0.004232
TKM,Turkmenistan,Asia,1995,5.473,0.005473
TKM,Turkmenistan,Asia,1996,2.217,0.002217
TKM,Turkmenistan,Asia,1997,2.498,0.002498
TKM,Turkmenistan,Asia,1998,2.667,0.002667
TKM,Turkmenistan,Asia,1999,3.594,0.003594
TKM,Turkmenistan,Asia,2000,4.68,0.00468
TKM,Turkmenistan,Asia,2001,6.461,0.006461
TKM,Turkmenistan,Asia,2002,8.107,0.008107
TKM,Turkmenistan,Asia,2003,10.645,0.010645
TKM,Turkmenistan,Asia,2004,13.228,0.013228
TKM,Turkmenistan,Asia,2005,16.003,0.016003
TKM,Turkmenistan,Asia,2006,19.935,0.019935
TKM,Turkmenistan,Asia,2007,24.192,0.024192
TKM,Turkmenistan,Asia,2008,20.049,0.020049
TKM,Turkmenistan,Asia,2009,18.836,0.018836
TKM,Turkmenistan,Asia,2010,21.321,0.021321
TKM,Turkmenistan,Asia,2011,27.776,0.027776
TKM,Turkmenistan,Asia,2012,35.164,0.035164
TKM,Turkmenistan,Asia,2013,39.198,0.039198
TKM,Turkmenistan,Asia,2014,43.524,0.043524
TKM,Turkmenistan,Asia,2015,35.8,0.0358
TKM,Turkmenistan,Asia,2016,36.18,0.03618
TKM,Turkmenistan,Asia,2017,37.926,0.037926
TKM,Turkmenistan,Asia,2018,40.762,0.040762
TKM,Turkmenistan,Asia,2019,44.974,0.044974
TKM,Turkmenistan,Asia,2020,45.455,0.045455
TKM,Turkmenistan,Asia,2021,49.477,0.049477
TKM,Turkmenistan,Asia,2022,56.677,0.056677
TKM,Turkmenistan,Asia,2023,62.814,0.062814
TKM,Turkmenistan,Asia,2024,68.675,0.068675
TKM,Turkmenistan,Asia,2025,77.398,0.077398
TKM,Turkmenistan,Asia,2026,83.065,0.083065
TKM,Turkmenistan,Asia,2027,87.909,0.087909
TKM,Turkmenistan,Asia,2028,93.864,0.093864
TKM,Turkmenistan,Asia,2029,100.335,0.100335
TKM,Turkmenistan,Asia,2030,107.282,0.107282
TKM,Turkmenistan,Asia,2031,114.732,0.114732
TUV,Tuvalu,Oceania,2000,0.015,1.5e-05
TUV,Tuvalu,Oceania,2001,0.014,1.4e-05
TUV,Tuvalu,Oceania,2002,0.017,1.7e-05
TUV,Tuvalu,Oceania,2003,0.02,2e-05
TUV,Tuvalu,Oceania,2004,0.023,2.3e-05
TUV,Tuvalu,Oceania,2005,0.023,2.3e-05
TUV,Tuvalu,Oceania,2006,0.024,2.4e-05
TUV,Tuvalu,Oceania,2007,0.029,2.9e-05
TUV,Tuvalu,Oceania,2008,0.032,3.2e-05
TUV,Tuvalu,Oceania,2009,0.028,2.8e-05
TUV,Tuvalu,Oceania,2010,0.033,3.3e-05
TUV,Tuvalu,Oceania,2011,0.04,4e-05
TUV,Tuvalu,Oceania,2012,0.039,3.9e-05
TUV,Tuvalu,Oceania,2013,0.039,3.9e-05
TUV,Tuvalu,Oceania,2014,0.039,3.9e-05
TUV,Tuvalu,Oceania,2015,0.037,3.7e-05
TUV,Tuvalu,Oceania,2016,0.041,4.1e-05
TUV,Tuvalu,Oceania,2017,0.045,4.5e-05
TUV,Tuvalu,Oceania,2018,0.048,4.8e-05
TUV,Tuvalu,Oceania,2019,0.054,5.4e-05
TUV,Tuvalu,Oceania,2020,0.053,5.3e-05
TUV,Tuvalu,Oceania,2021,0.062,6.2e-05
TUV,Tuvalu,Oceania,2022,0.054,5.4e-05
TUV,Tuvalu,Oceania,2023,0.051,5.1e-05
TUV,Tuvalu,Oceania,2024,0.056,5.6e-05
TUV,Tuvalu,Oceania,2025,0.058,5.8e-05
TUV,Tuvalu,Oceania,2026,0.065,6.5e-05
TUV,Tuvalu,Oceania,2027,0.069,6.9e-05
TUV,Tuvalu,Oceania,2028,0.072,7.2e-05
TUV,Tuvalu,Oceania,2029,0.075,7.5e-05
TUV,Tuvalu,Oceania,2030,0.078,7.8e-05
TUV,Tuvalu,Oceania,2031,0.081,8.1e-05
TUR,Türkiye,Asia,1980,96.629,0.096629
TUR,Türkiye,Asia,1981,97.898,0.097898
TUR,Türkiye,Asia,1982,88.948,0.088948
TUR,Türkiye,Asia,1983,84.996,0.084996
TUR,Türkiye,Asia,1984,82.67,0.08267
TUR,Türkiye,Asia,1985,92.858,0.092858
TUR,Türkiye,Asia,1986,102.371,0.102371
TUR,Türkiye,Asia,1987,118.966,0.118966
TUR,Türkiye,Asia,1988,125.075,0.125075
TUR,Türkiye,Asia,1989,147.777,0.147777
TUR,Türkiye,Asia,1990,207.578,0.207578
TUR,Türkiye,Asia,1991,208.473,0.208473
TUR,Türkiye,Asia,1992,219.25,0.21925
TUR,Türkiye,Asia,1993,248.657,0.248657
TUR,Türkiye,Asia,1994,179.42,0.17942
TUR,Türkiye,Asia,1995,233.645,0.233645
TUR,Türkiye,Asia,1996,250.571,0.250571
TUR,Türkiye,Asia,1997,261.946,0.261946
TUR,Türkiye,Asia,1998,277.693,0.277693
TUR,Türkiye,Asia,1999,254.3,0.2543
TUR,Türkiye,Asia,2000,273.57,0.27357
TUR,Türkiye,Asia,2001,203.001,0.203001
TUR,Türkiye,Asia,2002,238.674,0.238674
TUR,Türkiye,Asia,2003,317.342,0.317342
TUR,Türkiye,Asia,2004,408.309,0.408309
TUR,Türkiye,Asia,2005,506.794,0.506794
TUR,Türkiye,Asia,2006,554.902,0.554902
TUR,Türkiye,Asia,2007,686.909,0.686909
TUR,Türkiye,Asia,2008,787.897,0.787897
TUR,Türkiye,Asia,2009,656.134,0.656134
TUR,Türkiye,Asia,2010,783.025,0.783025
TUR,Türkiye,Asia,2011,843.326,0.843326
TUR,Türkiye,Asia,2012,882.437,0.882437
TUR,Türkiye,Asia,2013,962.457,0.962457
TUR,Türkiye,Asia,2014,943.337,0.943337
TUR,Türkiye,Asia,2015,868.204,0.868204
TUR,Türkiye,Asia,2016,870.339,0.870339
TUR,Türkiye,Asia,2017,863.906,0.863906
TUR,Türkiye,Asia,2018,807.318,0.807318
TUR,Türkiye,Asia,2019,775.223,0.775223
TUR,Türkiye,Asia,2020,730.345,0.730345
TUR,Türkiye,Asia,2021,827.673,0.827673
TUR,Türkiye,Asia,2022,924.752,0.924752
TUR,Türkiye,Asia,2023,1153.295,1.153295
TUR,Türkiye,Asia,2024,1358.251,1.358251
TUR,Türkiye,Asia,2025,1597.301,1.597301
TUR,Türkiye,Asia,2026,1640.223,1.640223
TUR,Türkiye,Asia,2027,1629.539,1.629539
TUR,Türkiye,Asia,2028,1741.606,1.741606
TUR,Türkiye,Asia,2029,1842.887,1.842887
TUR,Türkiye,Asia,2030,1933.816,1.933816
TUR,Türkiye,Asia,2031,2027.846,2.027846
UGA,Uganda,Africa,1980,7.486,0.007486
UGA,Uganda,Africa,1981,12.12,0.01212
UGA,Uganda,Africa,1982,8.41,0.00841
UGA,Uganda,Africa,1983,9.619,0.009619
UGA,Uganda,Africa,1984,7.399,0.007399
UGA,Uganda,Africa,1985,6.771,0.006771
UGA,Uganda,Africa,1986,6.746,0.006746
UGA,Uganda,Africa,1987,10.878,0.010878
UGA,Uganda,Africa,1988,11.268,0.011268
UGA,Uganda,Africa,1989,9.136,0.009136
UGA,Uganda,Africa,1990,7.452,0.007452
UGA,Uganda,Africa,1991,3.897,0.003897
UGA,Uganda,Africa,1992,3.645,0.003645
UGA,Uganda,Africa,1993,4.311,0.004311
UGA,Uganda,Africa,1994,6.24,0.00624
UGA,Uganda,Africa,1995,7.473,0.007473
UGA,Uganda,Africa,1996,7.713,0.007713
UGA,Uganda,Africa,1997,8.407,0.008407
UGA,Uganda,Africa,1998,8.23,0.00823
UGA,Uganda,Africa,1999,7.823,0.007823
UGA,Uganda,Africa,2000,7.756,0.007756
UGA,Uganda,Africa,2001,7.835,0.007835
UGA,Uganda,Africa,2002,8.425,0.008425
UGA,Uganda,Africa,2003,8.725,0.008725
UGA,Uganda,Africa,2004,10.75,0.01075
UGA,Uganda,Africa,2005,12.46,0.01246
UGA,Uganda,Africa,2006,14.079,0.014079
UGA,Uganda,Africa,2007,17.512,0.017512
UGA,Uganda,Africa,2008,22.419,0.022419
UGA,Uganda,Africa,2009,24.107,0.024107
UGA,Uganda,Africa,2010,24.683,0.024683
UGA,Uganda,Africa,2011,27.501,0.027501
UGA,Uganda,Africa,2012,30.939,0.030939
UGA,Uganda,Africa,2013,32.331,0.032331
UGA,Uganda,Africa,2014,34.754,0.034754
UGA,Uganda,Africa,2015,30.122,0.030122
UGA,Uganda,Africa,2016,30.232,0.030232
UGA,Uganda,Africa,2017,31.589,0.031589
UGA,Uganda,Africa,2018,34.127,0.034127
UGA,Uganda,Africa,2019,37.895,0.037895
UGA,Uganda,Africa,2020,37.889,0.037889
UGA,Uganda,Africa,2021,42.805,0.042805
UGA,Uganda,Africa,2022,47.272,0.047272
UGA,Uganda,Africa,2023,52.038,0.052038
UGA,Uganda,Africa,2024,57.061,0.057061
UGA,Uganda,Africa,2025,66.014,0.066014
UGA,Uganda,Africa,2026,73.37,0.07337
UGA,Uganda,Africa,2027,80.198,0.080198
UGA,Uganda,Africa,2028,87.684,0.087684
UGA,Uganda,Africa,2029,95.952,0.095952
UGA,Uganda,Africa,2030,103.904,0.103904
UGA,Uganda,Africa,2031,112.31,0.11231
UKR,Ukraine,Europe,1991,515.517,0.515517
UKR,Ukraine,Europe,1992,21.461,0.021461
UKR,Ukraine,Europe,1993,32.713,0.032713
UKR,Ukraine,Europe,1994,36.755,0.036755
UKR,Ukraine,Europe,1995,37.009,0.037009
UKR,Ukraine,Europe,1996,44.559,0.044559
UKR,Ukraine,Europe,1997,50.152,0.050152
UKR,Ukraine,Europe,1998,41.883,0.041883
UKR,Ukraine,Europe,1999,31.581,0.031581
UKR,Ukraine,Europe,2000,32.375,0.032375
UKR,Ukraine,Europe,2001,39.309,0.039309
UKR,Ukraine,Europe,2002,43.956,0.043956
UKR,Ukraine,Europe,2003,52.01,0.05201
UKR,Ukraine,Europe,2004,67.221,0.067221
UKR,Ukraine,Europe,2005,89.282,0.089282
UKR,Ukraine,Europe,2006,111.885,0.111885
UKR,Ukraine,Europe,2007,148.734,0.148734
UKR,Ukraine,Europe,2008,188.24,0.18824
UKR,Ukraine,Europe,2009,121.552,0.121552
UKR,Ukraine,Europe,2010,141.208,0.141208
UKR,Ukraine,Europe,2011,169.229,0.169229
UKR,Ukraine,Europe,2012,182.592,0.182592
UKR,Ukraine,Europe,2013,190.499,0.190499
UKR,Ukraine,Europe,2014,133.434,0.133434
UKR,Ukraine,Europe,2015,90.981,0.090981
UKR,Ukraine,Europe,2016,93.355,0.093355
UKR,Ukraine,Europe,2017,112.091,0.112091
UKR,Ukraine,Europe,2018,130.891,0.130891
UKR,Ukraine,Europe,2019,153.883,0.153883
UKR,Ukraine,Europe,2020,156.618,0.156618
UKR,Ukraine,Europe,2021,199.766,0.199766
UKR,Ukraine,Europe,2022,161.99,0.16199
UKR,Ukraine,Europe,2023,181.222,0.181222
UKR,Ukraine,Europe,2024,190.834,0.190834
UKR,Ukraine,Europe,2025,212.927,0.212927
UKR,Ukraine,Europe,2026,225.337,0.225337
UKR,Ukraine,Europe,2027,238.712,0.238712
UKR,Ukraine,Europe,2028,251.095,0.251095
UKR,Ukraine,Europe,2029,260.888,0.260888
UKR,Ukraine,Europe,2030,274.476,0.274476
UKR,Ukraine,Europe,2031,290.868,0.290868
ARE,United Arab Emirates,Asia,1980,41.725,0.041725
ARE,United Arab Emirates,Asia,1981,46.461,0.046461
ARE,United Arab Emirates,Asia,1982,43.205,0.043205
ARE,United Arab Emirates,Asia,1983,39.588,0.039588
ARE,United Arab Emirates,Asia,1984,39.245,0.039245
ARE,United Arab Emirates,Asia,1985,38.519,0.038519
ARE,United Arab Emirates,Asia,1986,30.526,0.030526
ARE,United Arab Emirates,Asia,1987,33.519,0.033519
ARE,United Arab Emirates,Asia,1988,34.069,0.034069
ARE,United Arab Emirates,Asia,1989,39.325,0.039325
ARE,United Arab Emirates,Asia,1990,50.682,0.050682
ARE,United Arab Emirates,Asia,1991,49.3,0.0493
ARE,United Arab Emirates,Asia,1992,51.952,0.051952
ARE,United Arab Emirates,Asia,1993,52.144,0.052144
ARE,United Arab Emirates,Asia,1994,57.395,0.057395
ARE,United Arab Emirates,Asia,1995,63.432,0.063432
ARE,United Arab Emirates,Asia,1996,72.853,0.072853
ARE,United Arab Emirates,Asia,1997,77.167,0.077167
ARE,United Arab Emirates,Asia,1998,75.304,0.075304
ARE,United Arab Emirates,Asia,1999,84.42,0.08442
ARE,United Arab Emirates,Asia,2000,102.987,0.102987
ARE,United Arab Emirates,Asia,2001,103.312,0.103312
ARE,United Arab Emirates,Asia,2002,109.816,0.109816
ARE,United Arab Emirates,Asia,2003,124.346,0.124346
ARE,United Arab Emirates,Asia,2004,147.812,0.147812
ARE,United Arab Emirates,Asia,2005,180.616,0.180616
ARE,United Arab Emirates,Asia,2006,222.117,0.222117
ARE,United Arab Emirates,Asia,2007,257.883,0.257883
ARE,United Arab Emirates,Asia,2008,315.464,0.315464
ARE,United Arab Emirates,Asia,2009,253.547,0.253547
ARE,United Arab Emirates,Asia,2010,307.736,0.307736
ARE,United Arab Emirates,Asia,2011,368.881,0.368881
ARE,United Arab Emirates,Asia,2012,392.793,0.392793
ARE,United Arab Emirates,Asia,2013,409.633,0.409633
ARE,United Arab Emirates,Asia,2014,424.936,0.424936
ARE,United Arab Emirates,Asia,2015,381.973,0.381973
ARE,United Arab Emirates,Asia,2016,381.717,0.381717
ARE,United Arab Emirates,Asia,2017,403.365,0.403365
ARE,United Arab Emirates,Asia,2018,440.56,0.44056
ARE,United Arab Emirates,Asia,2019,433.926,0.433926
ARE,United Arab Emirates,Asia,2020,357.162,0.357162
ARE,United Arab Emirates,Asia,2021,422.441,0.422441
ARE,United Arab Emirates,Asia,2022,511.403,0.511403
ARE,United Arab Emirates,Asia,2023,522.622,0.522622
ARE,United Arab Emirates,Asia,2024,552.325,0.552325
ARE,United Arab Emirates,Asia,2025,571.643,0.571643
ARE,United Arab Emirates,Asia,2026,621.546,0.621546
ARE,United Arab Emirates,Asia,2027,648.673,0.648673
ARE,United Arab Emirates,Asia,2028,686.352,0.686352
ARE,United Arab Emirates,Asia,2029,727.722,0.727722
ARE,United Arab Emirates,Asia,2030,770.217,0.770217
ARE,United Arab Emirates,Asia,2031,815.049,0.815049
GBR,United Kingdom,Europe,1980,604.664,0.604664
GBR,United Kingdom,Europe,1981,589.092,0.589092
GBR,United Kingdom,Europe,1982,560.122,0.560122
GBR,United Kingdom,Europe,1983,533.763,0.533763
GBR,United Kingdom,Europe,1984,505.859,0.505859
GBR,United Kingdom,Europe,1985,538.269,0.538269
GBR,United Kingdom,Europe,1986,656.445,0.656445
GBR,United Kingdom,Europe,1987,816.119,0.816119
GBR,United Kingdom,Europe,1988,992.545,0.992545
GBR,United Kingdom,Europe,1989,1010.843,1.010843
GBR,United Kingdom,Europe,1990,1200.911,1.200911
GBR,United Kingdom,Europe,1991,1252.495,1.252495
GBR,United Kingdom,Europe,1992,1293.728,1.293728
GBR,United Kingdom,Europe,1993,1158.966,1.158966
GBR,United Kingdom,Europe,1994,1245.905,1.245905
GBR,United Kingdom,Europe,1995,1349.359,1.349359
GBR,United Kingdom,Europe,1996,1426.746,1.426746
GBR,United Kingdom,Europe,1997,1569.646,1.569646
GBR,United Kingdom,Europe,1998,1660.979,1.660979
GBR,United Kingdom,Europe,1999,1693.878,1.693878
GBR,United Kingdom,Europe,2000,1674.765,1.674765
GBR,United Kingdom,Europe,2001,1656.597,1.656597
GBR,United Kingdom,Europe,2002,1793.363,1.793363
GBR,United Kingdom,Europe,2003,2063.105,2.063105
GBR,United Kingdom,Europe,2004,2430.872,2.430872
GBR,United Kingdom,Europe,2005,2554.229,2.554229
GBR,United Kingdom,Europe,2006,2723.389,2.723389
GBR,United Kingdom,Europe,2007,3105.89,3.10589
GBR,United Kingdom,Europe,2008,2976.398,2.976398
GBR,United Kingdom,Europe,2009,2438.053,2.438053
GBR,United Kingdom,Europe,2010,2499.193,2.499193
GBR,United Kingdom,Europe,2011,2676.507,2.676507
GBR,United Kingdom,Europe,2012,2720.2,2.7202
GBR,United Kingdom,Europe,2013,2798.728,2.798728
GBR,United Kingdom,Europe,2014,3086.969,3.086969
GBR,United Kingdom,Europe,2015,2946.231,2.946231
GBR,United Kingdom,Europe,2016,2716.852,2.716852
GBR,United Kingdom,Europe,2017,2701.37,2.70137
GBR,United Kingdom,Europe,2018,2900.745,2.900745
GBR,United Kingdom,Europe,2019,2877.392,2.877392
GBR,United Kingdom,Europe,2020,2725.948,2.725948
GBR,United Kingdom,Europe,2021,3195.327,3.195327
GBR,United Kingdom,Europe,2022,3192.851,3.192851
GBR,United Kingdom,Europe,2023,3422.072,3.422072
GBR,United Kingdom,Europe,2024,3695.355,3.695355
GBR,United Kingdom,Europe,2025,4003.022,4.003022
GBR,United Kingdom,Europe,2026,4264.794,4.264794
GBR,United Kingdom,Europe,2027,4466.076,4.466076
GBR,United Kingdom,Europe,2028,4675.048,4.675048
GBR,United Kingdom,Europe,2029,4898.448,4.898448
GBR,United Kingdom,Europe,2030,5148.434,5.148434
GBR,United Kingdom,Europe,2031,5403.155,5.403155
USA,United States,Americas,1980,2857.325,2.857325
USA,United States,Americas,1981,3207.025,3.207025
USA,United States,Americas,1982,3343.8,3.3438
USA,United States,Americas,1983,3634.025,3.634025
USA,United States,Americas,1984,4037.65,4.03765
USA,United States,Americas,1985,4339.0,4.339
USA,United States,Americas,1986,4579.625,4.579625
USA,United States,Americas,1987,4855.25,4.85525
USA,United States,Americas,1988,5236.425,5.236425
USA,United States,Americas,1989,5641.6,5.6416
USA,United States,Americas,1990,5963.125,5.963125
USA,United States,Americas,1991,6158.125,6.158125
USA,United States,Americas,1992,6520.325,6.520325
USA,United States,Americas,1993,6858.55,6.85855
USA,United States,Americas,1994,7287.25,7.28725
USA,United States,Americas,1995,7639.75,7.63975
USA,United States,Americas,1996,8073.125,8.073125
USA,United States,Americas,1997,8577.55,8.57755
USA,United States,Americas,1998,9062.825,9.062825
USA,United States,Americas,1999,9631.175,9.631175
USA,United States,Americas,2000,10250.95,10.25095
USA,United States,Americas,2001,10581.925,10.581925
USA,United States,Americas,2002,10929.1,10.9291
USA,United States,Americas,2003,11456.45,11.45645
USA,United States,Americas,2004,12217.175,12.217175
USA,United States,Americas,2005,13039.2,13.0392
USA,United States,Americas,2006,13815.6,13.8156
USA,United States,Americas,2007,14474.25,14.47425
USA,United States,Americas,2008,14769.85,14.76985
USA,United States,Americas,2009,14478.05,14.47805
USA,United States,Americas,2010,15048.975,15.048975
USA,United States,Americas,2011,15599.725,15.599725
USA,United States,Americas,2012,16253.95,16.25395
USA,United States,Americas,2013,16880.675,16.880675
USA,United States,Americas,2014,17608.125,17.608125
USA,United States,Americas,2015,18295.0,18.295
USA,United States,Americas,2016,18804.9,18.8049
USA,United States,Americas,2017,19612.1,19.6121
USA,United States,Americas,2018,20656.525,20.656525
USA,United States,Americas,2019,21539.975,21.539975
USA,United States,Americas,2020,21375.275,21.375275
USA,United States,Americas,2021,23725.65,23.72565
USA,United States,Americas,2022,26054.6,26.0546
USA,United States,Americas,2023,27811.5,27.8115
USA,United States,Americas,2024,29298.025,29.298025
USA,United States,Americas,2025,30767.075,30.767075
USA,United States,Americas,2026,32383.92,32.38392
USA,United States,Americas,2027,33790.035,33.790035
USA,United States,Americas,2028,35065.9,35.0659
USA,United States,Americas,2029,36360.58,36.36058
USA,United States,Americas,2030,37677.878,37.677878
USA,United States,Americas,2031,39031.262,39.031262
URY,Uruguay,Americas,1980,12.217,0.012217
URY,Uruguay,Americas,1981,13.636,0.013636
URY,Uruguay,Americas,1982,11.147,0.011147
URY,Uruguay,Americas,1983,6.119,0.006119
URY,Uruguay,Americas,1984,5.819,0.005819
URY,Uruguay,Americas,1985,5.686,0.005686
URY,Uruguay,Americas,1986,7.059,0.007059
URY,Uruguay,Americas,1987,8.832,0.008832
URY,Uruguay,Americas,1988,9.137,0.009137
URY,Uruguay,Americas,1989,9.63,0.00963
URY,Uruguay,Americas,1990,11.204,0.011204
URY,Uruguay,Americas,1991,13.502,0.013502
URY,Uruguay,Americas,1992,15.515,0.015515
URY,Uruguay,Americas,1993,18.064,0.018064
URY,Uruguay,Americas,1994,21.04,0.02104
URY,Uruguay,Americas,1995,23.267,0.023267
URY,Uruguay,Americas,1996,24.73,0.02473
URY,Uruguay,Americas,1997,26.155,0.026155
URY,Uruguay,Americas,1998,27.704,0.027704
URY,Uruguay,Americas,1999,26.178,0.026178
URY,Uruguay,Americas,2000,24.892,0.024892
URY,Uruguay,Americas,2001,22.802,0.022802
URY,Uruguay,Americas,2002,14.863,0.014863
URY,Uruguay,Americas,2003,13.159,0.013159
URY,Uruguay,Americas,2004,14.959,0.014959
URY,Uruguay,Americas,2005,18.986,0.018986
URY,Uruguay,Americas,2006,21.416,0.021416
URY,Uruguay,Americas,2007,25.603,0.025603
URY,Uruguay,Americas,2008,33.151,0.033151
URY,Uruguay,Americas,2009,34.565,0.034565
URY,Uruguay,Americas,2010,43.967,0.043967
URY,Uruguay,Americas,2011,52.354,0.052354
URY,Uruguay,Americas,2012,55.938,0.055938
URY,Uruguay,Americas,2013,62.857,0.062857
URY,Uruguay,Americas,2014,62.546,0.062546
URY,Uruguay,Americas,2015,58.218,0.058218
URY,Uruguay,Americas,2016,57.58,0.05758
URY,Uruguay,Americas,2017,65.068,0.065068
URY,Uruguay,Americas,2018,65.37,0.06537
URY,Uruguay,Americas,2019,62.229,0.062229
URY,Uruguay,Americas,2020,53.557,0.053557
URY,Uruguay,Americas,2021,60.742,0.060742
URY,Uruguay,Americas,2022,71.247,0.071247
URY,Uruguay,Americas,2023,79.214,0.079214
URY,Uruguay,Americas,2024,82.323,0.082323
URY,Uruguay,Americas,2025,85.575,0.085575
URY,Uruguay,Americas,2026,96.092,0.096092
URY,Uruguay,Americas,2027,100.859,0.100859
URY,Uruguay,Americas,2028,104.917,0.104917
URY,Uruguay,Americas,2029,109.609,0.109609
URY,Uruguay,Americas,2030,115.274,0.115274
URY,Uruguay,Americas,2031,121.215,0.121215
UZB,Uzbekistan,Asia,1992,4.971,0.004971
UZB,Uzbekistan,Asia,1993,7.659,0.007659
UZB,Uzbekistan,Asia,1994,9.078,0.009078
UZB,Uzbekistan,Asia,1995,14.155,0.014155
UZB,Uzbekistan,Asia,1996,19.382,0.019382
UZB,Uzbekistan,Asia,1997,20.471,0.020471
UZB,Uzbekistan,Asia,1998,20.81,0.02081
UZB,Uzbekistan,Asia,1999,23.724,0.023724
UZB,Uzbekistan,Asia,2000,19.096,0.019096
UZB,Uzbekistan,Asia,2001,16.193,0.016193
UZB,Uzbekistan,Asia,2002,13.444,0.013444
UZB,Uzbekistan,Asia,2003,14.1,0.0141
UZB,Uzbekistan,Asia,2004,16.708,0.016708
UZB,Uzbekistan,Asia,2005,19.922,0.019922
UZB,Uzbekistan,Asia,2006,23.703,0.023703
UZB,Uzbekistan,Asia,2007,31.054,0.031054
UZB,Uzbekistan,Asia,2008,39.822,0.039822
UZB,Uzbekistan,Asia,2009,46.582,0.046582
UZB,Uzbekistan,Asia,2010,55.551,0.055551
UZB,Uzbekistan,Asia,2011,67.443,0.067443
UZB,Uzbekistan,Asia,2012,75.322,0.075322
UZB,Uzbekistan,Asia,2013,82.688,0.082688
UZB,Uzbekistan,Asia,2014,91.307,0.091307
UZB,Uzbekistan,Asia,2015,96.96,0.09696
UZB,Uzbekistan,Asia,2016,97.325,0.097325
UZB,Uzbekistan,Asia,2017,69.703,0.069703
UZB,Uzbekistan,Asia,2018,61.318,0.061318
UZB,Uzbekistan,Asia,2019,70.171,0.070171
UZB,Uzbekistan,Asia,2020,70.127,0.070127
UZB,Uzbekistan,Asia,2021,81.17,0.08117
UZB,Uzbekistan,Asia,2022,94.317,0.094317
UZB,Uzbekistan,Asia,2023,107.518,0.107518
UZB,Uzbekistan,Asia,2024,121.352,0.121352
UZB,Uzbekistan,Asia,2025,147.069,0.147069
UZB,Uzbekistan,Asia,2026,181.502,0.181502
UZB,Uzbekistan,Asia,2027,203.085,0.203085
UZB,Uzbekistan,Asia,2028,224.851,0.224851
UZB,Uzbekistan,Asia,2029,248.258,0.248258
UZB,Uzbekistan,Asia,2030,273.441,0.273441
UZB,Uzbekistan,Asia,2031,301.174,0.301174
VUT,Vanuatu,Oceania,1980,0.134,0.000134
VUT,Vanuatu,Oceania,1981,0.126,0.000126
VUT,Vanuatu,Oceania,1982,0.127,0.000127
VUT,Vanuatu,Oceania,1983,0.13,0.00013
VUT,Vanuatu,Oceania,1984,0.16,0.00016
VUT,Vanuatu,Oceania,1985,0.146,0.000146
VUT,Vanuatu,Oceania,1986,0.141,0.000141
VUT,Vanuatu,Oceania,1987,0.154,0.000154
VUT,Vanuatu,Oceania,1988,0.175,0.000175
VUT,Vanuatu,Oceania,1989,0.17,0.00017
VUT,Vanuatu,Oceania,1990,0.187,0.000187
VUT,Vanuatu,Oceania,1991,0.223,0.000223
VUT,Vanuatu,Oceania,1992,0.231,0.000231
VUT,Vanuatu,Oceania,1993,0.222,0.000222
VUT,Vanuatu,Oceania,1994,0.259,0.000259
VUT,Vanuatu,Oceania,1995,0.276,0.000276
VUT,Vanuatu,Oceania,1996,0.289,0.000289
VUT,Vanuatu,Oceania,1997,0.302,0.000302
VUT,Vanuatu,Oceania,1998,0.29,0.00029
VUT,Vanuatu,Oceania,1999,0.296,0.000296
VUT,Vanuatu,Oceania,2000,0.3,0.0003
VUT,Vanuatu,Oceania,2001,0.285,0.000285
VUT,Vanuatu,Oceania,2002,0.29,0.00029
VUT,Vanuatu,Oceania,2003,0.349,0.000349
VUT,Vanuatu,Oceania,2004,0.403,0.000403
VUT,Vanuatu,Oceania,2005,0.432,0.000432
VUT,Vanuatu,Oceania,2006,0.481,0.000481
VUT,Vanuatu,Oceania,2007,0.572,0.000572
VUT,Vanuatu,Oceania,2008,0.644,0.000644
VUT,Vanuatu,Oceania,2009,0.652,0.000652
VUT,Vanuatu,Oceania,2010,0.721,0.000721
VUT,Vanuatu,Oceania,2011,0.816,0.000816
VUT,Vanuatu,Oceania,2012,0.814,0.000814
VUT,Vanuatu,Oceania,2013,0.859,0.000859
VUT,Vanuatu,Oceania,2014,0.881,0.000881
VUT,Vanuatu,Oceania,2015,0.871,0.000871
VUT,Vanuatu,Oceania,2016,0.902,0.000902
VUT,Vanuatu,Oceania,2017,0.999,0.000999
VUT,Vanuatu,Oceania,2018,1.0,0.001
VUT,Vanuatu,Oceania,2019,1.054,0.001054
VUT,Vanuatu,Oceania,2020,1.128,0.001128
VUT,Vanuatu,Oceania,2021,1.06,0.00106
VUT,Vanuatu,Oceania,2022,1.13,0.00113
VUT,Vanuatu,Oceania,2023,1.198,0.001198
VUT,Vanuatu,Oceania,2024,1.265,0.001265
VUT,Vanuatu,Oceania,2025,1.316,0.001316
VUT,Vanuatu,Oceania,2026,1.396,0.001396
VUT,Vanuatu,Oceania,2027,1.477,0.001477
VUT,Vanuatu,Oceania,2028,1.553,0.001553
VUT,Vanuatu,Oceania,2029,1.628,0.001628
VUT,Vanuatu,Oceania,2030,1.707,0.001707
VUT,Vanuatu,Oceania,2031,1.789,0.001789
VEN,Venezuela,Americas,1980,69.841,0.069841
VEN,Venezuela,Americas,1981,78.367,0.078367
VEN,Venezuela,Americas,1982,79.998,0.079998
VEN,Venezuela,Americas,1983,79.672,0.079672
VEN,Venezuela,Americas,1984,57.826,0.057826
VEN,Venezuela,Americas,1985,59.865,0.059865
VEN,Venezuela,Americas,1986,60.877,0.060877
VEN,Venezuela,Americas,1987,46.854,0.046854
VEN,Venezuela,Americas,1988,60.378,0.060378
VEN,Venezuela,Americas,1989,44.672,0.044672
VEN,Venezuela,Americas,1990,48.391,0.048391
VEN,Venezuela,Americas,1991,53.382,0.053382
VEN,Venezuela,Americas,1992,60.4,0.0604
VEN,Venezuela,Americas,1993,59.865,0.059865
VEN,Venezuela,Americas,1994,58.357,0.058357
VEN,Venezuela,Americas,1995,77.427,0.077427
VEN,Venezuela,Americas,1996,70.536,0.070536
VEN,Venezuela,Americas,1997,85.684,0.085684
VEN,Venezuela,Americas,1998,91.836,0.091836
VEN,Venezuela,Americas,1999,97.517,0.097517
VEN,Venezuela,Americas,2000,117.596,0.117596
VEN,Venezuela,Americas,2001,123.119,0.123119
VEN,Venezuela,Americas,2002,95.258,0.095258
VEN,Venezuela,Americas,2003,83.684,0.083684
VEN,Venezuela,Americas,2004,112.254,0.112254
VEN,Venezuela,Americas,2005,143.375,0.143375
VEN,Venezuela,Americas,2006,178.521,0.178521
VEN,Venezuela,Americas,2007,232.857,0.232857
VEN,Venezuela,Americas,2008,306.764,0.306764
VEN,Venezuela,Americas,2009,268.624,0.268624
VEN,Venezuela,Americas,2010,318.281,0.318281
VEN,Venezuela,Americas,2011,316.482,0.316482
VEN,Venezuela,Americas,2012,372.592,0.372592
VEN,Venezuela,Americas,2013,258.932,0.258932
VEN,Venezuela,Americas,2014,214.69,0.21469
VEN,Venezuela,Americas,2015,125.449,0.125449
VEN,Venezuela,Americas,2016,112.915,0.112915
VEN,Venezuela,Americas,2017,115.882,0.115882
VEN,Venezuela,Americas,2018,102.021,0.102021
VEN,Venezuela,Americas,2019,73.014,0.073014
VEN,Venezuela,Americas,2020,42.838,0.042838
VEN,Venezuela,Americas,2021,56.615,0.056615
VEN,Venezuela,Americas,2022,89.013,0.089013
VEN,Venezuela,Americas,2023,102.378,0.102378
VEN,Venezuela,Americas,2024,120.566,0.120566
VEN,Venezuela,Americas,2025,99.661,0.099661
VEN,Venezuela,Americas,2026,111.303,0.111303
VEN,Venezuela,Americas,2027,117.908,0.117908
VNM,Vietnam,Asia,1980,35.357,0.035357
VNM,Vietnam,Asia,1981,17.617,0.017617
VNM,Vietnam,Asia,1982,23.369,0.023369
VNM,Vietnam,Asia,1983,35.204,0.035204
VNM,Vietnam,Asia,1984,61.171,0.061171
VNM,Vietnam,Asia,1985,19.045,0.019045
VNM,Vietnam,Asia,1986,43.009,0.043009
VNM,Vietnam,Asia,1987,53.385,0.053385
VNM,Vietnam,Asia,1988,29.501,0.029501
VNM,Vietnam,Asia,1989,7.991,0.007991
VNM,Vietnam,Asia,1990,8.217,0.008217
VNM,Vietnam,Asia,1991,9.704,0.009704
VNM,Vietnam,Asia,1992,12.528,0.012528
VNM,Vietnam,Asia,1993,16.736,0.016736
VNM,Vietnam,Asia,1994,20.712,0.020712
VNM,Vietnam,Asia,1995,26.407,0.026407
VNM,Vietnam,Asia,1996,31.352,0.031352
VNM,Vietnam,Asia,1997,34.146,0.034146
VNM,Vietnam,Asia,1998,34.58,0.03458
VNM,Vietnam,Asia,1999,36.444,0.036444
VNM,Vietnam,Asia,2000,39.585,0.039585
VNM,Vietnam,Asia,2001,41.297,0.041297
VNM,Vietnam,Asia,2002,44.563,0.044563
VNM,Vietnam,Asia,2003,50.233,0.050233
VNM,Vietnam,Asia,2004,62.877,0.062877
VNM,Vietnam,Asia,2005,73.197,0.073197
VNM,Vietnam,Asia,2006,84.301,0.084301
VNM,Vietnam,Asia,2007,98.426,0.098426
VNM,Vietnam,Asia,2008,124.756,0.124756
VNM,Vietnam,Asia,2009,129.022,0.129022
VNM,Vietnam,Asia,2010,143.287,0.143287
VNM,Vietnam,Asia,2011,171.367,0.171367
VNM,Vietnam,Asia,2012,195.167,0.195167
VNM,Vietnam,Asia,2013,212.737,0.212737
VNM,Vietnam,Asia,2014,232.891,0.232891
VNM,Vietnam,Asia,2015,236.839,0.236839
VNM,Vietnam,Asia,2016,252.139,0.252139
VNM,Vietnam,Asia,2017,277.076,0.277076
VNM,Vietnam,Asia,2018,304.474,0.304474
VNM,Vietnam,Asia,2019,331.811,0.331811
VNM,Vietnam,Asia,2020,346.283,0.346283
VNM,Vietnam,Asia,2021,370.065,0.370065
VNM,Vietnam,Asia,2022,411.031,0.411031
VNM,Vietnam,Asia,2023,432.981,0.432981
VNM,Vietnam,Asia,2024,459.448,0.459448
VNM,Vietnam,Asia,2025,494.046,0.494046
VNM,Vietnam,Asia,2026,527.266,0.527266
VNM,Vietnam,Asia,2027,557.405,0.557405
VNM,Vietnam,Asia,2028,594.826,0.594826
VNM,Vietnam,Asia,2029,631.081,0.631081
VNM,Vietnam,Asia,2030,667.52,0.66752
VNM,Vietnam,Asia,2031,705.443,0.705443
YEM,Yemen,Asia,2014,14.221,0.014221
YEM,Yemen,Asia,2015,10.265,0.010265
YEM,Yemen,Asia,2016,9.944,0.009944
YEM,Yemen,Asia,2017,10.443,0.010443
YEM,Yemen,Asia,2018,11.494,0.011494
YEM,Yemen,Asia,2019,12.849,0.012849
YEM,Yemen,Asia,2020,10.783,0.010783
YEM,Yemen,Asia,2021,10.203,0.010203
YEM,Yemen,Asia,2022,11.124,0.011124
YEM,Yemen,Asia,2023,9.364,0.009364
YEM,Yemen,Asia,2024,8.058,0.008058
YEM,Yemen,Asia,2025,7.897,0.007897
YEM,Yemen,Asia,2026,7.435,0.007435
YEM,Yemen,Asia,2027,7.122,0.007122
YEM,Yemen,Asia,2028,7.005,0.007005
YEM,Yemen,Asia,2029,6.962,0.006962
YEM,Yemen,Asia,2030,6.979,0.006979
YEM,Yemen,Asia,2031,7.047,0.007047
ZMB,Zambia,Africa,1980,4.246,0.004246
ZMB,Zambia,Africa,1981,4.385,0.004385
ZMB,Zambia,Africa,1982,4.232,0.004232
ZMB,Zambia,Africa,1983,3.653,0.003653
ZMB,Zambia,Africa,1984,3.003,0.003003
ZMB,Zambia,Africa,1985,2.848,0.002848
ZMB,Zambia,Africa,1986,1.962,0.001962
ZMB,Zambia,Africa,1987,2.431,0.002431
ZMB,Zambia,Africa,1988,4.095,0.004095
ZMB,Zambia,Africa,1989,4.365,0.004365
ZMB,Zambia,Africa,1990,4.085,0.004085
ZMB,Zambia,Africa,1991,3.69,0.00369
ZMB,Zambia,Africa,1992,3.614,0.003614
ZMB,Zambia,Africa,1993,3.549,0.003549
ZMB,Zambia,Africa,1994,3.657,0.003657
ZMB,Zambia,Africa,1995,3.799,0.003799
ZMB,Zambia,Africa,1996,3.599,0.003599
ZMB,Zambia,Africa,1997,4.303,0.004303
ZMB,Zambia,Africa,1998,3.538,0.003538
ZMB,Zambia,Africa,1999,3.405,0.003405
ZMB,Zambia,Africa,2000,3.601,0.003601
ZMB,Zambia,Africa,2001,3.87,0.00387
ZMB,Zambia,Africa,2002,4.194,0.004194
ZMB,Zambia,Africa,2003,4.902,0.004902
ZMB,Zambia,Africa,2004,6.221,0.006221
ZMB,Zambia,Africa,2005,8.329,0.008329
ZMB,Zambia,Africa,2006,12.762,0.012762
ZMB,Zambia,Africa,2007,14.06,0.01406
ZMB,Zambia,Africa,2008,17.914,0.017914
ZMB,Zambia,Africa,2009,15.332,0.015332
ZMB,Zambia,Africa,2010,20.264,0.020264
ZMB,Zambia,Africa,2011,23.455,0.023455
ZMB,Zambia,Africa,2012,25.502,0.025502
ZMB,Zambia,Africa,2013,28.042,0.028042
ZMB,Zambia,Africa,2014,27.145,0.027145
ZMB,Zambia,Africa,2015,21.245,0.021245
ZMB,Zambia,Africa,2016,20.965,0.020965
ZMB,Zambia,Africa,2017,25.874,0.025874
ZMB,Zambia,Africa,2018,26.311,0.026311
ZMB,Zambia,Africa,2019,23.309,0.023309
ZMB,Zambia,Africa,2020,18.138,0.018138
ZMB,Zambia,Africa,2021,22.096,0.022096
ZMB,Zambia,Africa,2022,29.164,0.029164
ZMB,Zambia,Africa,2023,27.578,0.027578
ZMB,Zambia,Africa,2024,25.303,0.025303
ZMB,Zambia,Africa,2025,28.88,0.02888
ZMB,Zambia,Africa,2026,41.243,0.041243
ZMB,Zambia,Africa,2027,43.263,0.043263
ZMB,Zambia,Africa,2028,46.098,0.046098
ZMB,Zambia,Africa,2029,51.702,0.051702
ZMB,Zambia,Africa,2030,55.931,0.055931
ZMB,Zambia,Africa,2031,60.5,0.0605
ZWE,Zimbabwe,Africa,1990,14.988,0.014988
ZWE,Zimbabwe,Africa,1991,13.962,0.013962
ZWE,Zimbabwe,Africa,1992,11.515,0.011515
ZWE,Zimbabwe,Africa,1993,11.184,0.011184
ZWE,Zimbabwe,Africa,1994,11.76,0.01176
ZWE,Zimbabwe,Africa,1995,12.209,0.012209
ZWE,Zimbabwe,Africa,1996,14.949,0.014949
ZWE,Zimbabwe,Africa,1997,15.345,0.015345
ZWE,Zimbabwe,Africa,1998,17.876,0.017876
ZWE,Zimbabwe,Africa,1999,17.388,0.017388
ZWE,Zimbabwe,Africa,2000,16.755,0.016755
ZWE,Zimbabwe,Africa,2001,16.613,0.016613
ZWE,Zimbabwe,Africa,2002,15.861,0.015861
ZWE,Zimbabwe,Africa,2003,14.145,0.014145
ZWE,Zimbabwe,Africa,2004,13.985,0.013985
ZWE,Zimbabwe,Africa,2005,13.365,0.013365
ZWE,Zimbabwe,Africa,2006,12.029,0.012029
ZWE,Zimbabwe,Africa,2007,11.502,0.011502
ZWE,Zimbabwe,Africa,2008,9.91,0.00991
ZWE,Zimbabwe,Africa,2009,14.282,0.014282
ZWE,Zimbabwe,Africa,2010,17.265,0.017265
ZWE,Zimbabwe,Africa,2011,20.134,0.020134
ZWE,Zimbabwe,Africa,2012,24.173,0.024173
ZWE,Zimbabwe,Africa,2013,26.756,0.026756
ZWE,Zimbabwe,Africa,2014,28.248,0.028248
ZWE,Zimbabwe,Africa,2015,28.123,0.028123
ZWE,Zimbabwe,Africa,2016,29.257,0.029257
ZWE,Zimbabwe,Africa,2017,31.018,0.031018
ZWE,Zimbabwe,Africa,2018,53.914,0.053914
ZWE,Zimbabwe,Africa,2019,39.776,0.039776
ZWE,Zimbabwe,Africa,2020,39.962,0.039962
ZWE,Zimbabwe,Africa,2021,52.413,0.052413
ZWE,Zimbabwe,Africa,2022,48.57,0.04857
ZWE,Zimbabwe,Africa,2023,44.372,0.044372
ZWE,Zimbabwe,Africa,2024,49.154,0.049154
ZWE,Zimbabwe,Africa,2025,53.474,0.053474
ZWE,Zimbabwe,Africa,2026,56.713,0.056713
ZWE,Zimbabwe,Africa,2027,57.406,0.057406
ZWE,Zimbabwe,Africa,2028,59.827,0.059827
ZWE,Zimbabwe,Africa,2029,62.35,0.06235
ZWE,Zimbabwe,Africa,2030,64.994,0.064994
ZWE,Zimbabwe,Africa,2031,67.762,0.067762
