iso3,country,region,year,gdp_usd_bn,gdp_usd_tn
AFG,Afghanistan,Asia,2002,4.366999999999999,0.004366999999999999
AFG,Afghanistan,Asia,2003,4.552999999999999,0.004552999999999999
AFG,Afghanistan,Asia,2004,5.145999999999999,0.005145999999999999
AFG,Afghanistan,Asia,2005,6.166999999999999,0.006166999999999999
AFG,Afghanistan,Asia,2006,6.924999999999999,0.006924999999999999
AFG,Afghanistan,Asia,2007,8.556000000000003,0.008556000000000003
AFG,Afghanistan,Asia,2008,10.297,0.010297
AFG,Afghanistan,Asia,2009,12.066000000000003,0.012066000000000002
AFG,Afghanistan,Asia,2010,15.325000000000001,0.015325000000000002
AFG,Afghanistan,Asia,2011,17.89,0.01789
AFG,Afghanistan,Asia,2012,20.292999999999996,0.020292999999999995
AFG,Afghanistan,Asia,2013,20.170000000000005,0.020170000000000004
AFG,Afghanistan,Asia,2014,20.616000000000003,0.020616000000000002
AFG,Afghanistan,Asia,2015,20.057,0.020057
AFG,Afghanistan,Asia,2016,18.02,0.01802
AFG,Afghanistan,Asia,2017,18.882999999999996,0.018882999999999997
AFG,Afghanistan,Asia,2018,18.336,0.018335999999999998
AFG,Afghanistan,Asia,2019,18.876,0.018876
AFG,Afghanistan,Asia,2020,20.136,0.020135999999999998
AFG,Afghanistan,Asia,2021,14.277999999999999,0.014277999999999999
AFG,Afghanistan,Asia,2022,14.501000000000001,0.014501000000000002
AFG,Afghanistan,Asia,2023,17.247999999999998,0.017247999999999996
AFG,Afghanistan,Asia,2024,17.817000000000004,0.017817000000000003
AFG,Afghanistan,Asia,2025,19.662,0.019662
ALB,Albania,Europe,1980,1.946,0.001946
ALB,Albania,Europe,1981,2.229,0.002229
ALB,Albania,Europe,1982,2.296,0.002296
ALB,Albania,Europe,1983,2.3189999999999995,0.0023189999999999994
ALB,Albania,Europe,1984,2.29,0.00229
ALB,Albania,Europe,1985,2.3389999999999995,0.0023389999999999995
ALB,Albania,Europe,1986,2.587,0.0025870000000000003
ALB,Albania,Europe,1987,2.566,0.0025659999999999997
ALB,Albania,Europe,1988,2.53,0.0025299999999999997
ALB,Albania,Europe,1989,2.779,0.002779
ALB,Albania,Europe,1990,2.221,0.002221
ALB,Albania,Europe,1991,1.333,0.001333
ALB,Albania,Europe,1992,0.8430000000000001,8.430000000000001e-4
ALB,Albania,Europe,1993,1.4609999999999999,0.0014609999999999998
ALB,Albania,Europe,1994,2.3609999999999998,0.002361
ALB,Albania,Europe,1995,2.8819999999999997,0.0028819999999999996
ALB,Albania,Europe,1996,3.2,0.0032
ALB,Albania,Europe,1997,2.225,0.002225
ALB,Albania,Europe,1998,2.5549999999999997,0.0025549999999999995
ALB,Albania,Europe,1999,3.226,0.003226
ALB,Albania,Europe,2000,3.488,0.0034879999999999998
ALB,Albania,Europe,2001,3.927,0.003927
ALB,Albania,Europe,2002,4.355999999999999,0.004355999999999999
ALB,Albania,Europe,2003,5.560999999999999,0.005560999999999999
ALB,Albania,Europe,2004,7.177,0.007176999999999999
ALB,Albania,Europe,2005,8.052000000000001,0.008052000000000002
ALB,Albania,Europe,2006,8.896,0.008896000000000001
ALB,Albania,Europe,2007,10.677,0.010676999999999999
ALB,Albania,Europe,2008,12.881,0.012881
ALB,Albania,Europe,2009,12.043999999999999,0.012044
ALB,Albania,Europe,2010,11.937000000000001,0.011937000000000001
ALB,Albania,Europe,2011,12.899000000000001,0.012899
ALB,Albania,Europe,2012,12.324,0.012324
ALB,Albania,Europe,2013,12.784,0.012784
ALB,Albania,Europe,2014,13.245999999999999,0.013245999999999999
ALB,Albania,Europe,2015,11.389000000000001,0.011389000000000002
ALB,Albania,Europe,2016,11.862000000000002,0.011862000000000001
ALB,Albania,Europe,2017,13.053000000000003,0.013053000000000002
ALB,Albania,Europe,2018,15.380000000000003,0.015380000000000003
ALB,Albania,Europe,2019,15.582000000000003,0.015582000000000002
ALB,Albania,Europe,2020,15.271,0.015271000000000002
ALB,Albania,Europe,2021,17.984999999999996,0.017984999999999998
ALB,Albania,Europe,2022,19.189,0.019189
ALB,Albania,Europe,2023,23.633,0.023632999999999998
ALB,Albania,Europe,2024,27.084,0.027084
ALB,Albania,Europe,2025,30.279,0.030279
ALB,Albania,Europe,2026,33.333000000000006,0.03333300000000001
ALB,Albania,Europe,2027,34.912,0.034912
ALB,Albania,Europe,2028,36.998000000000005,0.036998
ALB,Albania,Europe,2029,39.189,0.039189
ALB,Albania,Europe,2030,41.533,0.041533
ALB,Albania,Europe,2031,44.032000000000004,0.044032
DZA,Algeria,Africa,1980,45.956999999999994,0.04595699999999999
DZA,Algeria,Africa,1981,48.156000000000006,0.048156000000000004
DZA,Algeria,Africa,1982,48.59900000000001,0.04859900000000001
DZA,Algeria,Africa,1983,51.582,0.051582
DZA,Algeria,Africa,1984,55.906000000000006,0.055906000000000004
DZA,Algeria,Africa,1985,66.346,0.066346
DZA,Algeria,Africa,1986,66.783,0.066783
DZA,Algeria,Africa,1987,68.698,0.068698
DZA,Algeria,Africa,1988,56.07,0.05607
DZA,Algeria,Africa,1989,57.041000000000004,0.057041
DZA,Algeria,Africa,1990,67.17099999999999,0.067171
DZA,Algeria,Africa,1991,50.650000000000006,0.05065000000000001
DZA,Algeria,Africa,1992,53.413999999999994,0.053413999999999996
DZA,Algeria,Africa,1993,55.309000000000005,0.055309000000000004
DZA,Algeria,Africa,1994,46.044000000000004,0.046044
DZA,Algeria,Africa,1995,45.653999999999996,0.04565399999999999
DZA,Algeria,Africa,1996,50.945,0.050945
DZA,Algeria,Africa,1997,52.287000000000006,0.05228700000000001
DZA,Algeria,Africa,1998,52.29700000000001,0.05229700000000001
DZA,Algeria,Africa,1999,53.010999999999996,0.053010999999999996
DZA,Algeria,Africa,2000,59.418,0.059418
DZA,Algeria,Africa,2001,59.413000000000004,0.059413
DZA,Algeria,Africa,2002,61.516000000000005,0.06151600000000001
DZA,Algeria,Africa,2003,73.48200000000001,0.07348200000000002
DZA,Algeria,Africa,2004,91.91400000000002,0.09191400000000001
DZA,Algeria,Africa,2005,107.04700000000001,0.10704700000000002
DZA,Algeria,Africa,2006,123.084,0.123084
DZA,Algeria,Africa,2007,142.483,0.142483
DZA,Algeria,Africa,2008,180.38400000000001,0.18038400000000002
DZA,Algeria,Africa,2009,150.317,0.150317
DZA,Algeria,Africa,2010,177.785,0.177785
DZA,Algeria,Africa,2011,218.33200000000002,0.21833200000000003
DZA,Algeria,Africa,2012,227.14399999999998,0.22714399999999998
DZA,Algeria,Africa,2013,229.701,0.229701
DZA,Algeria,Africa,2014,238.94299999999998,0.238943
DZA,Algeria,Africa,2015,187.494,0.187494
DZA,Algeria,Africa,2016,180.76399999999998,0.18076399999999998
DZA,Algeria,Africa,2017,190.004,0.19000399999999998
DZA,Algeria,Africa,2018,194.507,0.194507
DZA,Algeria,Africa,2019,193.36100000000002,0.193361
DZA,Algeria,Africa,2020,164.77399999999997,0.16477399999999998
DZA,Algeria,Africa,2021,185.85,0.18585
DZA,Algeria,Africa,2022,225.70899999999997,0.22570899999999997
DZA,Algeria,Africa,2023,248.08700000000002,0.24808700000000003
DZA,Algeria,Africa,2024,269.14,0.26914
DZA,Algeria,Africa,2025,285.72399999999993,0.2857239999999999
DZA,Algeria,Africa,2026,317.173,0.317173
DZA,Algeria,Africa,2027,319.1600000000001,0.31916000000000005
DZA,Algeria,Africa,2028,319.47899999999987,0.31947899999999985
DZA,Algeria,Africa,2029,322.95699999999994,0.32295699999999994
DZA,Algeria,Africa,2030,325.41499999999996,0.32541499999999995
DZA,Algeria,Africa,2031,327.645,0.32764499999999996
AND,Andorra,Europe,2000,1.4289999999999998,0.001429
AND,Andorra,Europe,2001,1.5469999999999997,0.0015469999999999998
AND,Andorra,Europe,2002,1.758,0.001758
AND,Andorra,Europe,2003,2.3619999999999997,0.0023619999999999995
AND,Andorra,Europe,2004,2.8959999999999995,0.0028959999999999993
AND,Andorra,Europe,2005,3.158,0.0031579999999999998
AND,Andorra,Europe,2006,3.4559999999999995,0.0034559999999999994
AND,Andorra,Europe,2007,3.9519999999999995,0.003952
AND,Andorra,Europe,2008,4.082,0.004082
AND,Andorra,Europe,2009,3.675,0.003675
AND,Andorra,Europe,2010,3.4459999999999997,0.003446
AND,Andorra,Europe,2011,3.625,0.003625
AND,Andorra,Europe,2012,3.189,0.003189
AND,Andorra,Europe,2013,3.193,0.003193
AND,Andorra,Europe,2014,3.267,0.003267
AND,Andorra,Europe,2015,2.789,0.0027890000000000002
AND,Andorra,Europe,2016,2.8949999999999996,0.0028949999999999996
AND,Andorra,Europe,2017,2.9929999999999994,0.0029929999999999996
AND,Andorra,Europe,2018,3.217,0.0032170000000000002
AND,Andorra,Europe,2019,3.155,0.003155
AND,Andorra,Europe,2020,2.885,0.002885
AND,Andorra,Europe,2021,3.3249999999999997,0.003325
AND,Andorra,Europe,2022,3.3759999999999994,0.0033759999999999997
AND,Andorra,Europe,2023,3.786,0.003786
AND,Andorra,Europe,2024,4.042,0.004042
AND,Andorra,Europe,2025,4.491,0.004490999999999999
AND,Andorra,Europe,2026,4.879,0.004879
AND,Andorra,Europe,2027,5.0649999999999995,0.005064999999999999
AND,Andorra,Europe,2028,5.245,0.0052450000000000005
AND,Andorra,Europe,2029,5.43,0.00543
AND,Andorra,Europe,2030,5.616999999999999,0.005616999999999999
AND,Andorra,Europe,2031,5.878,0.005878
AGO,Angola,Africa,1980,8.729999999999999,0.008729999999999998
AGO,Angola,Africa,1981,8.170000000000003,0.008170000000000004
AGO,Angola,Africa,1982,8.170000000000003,0.008170000000000004
AGO,Angola,Africa,1983,8.514000000000001,0.008514
AGO,Angola,Africa,1984,9.025,0.009025
AGO,Angola,Africa,1985,11.119,0.011119
AGO,Angola,Africa,1986,10.411,0.010411
AGO,Angola,Africa,1987,11.9,0.0119
AGO,Angola,Africa,1988,12.909000000000002,0.012909000000000002
AGO,Angola,Africa,1989,15.017000000000001,0.015017
AGO,Angola,Africa,1990,16.529,0.016529
AGO,Angola,Africa,1991,16.021999999999995,0.016021999999999995
AGO,Angola,Africa,1992,12.354000000000003,0.012354000000000002
AGO,Angola,Africa,1993,8.966000000000003,0.008966000000000003
AGO,Angola,Africa,1994,6.528999999999999,0.006528999999999999
AGO,Angola,Africa,1995,8.148,0.008147999999999999
AGO,Angola,Africa,1996,10.51,0.01051
AGO,Angola,Africa,1997,12.344000000000001,0.012344
AGO,Angola,Africa,1998,10.464,0.010464000000000001
AGO,Angola,Africa,1999,9.895000000000001,0.009895000000000001
AGO,Angola,Africa,2000,12.646,0.012646000000000001
AGO,Angola,Africa,2001,12.378,0.012378
AGO,Angola,Africa,2002,17.312,0.017312
AGO,Angola,Africa,2003,20.342,0.020342
AGO,Angola,Africa,2004,26.997999999999998,0.026997999999999998
AGO,Angola,Africa,2005,41.397000000000006,0.041397
AGO,Angola,Africa,2006,58.653999999999996,0.058654
AGO,Angola,Africa,2007,73.038,0.07303799999999999
AGO,Angola,Africa,2008,98.79,0.09879
AGO,Angola,Africa,2009,81.70500000000001,0.08170500000000001
AGO,Angola,Africa,2010,95.547,0.09554699999999999
AGO,Angola,Africa,2011,125.552,0.125552
AGO,Angola,Africa,2012,143.57299999999998,0.14357299999999998
AGO,Angola,Africa,2013,153.761,0.153761
AGO,Angola,Africa,2014,164.448,0.164448
AGO,Angola,Africa,2015,131.661,0.131661
AGO,Angola,Africa,2016,116.473,0.116473
AGO,Angola,Africa,2017,141.911,0.141911
AGO,Angola,Africa,2018,115.456,0.115456
AGO,Angola,Africa,2019,95.21,0.09520999999999999
AGO,Angola,Africa,2020,66.13599999999998,0.06613599999999999
AGO,Angola,Africa,2021,83.02199999999999,0.08302199999999998
AGO,Angola,Africa,2022,139.171,0.139171
AGO,Angola,Africa,2023,113.135,0.113135
AGO,Angola,Africa,2024,119.574,0.119574
AGO,Angola,Africa,2025,141.728,0.14172800000000002
AGO,Angola,Africa,2026,152.354,0.15235400000000002
AGO,Angola,Africa,2027,154.464,0.154464
AGO,Angola,Africa,2028,159.15200000000002,0.15915200000000002
AGO,Angola,Africa,2029,164.46800000000002,0.16446800000000003
AGO,Angola,Africa,2030,171.59300000000002,0.17159300000000002
AGO,Angola,Africa,2031,179.876,0.179876
ATG,Antigua & Barbuda,Americas,1980,0.132,1.32e-4
ATG,Antigua & Barbuda,Americas,1981,0.14900000000000002,1.4900000000000002e-4
ATG,Antigua & Barbuda,Americas,1982,0.166,1.66e-4
ATG,Antigua & Barbuda,Americas,1983,0.185,1.85e-4
ATG,Antigua & Barbuda,Americas,1984,0.21200000000000002,2.1200000000000003e-4
ATG,Antigua & Barbuda,Americas,1985,0.24600000000000002,2.46e-4
ATG,Antigua & Barbuda,Americas,1986,0.2980000000000001,2.980000000000001e-4
ATG,Antigua & Barbuda,Americas,1987,0.347,3.47e-4
ATG,Antigua & Barbuda,Americas,1988,0.41100000000000003,4.11e-4
ATG,Antigua & Barbuda,Americas,1989,0.455,4.55e-4
ATG,Antigua & Barbuda,Americas,1990,0.47900000000000004,4.7900000000000004e-4
ATG,Antigua & Barbuda,Americas,1991,0.504,5.04e-4
ATG,Antigua & Barbuda,Americas,1992,0.525,5.250000000000001e-4
ATG,Antigua & Barbuda,Americas,1993,0.566,5.66e-4
ATG,Antigua & Barbuda,Americas,1994,0.625,6.25e-4
ATG,Antigua & Barbuda,Americas,1995,0.616,6.16e-4
ATG,Antigua & Barbuda,Americas,1996,0.6789999999999999,6.789999999999999e-4
ATG,Antigua & Barbuda,Americas,1997,0.734,7.34e-4
ATG,Antigua & Barbuda,Americas,1998,0.7899999999999999,7.899999999999999e-4
ATG,Antigua & Barbuda,Americas,1999,0.8360000000000001,8.36e-4
ATG,Antigua & Barbuda,Americas,2000,0.901,9.01e-4
ATG,Antigua & Barbuda,Americas,2001,0.8780000000000001,8.780000000000001e-4
ATG,Antigua & Barbuda,Americas,2002,0.898,8.98e-4
ATG,Antigua & Barbuda,Americas,2003,0.948,9.48e-4
ATG,Antigua & Barbuda,Americas,2004,1.026,0.001026
ATG,Antigua & Barbuda,Americas,2005,1.1439999999999997,0.0011439999999999996
ATG,Antigua & Barbuda,Americas,2006,1.304,0.001304
ATG,Antigua & Barbuda,Americas,2007,1.4869999999999999,0.0014869999999999998
ATG,Antigua & Barbuda,Americas,2008,1.558,0.0015580000000000001
ATG,Antigua & Barbuda,Americas,2009,1.387,0.001387
ATG,Antigua & Barbuda,Americas,2010,1.298,0.0012980000000000001
ATG,Antigua & Barbuda,Americas,2011,1.2869999999999997,0.0012869999999999997
ATG,Antigua & Barbuda,Americas,2012,1.365,0.001365
ATG,Antigua & Barbuda,Americas,2013,1.325,0.001325
ATG,Antigua & Barbuda,Americas,2014,1.379,0.001379
ATG,Antigua & Barbuda,Americas,2015,1.4369999999999998,0.001437
ATG,Antigua & Barbuda,Americas,2016,1.49,0.00149
ATG,Antigua & Barbuda,Americas,2017,1.5349999999999997,0.0015349999999999997
ATG,Antigua & Barbuda,Americas,2018,1.6619999999999997,0.0016619999999999996
ATG,Antigua & Barbuda,Americas,2019,1.726,0.0017259999999999999
ATG,Antigua & Barbuda,Americas,2020,1.4119999999999995,0.0014119999999999994
ATG,Antigua & Barbuda,Americas,2021,1.602,0.0016020000000000001
ATG,Antigua & Barbuda,Americas,2022,1.857,0.001857
ATG,Antigua & Barbuda,Americas,2023,2.054,0.002054
ATG,Antigua & Barbuda,Americas,2024,2.162,0.002162
ATG,Antigua & Barbuda,Americas,2025,2.273,0.0022730000000000003
ATG,Antigua & Barbuda,Americas,2026,2.385,0.002385
ATG,Antigua & Barbuda,Americas,2027,2.4919999999999995,0.0024919999999999994
ATG,Antigua & Barbuda,Americas,2028,2.604,0.002604
ATG,Antigua & Barbuda,Americas,2029,2.721,0.002721
ATG,Antigua & Barbuda,Americas,2030,2.844,0.0028439999999999997
ATG,Antigua & Barbuda,Americas,2031,2.9719999999999995,0.0029719999999999994
ARG,Argentina,Americas,1980,233.696,0.233696
ARG,Argentina,Americas,1981,189.80200000000002,0.18980200000000003
ARG,Argentina,Americas,1982,94.25,0.09425
ARG,Argentina,Americas,1983,116.26700000000001,0.11626700000000001
ARG,Argentina,Americas,1984,130.54399999999998,0.130544
ARG,Argentina,Americas,1985,98.599,0.098599
ARG,Argentina,Americas,1986,118.565,0.118565
ARG,Argentina,Americas,1987,121.56100000000002,0.12156100000000002
ARG,Argentina,Americas,1988,142.38600000000002,0.142386
ARG,Argentina,Americas,1989,91.35199999999999,0.09135199999999999
ARG,Argentina,Americas,1990,158.024,0.158024
ARG,Argentina,Americas,1991,211.97899999999998,0.21197899999999997
ARG,Argentina,Americas,1992,255.787,0.255787
ARG,Argentina,Americas,1993,264.42899999999986,0.26442899999999986
ARG,Argentina,Americas,1994,287.8349999999999,0.2878349999999999
ARG,Argentina,Americas,1995,288.49699999999996,0.28849699999999995
ARG,Argentina,Americas,1996,304.28199999999987,0.3042819999999999
ARG,Argentina,Americas,1997,327.43599999999986,0.32743599999999984
ARG,Argentina,Americas,1998,334.2440000000001,0.3342440000000001
ARG,Argentina,Americas,1999,316.99799999999993,0.31699799999999995
ARG,Argentina,Americas,2000,317.759,0.317759
ARG,Argentina,Americas,2001,300.42099999999994,0.30042099999999994
ARG,Argentina,Americas,2002,112.458,0.112458
ARG,Argentina,Americas,2003,142.431,0.142431
ARG,Argentina,Americas,2004,164.911,0.164911
ARG,Argentina,Americas,2005,199.27299999999997,0.19927299999999998
ARG,Argentina,Americas,2006,232.89200000000002,0.23289200000000002
ARG,Argentina,Americas,2007,287.92099999999994,0.2879209999999999
ARG,Argentina,Americas,2008,363.545,0.363545
ARG,Argentina,Americas,2009,334.6329999999999,0.3346329999999999
ARG,Argentina,Americas,2010,424.72899999999987,0.42472899999999986
ARG,Argentina,Americas,2011,527.644,0.527644
ARG,Argentina,Americas,2012,579.6659999999999,0.5796659999999999
ARG,Argentina,Americas,2013,611.471,0.611471
ARG,Argentina,Americas,2014,563.614,0.5636140000000001
ARG,Argentina,Americas,2015,642.464,0.642464
ARG,Argentina,Americas,2016,556.7740000000001,0.5567740000000001
ARG,Argentina,Americas,2017,643.8609999999999,0.6438609999999999
ARG,Argentina,Americas,2018,524.4309999999999,0.524431
ARG,Argentina,Americas,2019,446.762,0.446762
ARG,Argentina,Americas,2020,385.21799999999996,0.38521799999999995
ARG,Argentina,Americas,2021,486.04,0.48604
ARG,Argentina,Americas,2022,633.52,0.63352
ARG,Argentina,Americas,2023,648.895,0.648895
ARG,Argentina,Americas,2024,637.234,0.6372340000000001
ARG,Argentina,Americas,2025,681.485,0.681485
ARG,Argentina,Americas,2026,688.378,0.688378
ARG,Argentina,Americas,2027,703.668,0.703668
ARG,Argentina,Americas,2028,746.8429999999998,0.7468429999999998
ARG,Argentina,Americas,2029,789.9669999999999,0.7899669999999999
ARG,Argentina,Americas,2030,833.2840000000001,0.8332840000000001
ARG,Argentina,Americas,2031,878.0509999999999,0.8780509999999999
ARM,Armenia,Asia,1992,0.10800000000000001,1.0800000000000001e-4
ARM,Armenia,Asia,1993,0.8350000000000001,8.35e-4
ARM,Armenia,Asia,1994,0.648,6.48e-4
ARM,Armenia,Asia,1995,1.2869999999999997,0.0012869999999999997
ARM,Armenia,Asia,1996,1.597,0.001597
ARM,Armenia,Asia,1997,1.639,0.001639
ARM,Armenia,Asia,1998,1.8919999999999997,0.0018919999999999996
ARM,Armenia,Asia,1999,1.845,0.001845
ARM,Armenia,Asia,2000,1.9119999999999995,0.0019119999999999994
ARM,Armenia,Asia,2001,2.118,0.002118
ARM,Armenia,Asia,2002,2.3759999999999994,0.0023759999999999996
ARM,Armenia,Asia,2003,2.8069999999999995,0.0028069999999999996
ARM,Armenia,Asia,2004,3.577,0.003577
ARM,Armenia,Asia,2005,4.9,0.004900000000000001
ARM,Armenia,Asia,2006,6.3839999999999995,0.006383999999999999
ARM,Armenia,Asia,2007,9.206000000000001,0.009206
ARM,Armenia,Asia,2008,11.662000000000003,0.011662000000000002
ARM,Armenia,Asia,2009,8.648,0.008648
ARM,Armenia,Asia,2010,9.260000000000002,0.009260000000000001
ARM,Armenia,Asia,2011,10.142,0.010142
ARM,Armenia,Asia,2012,10.619,0.010619
ARM,Armenia,Asia,2013,11.120999999999999,0.011120999999999999
ARM,Armenia,Asia,2014,11.610000000000001,0.01161
ARM,Armenia,Asia,2015,10.553000000000003,0.010553000000000003
ARM,Armenia,Asia,2016,10.546000000000001,0.010546000000000002
ARM,Armenia,Asia,2017,11.527000000000001,0.011527
ARM,Armenia,Asia,2018,12.458,0.012458
ARM,Armenia,Asia,2019,13.619,0.013619
ARM,Armenia,Asia,2020,12.642,0.012641999999999999
ARM,Armenia,Asia,2021,13.879000000000001,0.013879
ARM,Armenia,Asia,2022,19.514,0.019514
ARM,Armenia,Asia,2023,24.186,0.024186
ARM,Armenia,Asia,2024,25.954999999999995,0.025954999999999995
ARM,Armenia,Asia,2025,29.242999999999995,0.029242999999999995
ARM,Armenia,Asia,2026,31.873,0.031873
ARM,Armenia,Asia,2027,33.553000000000004,0.033553000000000006
ARM,Armenia,Asia,2028,35.403999999999996,0.035404
ARM,Armenia,Asia,2029,37.902,0.037902
ARM,Armenia,Asia,2030,40.665000000000006,0.04066500000000001
ARM,Armenia,Asia,2031,43.618,0.043618000000000004
ABW,Aruba,Americas,1995,1.321,0.001321
ABW,Aruba,Americas,1996,1.3799999999999997,0.0013799999999999997
ABW,Aruba,Americas,1997,1.532,0.001532
ABW,Aruba,Americas,1998,1.665,0.001665
ABW,Aruba,Americas,1999,1.7229999999999999,0.001723
ABW,Aruba,Americas,2000,1.873,0.001873
ABW,Aruba,Americas,2001,1.8959999999999997,0.0018959999999999997
ABW,Aruba,Americas,2002,1.962,0.0019619999999999998
ABW,Aruba,Americas,2003,2.044,0.0020440000000000002
ABW,Aruba,Americas,2004,2.255,0.002255
ABW,Aruba,Americas,2005,2.3599999999999994,0.0023599999999999993
ABW,Aruba,Americas,2006,2.4699999999999998,0.0024699999999999995
ABW,Aruba,Americas,2007,2.678,0.002678
ABW,Aruba,Americas,2008,2.843,0.002843
ABW,Aruba,Americas,2009,2.554,0.002554
ABW,Aruba,Americas,2010,2.4539999999999997,0.0024539999999999996
ABW,Aruba,Americas,2011,2.638,0.0026379999999999997
ABW,Aruba,Americas,2012,2.6149999999999998,0.0026149999999999997
ABW,Aruba,Americas,2013,2.728,0.0027280000000000004
ABW,Aruba,Americas,2014,2.791,0.002791
ABW,Aruba,Americas,2015,2.963,0.002963
ABW,Aruba,Americas,2016,2.984,0.002984
ABW,Aruba,Americas,2017,3.0919999999999996,0.0030919999999999997
ABW,Aruba,Americas,2018,3.276,0.003276
ABW,Aruba,Americas,2019,3.347,0.003347
ABW,Aruba,Americas,2020,2.4709999999999996,0.0024709999999999997
ABW,Aruba,Americas,2021,2.881,0.002881
ABW,Aruba,Americas,2022,3.324,0.0033239999999999997
ABW,Aruba,Americas,2023,3.8709999999999996,0.0038709999999999994
ABW,Aruba,Americas,2024,4.285,0.004285
ABW,Aruba,Americas,2025,4.520999999999999,0.004520999999999999
ABW,Aruba,Americas,2026,4.671,0.004671000000000001
ABW,Aruba,Americas,2027,4.852999999999999,0.004852999999999999
ABW,Aruba,Americas,2028,5.023999999999999,0.005023999999999999
ABW,Aruba,Americas,2029,5.1979999999999995,0.0051979999999999995
ABW,Aruba,Americas,2030,5.377,0.005377
ABW,Aruba,Americas,2031,5.5569999999999995,0.0055569999999999994
AUS,Australia,Oceania,1980,163.135,0.163135
AUS,Australia,Oceania,1981,188.65300000000002,0.18865300000000002
AUS,Australia,Oceania,1982,187.291,0.18729099999999999
AUS,Australia,Oceania,1983,179.70899999999997,0.17970899999999998
AUS,Australia,Oceania,1984,197.39000000000001,0.19739
AUS,Australia,Oceania,1985,174.60999999999999,0.17461
AUS,Australia,Oceania,1986,181.712,0.18171199999999998
AUS,Australia,Oceania,1987,213.375,0.213375
AUS,Australia,Oceania,1988,271.43799999999993,0.27143799999999996
AUS,Australia,Oceania,1989,308.79399999999987,0.30879399999999985
AUS,Australia,Oceania,1990,324.567,0.324567
AUS,Australia,Oceania,1991,324.89699999999993,0.32489699999999994
AUS,Australia,Oceania,1992,318.4479999999999,0.3184479999999999
AUS,Australia,Oceania,1993,309.74,0.30974
AUS,Australia,Oceania,1994,353.899,0.353899
AUS,Australia,Oceania,1995,379.79399999999987,0.37979399999999985
AUS,Australia,Oceania,1996,425.321,0.425321
AUS,Australia,Oceania,1997,427.113,0.427113
AUS,Australia,Oceania,1998,382.1569999999999,0.3821569999999999
AUS,Australia,Oceania,1999,412.70099999999996,0.412701
AUS,Australia,Oceania,2000,401.043,0.401043
AUS,Australia,Oceania,2001,378.77599999999995,0.37877599999999995
AUS,Australia,Oceania,2002,426.22699999999986,0.42622699999999986
AUS,Australia,Oceania,2003,542.024,0.542024
AUS,Australia,Oceania,2004,659.797,0.6597970000000001
AUS,Australia,Oceania,2005,737.709,0.737709
AUS,Australia,Oceania,2006,784.874,0.7848740000000001
AUS,Australia,Oceania,2007,951.9419999999999,0.9519419999999998
AUS,Australia,Oceania,2008,1059.505,1.0595050000000001
AUS,Australia,Oceania,2009,1004.22,1.0042200000000001
AUS,Australia,Oceania,2010,1258.45,1.25845
AUS,Australia,Oceania,2011,1520.441,1.520441
AUS,Australia,Oceania,2012,1575.93,1.57593
AUS,Australia,Oceania,2013,1526.608,1.526608
AUS,Australia,Oceania,2014,1463.091,1.463091
AUS,Australia,Oceania,2015,1238.8629999999998,1.2388629999999998
AUS,Australia,Oceania,2016,1267.6599999999999,1.2676599999999998
AUS,Australia,Oceania,2017,1386.367,1.386367
AUS,Australia,Oceania,2018,1422.597,1.422597
AUS,Australia,Oceania,2019,1391.987,1.391987
AUS,Australia,Oceania,2020,1366.6689999999999,1.366669
AUS,Australia,Oceania,2021,1660.1229999999998,1.6601229999999998
AUS,Australia,Oceania,2022,1731.233,1.731233
AUS,Australia,Oceania,2023,1748.175,1.748175
AUS,Australia,Oceania,2024,1799.4180000000001,1.7994180000000002
AUS,Australia,Oceania,2025,1839.961,1.839961
AUS,Australia,Oceania,2026,2123.963,2.1239630000000003
AUS,Australia,Oceania,2027,2211.254,2.211254
AUS,Australia,Oceania,2028,2292.7859999999996,2.2927859999999995
AUS,Australia,Oceania,2029,2380.653,2.3806529999999997
AUS,Australia,Oceania,2030,2483.975,2.483975
AUS,Australia,Oceania,2031,2590.235,2.5902350000000003
AUT,Austria,Europe,1980,80.481,0.080481
AUT,Austria,Europe,1981,69.738,0.069738
AUT,Austria,Europe,1982,69.727,0.069727
AUT,Austria,Europe,1983,70.644,0.07064400000000001
AUT,Austria,Europe,1984,66.64,0.06664
AUT,Austria,Europe,1985,68.248,0.068248
AUT,Austria,Europe,1986,96.84200000000001,0.09684200000000001
AUT,Austria,Europe,1987,121.104,0.121104
AUT,Austria,Europe,1988,132.86,0.13286
AUT,Austria,Europe,1989,132.534,0.13253399999999999
AUT,Austria,Europe,1990,165.953,0.165953
AUT,Austria,Europe,1991,173.48100000000002,0.17348100000000002
AUT,Austria,Europe,1992,194.436,0.194436
AUT,Austria,Europe,1993,189.342,0.189342
AUT,Austria,Europe,1994,202.854,0.202854
AUT,Austria,Europe,1995,239.914,0.239914
AUT,Austria,Europe,1996,236.04399999999998,0.23604399999999998
AUT,Austria,Europe,1997,211.978,0.211978
AUT,Austria,Europe,1998,217.363,0.217363
AUT,Austria,Europe,1999,216.637,0.216637
AUT,Austria,Europe,2000,196.268,0.196268
AUT,Austria,Europe,2001,196.47899999999998,0.196479
AUT,Austria,Europe,2002,212.687,0.21268700000000001
AUT,Austria,Europe,2003,260.714,0.260714
AUT,Austria,Europe,2004,299.075,0.299075
AUT,Austria,Europe,2005,314.1259999999999,0.3141259999999999
AUT,Austria,Europe,2006,333.92399999999986,0.3339239999999999
AUT,Austria,Europe,2007,386.8059999999999,0.38680599999999993
AUT,Austria,Europe,2008,429.187,0.429187
AUT,Austria,Europe,2009,398.8570000000001,0.3988570000000001
AUT,Austria,Europe,2010,390.146,0.390146
AUT,Austria,Europe,2011,428.879,0.428879
AUT,Austria,Europe,2012,407.0079999999999,0.4070079999999999
AUT,Austria,Europe,2013,426.58699999999993,0.42658699999999994
AUT,Austria,Europe,2014,438.6689999999999,0.4386689999999999
AUT,Austria,Europe,2015,379.584,0.379584
AUT,Austria,Europe,2016,393.579,0.393579
AUT,Austria,Europe,2017,414.7799999999999,0.4147799999999999
AUT,Austria,Europe,2018,452.78699999999986,0.4527869999999999
AUT,Austria,Europe,2019,443.03299999999996,0.44303299999999995
AUT,Austria,Europe,2020,434.05,0.43405
AUT,Austria,Europe,2021,480.78599999999994,0.48078599999999994
AUT,Austria,Europe,2022,473.59399999999994,0.47359399999999996
AUT,Austria,Europe,2023,516.8199999999999,0.51682
AUT,Austria,Europe,2024,534.63,0.53463
AUT,Austria,Europe,2025,579.928,0.579928
AUT,Austria,Europe,2026,623.719,0.623719
AUT,Austria,Europe,2027,644.693,0.644693
AUT,Austria,Europe,2028,664.4519999999999,0.6644519999999999
AUT,Austria,Europe,2029,686.014,0.686014
AUT,Austria,Europe,2030,706.581,0.706581
AUT,Austria,Europe,2031,727.0890000000002,0.7270890000000002
AZE,Azerbaijan,Asia,1992,1.193,0.001193
AZE,Azerbaijan,Asia,1993,1.3089999999999997,0.0013089999999999996
AZE,Azerbaijan,Asia,1994,2.258,0.002258
AZE,Azerbaijan,Asia,1995,2.4169999999999994,0.0024169999999999994
AZE,Azerbaijan,Asia,1996,3.177,0.003177
AZE,Azerbaijan,Asia,1997,4.316999999999999,0.004317
AZE,Azerbaijan,Asia,1998,4.28,0.00428
AZE,Azerbaijan,Asia,1999,4.581,0.004581
AZE,Azerbaijan,Asia,2000,5.273,0.005273
AZE,Azerbaijan,Asia,2001,5.475,0.005475
AZE,Azerbaijan,Asia,2002,6.232,0.0062320000000000006
AZE,Azerbaijan,Asia,2003,7.276,0.0072759999999999995
AZE,Azerbaijan,Asia,2004,8.682,0.008682
AZE,Azerbaijan,Asia,2005,13.239,0.013239
AZE,Azerbaijan,Asia,2006,20.982999999999997,0.020982999999999998
AZE,Azerbaijan,Asia,2007,33.050000000000004,0.03305
AZE,Azerbaijan,Asia,2008,48.852,0.048852
AZE,Azerbaijan,Asia,2009,44.29700000000001,0.04429700000000001
AZE,Azerbaijan,Asia,2010,52.909000000000006,0.052909000000000005
AZE,Azerbaijan,Asia,2011,65.95200000000001,0.06595200000000001
AZE,Azerbaijan,Asia,2012,69.68399999999998,0.06968399999999998
AZE,Azerbaijan,Asia,2013,74.164,0.07416400000000001
AZE,Azerbaijan,Asia,2014,75.23500000000001,0.07523500000000001
AZE,Azerbaijan,Asia,2015,52.997,0.052997
AZE,Azerbaijan,Asia,2016,37.830000000000005,0.03783
AZE,Azerbaijan,Asia,2017,41.375,0.041375
AZE,Azerbaijan,Asia,2018,47.113,0.047113
AZE,Azerbaijan,Asia,2019,48.17400000000001,0.04817400000000001
AZE,Azerbaijan,Asia,2020,42.69300000000001,0.04269300000000001
AZE,Azerbaijan,Asia,2021,54.825,0.054825000000000006
AZE,Azerbaijan,Asia,2022,78.807,0.078807
AZE,Azerbaijan,Asia,2023,72.428,0.07242799999999999
AZE,Azerbaijan,Asia,2024,74.426,0.074426
AZE,Azerbaijan,Asia,2025,75.938,0.075938
AZE,Azerbaijan,Asia,2026,78.37199999999999,0.07837199999999998
AZE,Azerbaijan,Asia,2027,83.06,0.08306000000000001
AZE,Azerbaijan,Asia,2028,88.17499999999998,0.08817499999999999
AZE,Azerbaijan,Asia,2029,93.718,0.09371800000000001
AZE,Azerbaijan,Asia,2030,99.6,0.0996
AZE,Azerbaijan,Asia,2031,105.923,0.105923
BHS,Bahamas,Americas,1980,2.598,0.002598
BHS,Bahamas,Americas,1981,2.6919999999999997,0.0026919999999999995
BHS,Bahamas,Americas,1982,3.0309999999999997,0.003031
BHS,Bahamas,Americas,1983,3.3729999999999998,0.0033729999999999997
BHS,Bahamas,Americas,1984,3.603,0.0036030000000000003
BHS,Bahamas,Americas,1985,3.923,0.003923
BHS,Bahamas,Americas,1986,4.241,0.004241
BHS,Bahamas,Americas,1987,4.668999999999999,0.004668999999999999
BHS,Bahamas,Americas,1988,4.8549999999999995,0.004855
BHS,Bahamas,Americas,1989,5.473,0.0054729999999999996
BHS,Bahamas,Americas,1990,5.218,0.0052179999999999995
BHS,Bahamas,Americas,1991,5.127999999999999,0.005127999999999999
BHS,Bahamas,Americas,1992,5.124999999999999,0.005124999999999999
BHS,Bahamas,Americas,1993,5.0969999999999995,0.005096999999999999
BHS,Bahamas,Americas,1994,5.372,0.005372
BHS,Bahamas,Americas,1995,5.652999999999999,0.005652999999999998
BHS,Bahamas,Americas,1996,5.95,0.00595
BHS,Bahamas,Americas,1997,6.332,0.006332
BHS,Bahamas,Americas,1998,6.833,0.0068330000000000005
BHS,Bahamas,Americas,1999,7.683999999999999,0.007683999999999999
BHS,Bahamas,Americas,2000,8.076,0.008076
BHS,Bahamas,Americas,2001,8.318000000000001,0.008318
BHS,Bahamas,Americas,2002,8.881,0.008881
BHS,Bahamas,Americas,2003,8.870000000000003,0.008870000000000003
BHS,Bahamas,Americas,2004,9.055000000000001,0.009055000000000002
BHS,Bahamas,Americas,2005,9.836,0.009836000000000001
BHS,Bahamas,Americas,2006,10.167,0.010166999999999999
BHS,Bahamas,Americas,2007,10.617999999999999,0.010617999999999999
BHS,Bahamas,Americas,2008,10.526,0.010526
BHS,Bahamas,Americas,2009,9.982000000000001,0.009982000000000001
BHS,Bahamas,Americas,2010,10.096,0.010096
BHS,Bahamas,Americas,2011,10.07,0.01007
BHS,Bahamas,Americas,2012,10.72,0.01072
BHS,Bahamas,Americas,2013,10.475000000000001,0.010475000000000002
BHS,Bahamas,Americas,2014,11.139,0.011139
BHS,Bahamas,Americas,2015,11.838000000000001,0.011838000000000001
BHS,Bahamas,Americas,2016,11.881,0.011881000000000001
BHS,Bahamas,Americas,2017,12.447000000000001,0.012447000000000001
BHS,Bahamas,Americas,2018,12.819000000000003,0.012819000000000002
BHS,Bahamas,Americas,2019,13.277000000000001,0.013277
BHS,Bahamas,Americas,2020,10.363000000000001,0.010363
BHS,Bahamas,Americas,2021,12.037,0.012037
BHS,Bahamas,Americas,2022,13.897,0.013897
BHS,Bahamas,Americas,2023,15.271,0.015271000000000002
BHS,Bahamas,Americas,2024,15.833,0.015833
BHS,Bahamas,Americas,2025,16.508,0.016508
BHS,Bahamas,Americas,2026,17.042,0.017042
BHS,Bahamas,Americas,2027,17.605,0.017605
BHS,Bahamas,Americas,2028,18.207999999999995,0.018207999999999995
BHS,Bahamas,Americas,2029,18.851,0.018851
BHS,Bahamas,Americas,2030,19.513000000000005,0.019513000000000006
BHS,Bahamas,Americas,2031,20.201,0.020201
BHR,Bahrain,Asia,1980,3.745,0.003745
BHR,Bahrain,Asia,1981,4.227999999999999,0.004227999999999999
BHR,Bahrain,Asia,1982,4.445,0.004445
BHR,Bahrain,Asia,1983,4.553999999999999,0.004553999999999999
BHR,Bahrain,Asia,1984,4.726999999999999,0.004726999999999999
BHR,Bahrain,Asia,1985,4.46,0.0044599999999999996
BHR,Bahrain,Asia,1986,3.4899999999999998,0.0034899999999999996
BHR,Bahrain,Asia,1987,3.78,0.00378
BHR,Bahrain,Asia,1988,4.672,0.004672
BHR,Bahrain,Asia,1989,4.873,0.004873000000000001
BHR,Bahrain,Asia,1990,5.176,0.005176
BHR,Bahrain,Asia,1991,5.43,0.00543
BHR,Bahrain,Asia,1992,5.673,0.005673
BHR,Bahrain,Asia,1993,6.241,0.006241
BHR,Bahrain,Asia,1994,6.682999999999999,0.006682999999999999
BHR,Bahrain,Asia,1995,7.075,0.0070750000000000006
BHR,Bahrain,Asia,1996,7.356999999999999,0.007356999999999999
BHR,Bahrain,Asia,1997,7.628999999999999,0.007628999999999999
BHR,Bahrain,Asia,1998,7.293,0.007293
BHR,Bahrain,Asia,1999,7.905,0.007905
BHR,Bahrain,Asia,2000,9.447999999999999,0.009447999999999998
BHR,Bahrain,Asia,2001,9.579,0.009579
BHR,Bahrain,Asia,2002,10.001000000000001,0.010001000000000001
BHR,Bahrain,Asia,2003,11.546000000000001,0.011546
BHR,Bahrain,Asia,2004,13.709,0.013708999999999999
BHR,Bahrain,Asia,2005,16.646999999999995,0.016646999999999995
BHR,Bahrain,Asia,2006,19.291,0.019291
BHR,Bahrain,Asia,2007,22.653,0.022653
BHR,Bahrain,Asia,2008,26.803,0.026803
BHR,Bahrain,Asia,2009,23.913,0.023913
BHR,Bahrain,Asia,2010,26.806,0.026806
BHR,Bahrain,Asia,2011,29.915,0.029915
BHR,Bahrain,Asia,2012,31.962999999999997,0.031963
BHR,Bahrain,Asia,2013,33.823,0.033823
BHR,Bahrain,Asia,2014,34.773,0.034773000000000005
BHR,Bahrain,Asia,2015,32.523,0.032523
BHR,Bahrain,Asia,2016,33.885,0.033885
BHR,Bahrain,Asia,2017,37.205000000000005,0.037205
BHR,Bahrain,Asia,2018,39.568000000000005,0.039568000000000006
BHR,Bahrain,Asia,2019,40.446999999999996,0.040447
BHR,Bahrain,Asia,2020,35.838,0.035838
BHR,Bahrain,Asia,2021,40.839999999999996,0.040839999999999994
BHR,Bahrain,Asia,2022,46.458,0.046458
BHR,Bahrain,Asia,2023,46.19200000000001,0.046192000000000004
BHR,Bahrain,Asia,2024,47.21,0.04721
BHR,Bahrain,Asia,2025,47.538000000000004,0.047538000000000004
BHR,Bahrain,Asia,2026,48.849000000000004,0.048849000000000004
BHR,Bahrain,Asia,2027,50.994,0.050994
BHR,Bahrain,Asia,2028,53.033,0.053033000000000004
BHR,Bahrain,Asia,2029,55.440999999999995,0.055441
BHR,Bahrain,Asia,2030,58.16600000000001,0.05816600000000001
BHR,Bahrain,Asia,2031,61.074000000000005,0.061074
BGD,Bangladesh,Asia,1980,24.775,0.024775
BGD,Bangladesh,Asia,1981,26.355,0.026355
BGD,Bangladesh,Asia,1982,24.678,0.024678000000000002
BGD,Bangladesh,Asia,1983,23.904,0.023904
BGD,Bangladesh,Asia,1984,26.817000000000004,0.026817000000000004
BGD,Bangladesh,Asia,1985,28.819,0.028818999999999997
BGD,Bangladesh,Asia,1986,29.639,0.029639
BGD,Bangladesh,Asia,1987,32.449000000000005,0.032449000000000006
BGD,Bangladesh,Asia,1988,34.913999999999994,0.034913999999999994
BGD,Bangladesh,Asia,1989,38.07,0.03807
BGD,Bangladesh,Asia,1990,41.068000000000005,0.04106800000000001
BGD,Bangladesh,Asia,1991,42.488,0.042488
BGD,Bangladesh,Asia,1992,43.29200000000001,0.04329200000000001
BGD,Bangladesh,Asia,1993,43.684000000000005,0.04368400000000001
BGD,Bangladesh,Asia,1994,46.438,0.046438
BGD,Bangladesh,Asia,1995,51.842,0.051842
BGD,Bangladesh,Asia,1996,55.445,0.055445
BGD,Bangladesh,Asia,1997,57.59900000000001,0.05759900000000001
BGD,Bangladesh,Asia,1998,59.879000000000005,0.059879
BGD,Bangladesh,Asia,1999,61.526,0.061526000000000004
BGD,Bangladesh,Asia,2000,61.687000000000005,0.061687000000000006
BGD,Bangladesh,Asia,2001,62.537000000000006,0.06253700000000001
BGD,Bangladesh,Asia,2002,65.036,0.065036
BGD,Bangladesh,Asia,2003,71.755,0.071755
BGD,Bangladesh,Asia,2004,77.15199999999999,0.07715199999999998
BGD,Bangladesh,Asia,2005,79.53,0.07953
BGD,Bangladesh,Asia,2006,86.02799999999999,0.086028
BGD,Bangladesh,Asia,2007,95.37399999999998,0.09537399999999999
BGD,Bangladesh,Asia,2008,109.765,0.109765
BGD,Bangladesh,Asia,2009,122.76000000000002,0.12276000000000002
BGD,Bangladesh,Asia,2010,138.094,0.138094
BGD,Bangladesh,Asia,2011,154.097,0.154097
BGD,Bangladesh,Asia,2012,159.74899999999997,0.15974899999999997
BGD,Bangladesh,Asia,2013,179.676,0.17967599999999997
BGD,Bangladesh,Asia,2014,207.102,0.207102
BGD,Bangladesh,Asia,2015,233.687,0.233687
BGD,Bangladesh,Asia,2016,265.23599999999993,0.2652359999999999
BGD,Bangladesh,Asia,2017,293.755,0.293755
BGD,Bangladesh,Asia,2018,321.379,0.321379
BGD,Bangladesh,Asia,2019,351.23799999999994,0.35123799999999994
BGD,Bangladesh,Asia,2020,373.90199999999993,0.37390199999999996
BGD,Bangladesh,Asia,2021,416.265,0.416265
BGD,Bangladesh,Asia,2022,460.20099999999996,0.46020099999999997
BGD,Bangladesh,Asia,2023,451.53399999999993,0.45153399999999994
BGD,Bangladesh,Asia,2024,450.46099999999996,0.45046099999999994
BGD,Bangladesh,Asia,2025,457.904,0.457904
BGD,Bangladesh,Asia,2026,510.7049999999999,0.510705
BGD,Bangladesh,Asia,2027,539.741,0.539741
BGD,Bangladesh,Asia,2028,574.3179999999999,0.5743179999999999
BGD,Bangladesh,Asia,2029,621.977,0.621977
BGD,Bangladesh,Asia,2030,677.005,0.677005
BGD,Bangladesh,Asia,2031,740.011,0.740011
BRB,Barbados,Americas,1980,1.108,0.001108
BRB,Barbados,Americas,1981,1.2189999999999999,0.0012189999999999998
BRB,Barbados,Americas,1982,1.274,0.001274
BRB,Barbados,Americas,1983,1.352,0.0013520000000000001
BRB,Barbados,Americas,1984,1.474,0.001474
BRB,Barbados,Americas,1985,1.542,0.001542
BRB,Barbados,Americas,1986,1.693,0.001693
BRB,Barbados,Americas,1987,1.865,0.001865
BRB,Barbados,Americas,1988,1.9829999999999999,0.001983
BRB,Barbados,Americas,1989,2.195,0.002195
BRB,Barbados,Americas,1990,2.202,0.002202
BRB,Barbados,Americas,1991,2.211,0.002211
BRB,Barbados,Americas,1992,2.129,0.002129
BRB,Barbados,Americas,1993,2.257,0.0022570000000000003
BRB,Barbados,Americas,1994,2.3539999999999996,0.0023539999999999998
BRB,Barbados,Americas,1995,2.481,0.0024809999999999997
BRB,Barbados,Americas,1996,2.657,0.002657
BRB,Barbados,Americas,1997,2.8179999999999996,0.0028179999999999998
BRB,Barbados,Americas,1998,3.23,0.00323
BRB,Barbados,Americas,1999,3.3919999999999995,0.0033919999999999996
BRB,Barbados,Americas,2000,3.4989999999999997,0.0034989999999999995
BRB,Barbados,Americas,2001,3.4939999999999998,0.0034939999999999997
BRB,Barbados,Americas,2002,3.554,0.003554
BRB,Barbados,Americas,2003,3.6759999999999997,0.0036759999999999996
BRB,Barbados,Americas,2004,3.9659999999999997,0.003966
BRB,Barbados,Americas,2005,4.451,0.004450999999999999
BRB,Barbados,Americas,2006,4.969,0.004969
BRB,Barbados,Americas,2007,5.572,0.005572
BRB,Barbados,Americas,2008,5.708,0.005708
BRB,Barbados,Americas,2009,5.351,0.005351
BRB,Barbados,Americas,2010,5.429,0.005429000000000001
BRB,Barbados,Americas,2011,5.562999999999999,0.0055629999999999985
BRB,Barbados,Americas,2012,5.487,0.005487
BRB,Barbados,Americas,2013,5.659999999999999,0.005659999999999999
BRB,Barbados,Americas,2014,5.684999999999999,0.005684999999999999
BRB,Barbados,Americas,2015,5.7,0.0057
BRB,Barbados,Americas,2016,5.679,0.005679
BRB,Barbados,Americas,2017,5.8469999999999995,0.005847
BRB,Barbados,Americas,2018,6.001,0.006001
BRB,Barbados,Americas,2019,6.166999999999999,0.006166999999999999
BRB,Barbados,Americas,2020,5.403,0.005403
BRB,Barbados,Americas,2021,5.949,0.005948999999999999
BRB,Barbados,Americas,2022,6.887,0.006887
BRB,Barbados,Americas,2023,7.222999999999999,0.007222999999999999
BRB,Barbados,Americas,2024,7.597999999999999,0.007597999999999999
BRB,Barbados,Americas,2025,8.017000000000001,0.008017000000000002
BRB,Barbados,Americas,2026,8.483,0.008483000000000001
BRB,Barbados,Americas,2027,8.955000000000002,0.008955000000000001
BRB,Barbados,Americas,2028,9.375000000000002,0.009375000000000001
BRB,Barbados,Americas,2029,9.811000000000003,0.009811000000000004
BRB,Barbados,Americas,2030,10.268,0.010268000000000001
BRB,Barbados,Americas,2031,10.75,0.01075
BLR,Belarus,Europe,1992,12.800000000000002,0.012800000000000002
BLR,Belarus,Europe,1993,11.408000000000001,0.011408000000000001
BLR,Belarus,Europe,1994,15.687000000000001,0.015687
BLR,Belarus,Europe,1995,10.532,0.010532
BLR,Belarus,Europe,1996,14.494,0.014494
BLR,Belarus,Europe,1997,14.091000000000001,0.014091000000000001
BLR,Belarus,Europe,1998,15.215,0.015215
BLR,Belarus,Europe,1999,12.133000000000001,0.012133000000000001
BLR,Belarus,Europe,2000,10.785,0.010785
BLR,Belarus,Europe,2001,12.777999999999999,0.012778
BLR,Belarus,Europe,2002,15.092000000000002,0.015092000000000003
BLR,Belarus,Europe,2003,18.42,0.018420000000000002
BLR,Belarus,Europe,2004,23.927999999999997,0.023927999999999998
BLR,Belarus,Europe,2005,31.239,0.031239
BLR,Belarus,Europe,2006,38.219,0.038219
BLR,Belarus,Europe,2007,46.815,0.046814999999999996
BLR,Belarus,Europe,2008,62.79800000000001,0.062798
BLR,Belarus,Europe,2009,50.855,0.050855
BLR,Belarus,Europe,2010,57.220000000000006,0.05722000000000001
BLR,Belarus,Europe,2011,61.368,0.061368
BLR,Belarus,Europe,2012,65.66899999999998,0.06566899999999998
BLR,Belarus,Europe,2013,75.496,0.075496
BLR,Belarus,Europe,2014,78.736,0.078736
BLR,Belarus,Europe,2015,56.329,0.056329000000000004
BLR,Belarus,Europe,2016,47.703,0.047703
BLR,Belarus,Europe,2017,54.72300000000001,0.054723000000000015
BLR,Belarus,Europe,2018,60.010999999999996,0.060010999999999995
BLR,Belarus,Europe,2019,64.41400000000002,0.06441400000000001
BLR,Belarus,Europe,2020,61.312,0.061312
BLR,Belarus,Europe,2021,68.207,0.06820699999999999
BLR,Belarus,Europe,2022,73.73500000000001,0.07373500000000001
BLR,Belarus,Europe,2023,71.792,0.071792
BLR,Belarus,Europe,2024,78.847,0.078847
BLR,Belarus,Europe,2025,92.766,0.092766
BLR,Belarus,Europe,2026,102.042,0.10204200000000001
BLR,Belarus,Europe,2027,107.41800000000002,0.10741800000000003
BLR,Belarus,Europe,2028,113.306,0.113306
BLR,Belarus,Europe,2029,120.533,0.120533
BLR,Belarus,Europe,2030,127.10899999999998,0.12710899999999997
BLR,Belarus,Europe,2031,133.483,0.133483
BEL,Belgium,Europe,1980,123.479,0.123479
BEL,Belgium,Europe,1981,102.245,0.102245
BEL,Belgium,Europe,1982,89.959,0.089959
BEL,Belgium,Europe,1983,85.037,0.085037
BEL,Belgium,Europe,1984,81.237,0.08123699999999999
BEL,Belgium,Europe,1985,84.468,0.084468
BEL,Belgium,Europe,1986,117.063,0.117063
BEL,Belgium,Europe,1987,145.412,0.145412
BEL,Belgium,Europe,1988,158.098,0.15809800000000002
BEL,Belgium,Europe,1989,159.817,0.15981700000000001
BEL,Belgium,Europe,1990,200.15,0.20015
BEL,Belgium,Europe,1991,205.37,0.20537
BEL,Belgium,Europe,1992,228.73299999999998,0.22873299999999996
BEL,Belgium,Europe,1993,218.721,0.218721
BEL,Belgium,Europe,1994,238.62300000000002,0.23862300000000003
BEL,Belgium,Europe,1995,288.302,0.288302
BEL,Belgium,Europe,1996,279.29199999999986,0.2792919999999999
BEL,Belgium,Europe,1997,253.02200000000002,0.253022
BEL,Belgium,Europe,1998,258.8759999999999,0.25887599999999994
BEL,Belgium,Europe,1999,258.503,0.258503
BEL,Belgium,Europe,2000,236.89700000000002,0.23689700000000002
BEL,Belgium,Europe,2001,236.748,0.236748
BEL,Belgium,Europe,2002,258.2,0.2582
BEL,Belgium,Europe,2003,318.004,0.318004
BEL,Belgium,Europe,2004,369.0470000000001,0.36904700000000007
BEL,Belgium,Europe,2005,385.92699999999996,0.38592699999999996
BEL,Belgium,Europe,2006,408.28099999999995,0.40828099999999995
BEL,Belgium,Europe,2007,470.97799999999995,0.47097799999999995
BEL,Belgium,Europe,2008,517.2710000000001,0.517271
BEL,Belgium,Europe,2009,484.48799999999994,0.4844879999999999
BEL,Belgium,Europe,2010,481.949,0.481949
BEL,Belgium,Europe,2011,527.106,0.527106
BEL,Belgium,Europe,2012,498.73099999999994,0.4987309999999999
BEL,Belgium,Europe,2013,524.106,0.524106
BEL,Belgium,Europe,2014,538.1269999999998,0.5381269999999998
BEL,Belgium,Europe,2015,461.09099999999995,0.461091
BEL,Belgium,Europe,2016,474.141,0.47414100000000003
BEL,Belgium,Europe,2017,500.73299999999995,0.500733
BEL,Belgium,Europe,2018,542.885,0.542885
BEL,Belgium,Europe,2019,536.787,0.536787
BEL,Belgium,Europe,2020,529.269,0.529269
BEL,Belgium,Europe,2021,598.92,0.59892
BEL,Belgium,Europe,2022,591.5509999999999,0.5915509999999999
BEL,Belgium,Europe,2023,651.518,0.651518
BEL,Belgium,Europe,2024,671.168,0.671168
BEL,Belgium,Europe,2025,724.9169999999999,0.7249169999999999
BEL,Belgium,Europe,2026,776.73,0.77673
BEL,Belgium,Europe,2027,797.019,0.797019
BEL,Belgium,Europe,2028,816.9619999999999,0.8169619999999999
BEL,Belgium,Europe,2029,840.792,0.840792
BEL,Belgium,Europe,2030,863.759,0.863759
BEL,Belgium,Europe,2031,887.607,0.8876069999999999
BLZ,Belize,Americas,1980,0.229,2.29e-4
BLZ,Belize,Americas,1981,0.23800000000000002,2.38e-4
BLZ,Belize,Americas,1982,0.23800000000000002,2.38e-4
BLZ,Belize,Americas,1983,0.251,2.51e-4
BLZ,Belize,Americas,1984,0.2800000000000001,2.800000000000001e-4
BLZ,Belize,Americas,1985,0.278,2.7800000000000004e-4
BLZ,Belize,Americas,1986,0.30200000000000005,3.02e-4
BLZ,Belize,Americas,1987,0.354,3.54e-4
BLZ,Belize,Americas,1988,0.41800000000000004,4.18e-4
BLZ,Belize,Americas,1989,0.48200000000000004,4.8200000000000006e-4
BLZ,Belize,Americas,1990,0.547,5.470000000000001e-4
BLZ,Belize,Americas,1991,0.597,5.97e-4
BLZ,Belize,Americas,1992,0.6959999999999998,6.959999999999998e-4
BLZ,Belize,Americas,1993,0.752,7.52e-4
BLZ,Belize,Americas,1994,0.772,7.72e-4
BLZ,Belize,Americas,1995,0.819,8.19e-4
BLZ,Belize,Americas,1996,0.8500000000000001,8.500000000000001e-4
BLZ,Belize,Americas,1997,0.8730000000000001,8.730000000000001e-4
BLZ,Belize,Americas,1998,0.929,9.29e-4
BLZ,Belize,Americas,1999,1,0.001
BLZ,Belize,Americas,2000,1.1379999999999997,0.0011379999999999997
BLZ,Belize,Americas,2001,1.1719999999999997,0.0011719999999999996
BLZ,Belize,Americas,2002,1.244,0.001244
BLZ,Belize,Americas,2003,1.308,0.0013080000000000001
BLZ,Belize,Americas,2004,1.3999999999999997,0.0013999999999999998
BLZ,Belize,Americas,2005,1.474,0.001474
BLZ,Belize,Americas,2006,1.59,0.00159
BLZ,Belize,Americas,2007,1.706,0.001706
BLZ,Belize,Americas,2008,1.738,0.001738
BLZ,Belize,Americas,2009,1.6879999999999997,0.0016879999999999998
BLZ,Belize,Americas,2010,1.7489999999999999,0.001749
BLZ,Belize,Americas,2011,1.832,0.001832
BLZ,Belize,Americas,2012,1.9169999999999998,0.0019169999999999999
BLZ,Belize,Americas,2013,2.0349999999999997,0.0020349999999999995
BLZ,Belize,Americas,2014,2.138,0.0021379999999999997
BLZ,Belize,Americas,2015,2.193,0.002193
BLZ,Belize,Americas,2016,2.24,0.0022400000000000002
BLZ,Belize,Americas,2017,2.266,0.0022660000000000002
BLZ,Belize,Americas,2018,2.286,0.002286
BLZ,Belize,Americas,2019,2.381,0.002381
BLZ,Belize,Americas,2020,2.047,0.002047
BLZ,Belize,Americas,2021,2.429,0.0024289999999999997
BLZ,Belize,Americas,2022,2.847,0.002847
BLZ,Belize,Americas,2023,3.0519999999999996,0.0030519999999999996
BLZ,Belize,Americas,2024,3.204,0.0032040000000000003
BLZ,Belize,Americas,2025,3.327,0.003327
BLZ,Belize,Americas,2026,3.4499999999999997,0.00345
BLZ,Belize,Americas,2027,3.577,0.003577
BLZ,Belize,Americas,2028,3.695,0.003695
BLZ,Belize,Americas,2029,3.8159999999999994,0.0038159999999999995
BLZ,Belize,Americas,2030,3.941,0.003941
BLZ,Belize,Americas,2031,4.071,0.004071
BEN,Benin,Africa,1980,2.3019999999999996,0.002302
BEN,Benin,Africa,1981,1.5569999999999997,0.0015569999999999998
BEN,Benin,Africa,1982,1.542,0.001542
BEN,Benin,Africa,1983,1.365,0.001365
BEN,Benin,Africa,1984,1.456,0.001456
BEN,Benin,Africa,1985,1.58,0.00158
BEN,Benin,Africa,1986,2.0359999999999996,0.0020359999999999996
BEN,Benin,Africa,1987,2.4299999999999997,0.00243
BEN,Benin,Africa,1988,2.5519999999999996,0.0025519999999999996
BEN,Benin,Africa,1989,2.3699999999999997,0.0023699999999999997
BEN,Benin,Africa,1990,2.8899999999999997,0.0028899999999999998
BEN,Benin,Africa,1991,2.9539999999999997,0.0029539999999999996
BEN,Benin,Africa,1992,3.2840000000000003,0.0032840000000000005
BEN,Benin,Africa,1993,3.199,0.003199
BEN,Benin,Africa,1994,2.227,0.002227
BEN,Benin,Africa,1995,2.9929999999999994,0.0029929999999999996
BEN,Benin,Africa,1996,3.251,0.003251
BEN,Benin,Africa,1997,3.124,0.003124
BEN,Benin,Africa,1998,3.3619999999999997,0.0033619999999999995
BEN,Benin,Africa,1999,3.681,0.0036810000000000002
BEN,Benin,Africa,2000,3.522,0.003522
BEN,Benin,Africa,2001,3.666,0.003666
BEN,Benin,Africa,2002,4.190999999999999,0.0041909999999999985
BEN,Benin,Africa,2003,5.347999999999999,0.005347999999999999
BEN,Benin,Africa,2004,6.186999999999999,0.006187
BEN,Benin,Africa,2005,6.571,0.006571
BEN,Benin,Africa,2006,7.034,0.0070339999999999995
BEN,Benin,Africa,2007,8.170000000000003,0.008170000000000004
BEN,Benin,Africa,2008,9.786999999999999,0.009786999999999999
BEN,Benin,Africa,2009,9.728,0.009728
BEN,Benin,Africa,2010,9.543000000000001,0.009543000000000001
BEN,Benin,Africa,2011,10.691,0.010691
BEN,Benin,Africa,2012,11.147999999999998,0.011147999999999998
BEN,Benin,Africa,2013,12.518,0.012518000000000001
BEN,Benin,Africa,2014,13.287999999999998,0.013287999999999998
BEN,Benin,Africa,2015,11.389000000000001,0.011389000000000002
BEN,Benin,Africa,2016,11.818,0.011818
BEN,Benin,Africa,2017,12.766,0.012766
BEN,Benin,Africa,2018,14.346,0.014346
BEN,Benin,Africa,2019,14.697000000000001,0.014697000000000002
BEN,Benin,Africa,2020,15.674000000000001,0.015674
BEN,Benin,Africa,2021,17.699000000000005,0.017699000000000006
BEN,Benin,Africa,2022,17.439,0.017439
BEN,Benin,Africa,2023,19.678999999999995,0.019678999999999995
BEN,Benin,Africa,2024,21.48699999999999,0.021486999999999992
BEN,Benin,Africa,2025,24.381999999999998,0.024381999999999997
BEN,Benin,Africa,2026,27.785999999999998,0.027785999999999998
BEN,Benin,Africa,2027,30.178999999999995,0.030178999999999994
BEN,Benin,Africa,2028,32.731,0.032731
BEN,Benin,Africa,2029,35.543000000000006,0.035543000000000005
BEN,Benin,Africa,2030,38.455999999999996,0.038456
BEN,Benin,Africa,2031,41.601000000000006,0.041601000000000006
BTN,Bhutan,Asia,1980,0.132,1.32e-4
BTN,Bhutan,Asia,1981,0.14300000000000002,1.43e-4
BTN,Bhutan,Asia,1982,0.15000000000000002,1.5000000000000001e-4
BTN,Bhutan,Asia,1983,0.162,1.62e-4
BTN,Bhutan,Asia,1984,0.168,1.6800000000000002e-4
BTN,Bhutan,Asia,1985,0.17400000000000002,1.7400000000000003e-4
BTN,Bhutan,Asia,1986,0.197,1.9700000000000002e-4
BTN,Bhutan,Asia,1987,0.23800000000000002,2.38e-4
BTN,Bhutan,Asia,1988,0.273,2.73e-4
BTN,Bhutan,Asia,1989,0.272,2.72e-4
BTN,Bhutan,Asia,1990,0.29300000000000004,2.93e-4
BTN,Bhutan,Asia,1991,0.254,2.54e-4
BTN,Bhutan,Asia,1992,0.24800000000000003,2.48e-4
BTN,Bhutan,Asia,1993,0.26,2.6000000000000003e-4
BTN,Bhutan,Asia,1994,0.263,2.63e-4
BTN,Bhutan,Asia,1995,0.308,3.08e-4
BTN,Bhutan,Asia,1996,0.324,3.24e-4
BTN,Bhutan,Asia,1997,0.36200000000000004,3.62e-4
BTN,Bhutan,Asia,1998,0.398,3.98e-4
BTN,Bhutan,Asia,1999,0.41800000000000004,4.18e-4
BTN,Bhutan,Asia,2000,0.454,4.5400000000000003e-4
BTN,Bhutan,Asia,2001,0.47400000000000003,4.7400000000000003e-4
BTN,Bhutan,Asia,2002,0.517,5.17e-4
BTN,Bhutan,Asia,2003,0.616,6.16e-4
BTN,Bhutan,Asia,2004,0.7,7e-4
BTN,Bhutan,Asia,2005,0.818,8.179999999999999e-4
BTN,Bhutan,Asia,2006,0.8760000000000001,8.760000000000002e-4
BTN,Bhutan,Asia,2007,1.071,0.001071
BTN,Bhutan,Asia,2008,1.359,0.001359
BTN,Bhutan,Asia,2009,1.2729999999999997,0.0012729999999999996
BTN,Bhutan,Asia,2010,1.5289999999999997,0.0015289999999999998
BTN,Bhutan,Asia,2011,1.8799999999999997,0.0018799999999999997
BTN,Bhutan,Asia,2012,1.966,0.001966
BTN,Bhutan,Asia,2013,1.9949999999999999,0.001995
BTN,Bhutan,Asia,2014,1.962,0.0019619999999999998
BTN,Bhutan,Asia,2015,2.159,0.002159
BTN,Bhutan,Asia,2016,2.252,0.0022519999999999997
BTN,Bhutan,Asia,2017,2.4619999999999997,0.0024619999999999998
BTN,Bhutan,Asia,2018,2.651,0.0026509999999999997
BTN,Bhutan,Asia,2019,2.618,0.0026179999999999997
BTN,Bhutan,Asia,2020,2.586,0.0025859999999999998
BTN,Bhutan,Asia,2021,2.621,0.002621
BTN,Bhutan,Asia,2022,2.8659999999999997,0.0028659999999999996
BTN,Bhutan,Asia,2023,2.9199999999999995,0.0029199999999999994
BTN,Bhutan,Asia,2024,3.147,0.0031469999999999996
BTN,Bhutan,Asia,2025,3.4739999999999998,0.0034739999999999997
BTN,Bhutan,Asia,2026,3.8559999999999994,0.0038559999999999996
BTN,Bhutan,Asia,2027,4.247,0.004247
BTN,Bhutan,Asia,2028,4.653999999999999,0.004653999999999999
BTN,Bhutan,Asia,2029,5.160999999999999,0.005160999999999999
BTN,Bhutan,Asia,2030,5.683999999999999,0.005683999999999999
BTN,Bhutan,Asia,2031,6.209,0.006208999999999999
BOL,Bolivia,Americas,1980,3.774,0.003774
BOL,Bolivia,Americas,1981,3.617,0.003617
BOL,Bolivia,Americas,1982,4.009,0.004009
BOL,Bolivia,Americas,1983,3.795,0.0037949999999999998
BOL,Bolivia,Americas,1984,3.945,0.003945
BOL,Bolivia,Americas,1985,4.267999999999999,0.004267999999999999
BOL,Bolivia,Americas,1986,4.174999999999999,0.004174999999999999
BOL,Bolivia,Americas,1987,4.546,0.0045460000000000006
BOL,Bolivia,Americas,1988,4.835,0.004835
BOL,Bolivia,Americas,1989,4.959,0.004959
BOL,Bolivia,Americas,1990,5.117999999999999,0.005117999999999999
BOL,Bolivia,Americas,1991,5.656999999999999,0.005656999999999999
BOL,Bolivia,Americas,1992,6.021999999999999,0.006022
BOL,Bolivia,Americas,1993,6.151999999999999,0.0061519999999999995
BOL,Bolivia,Americas,1994,6.43,0.00643
BOL,Bolivia,Americas,1995,7.254999999999999,0.007254999999999999
BOL,Bolivia,Americas,1996,8.036000000000001,0.008036000000000001
BOL,Bolivia,Americas,1997,8.702,0.008702
BOL,Bolivia,Americas,1998,9.439,0.009439
BOL,Bolivia,Americas,1999,9.206000000000001,0.009206
BOL,Bolivia,Americas,2000,9.371,0.009371
BOL,Bolivia,Americas,2001,9.100000000000001,0.009100000000000002
BOL,Bolivia,Americas,2002,8.895000000000001,0.008895000000000002
BOL,Bolivia,Americas,2003,9.056000000000003,0.009056000000000003
BOL,Bolivia,Americas,2004,9.790000000000001,0.00979
BOL,Bolivia,Americas,2005,10.75,0.01075
BOL,Bolivia,Americas,2006,12.897,0.012897
BOL,Bolivia,Americas,2007,14.91,0.01491
BOL,Bolivia,Americas,2008,19.078,0.019077999999999998
BOL,Bolivia,Americas,2009,20.071000000000005,0.020071000000000006
BOL,Bolivia,Americas,2010,22.698,0.022698
BOL,Bolivia,Americas,2011,27.915,0.027915
BOL,Bolivia,Americas,2012,31.443999999999996,0.03144399999999999
BOL,Bolivia,Americas,2013,35.965,0.035965000000000004
BOL,Bolivia,Americas,2014,39.306999999999995,0.039306999999999995
BOL,Bolivia,Americas,2015,40.034000000000006,0.04003400000000001
BOL,Bolivia,Americas,2016,41.606,0.041606000000000004
BOL,Bolivia,Americas,2017,46.26200000000001,0.046262000000000005
BOL,Bolivia,Americas,2018,48.767,0.048767000000000005
BOL,Bolivia,Americas,2019,49.413999999999994,0.04941399999999999
BOL,Bolivia,Americas,2020,42.62200000000001,0.04262200000000001
BOL,Bolivia,Americas,2021,48.22700000000001,0.04822700000000001
BOL,Bolivia,Americas,2022,51.330999999999996,0.051330999999999995
BOL,Bolivia,Americas,2023,52.72200000000001,0.052722000000000005
BOL,Bolivia,Americas,2024,55.281000000000006,0.055281000000000004
BOL,Bolivia,Americas,2025,64.25,0.06425
BOL,Bolivia,Americas,2026,80.743,0.080743
BIH,Bosnia & Herzegovina,Europe,1996,3.584,0.003584
BIH,Bosnia & Herzegovina,Europe,1997,4.578,0.0045780000000000005
BIH,Bosnia & Herzegovina,Europe,1998,5.281,0.005281
BIH,Bosnia & Herzegovina,Europe,1999,5.766,0.005766
BIH,Bosnia & Herzegovina,Europe,2000,5.567999999999999,0.005567999999999998
BIH,Bosnia & Herzegovina,Europe,2001,5.801,0.005801
BIH,Bosnia & Herzegovina,Europe,2002,6.727999999999999,0.006727999999999999
BIH,Bosnia & Herzegovina,Europe,2003,8.499,0.008499000000000001
BIH,Bosnia & Herzegovina,Europe,2004,10.17,0.01017
BIH,Bosnia & Herzegovina,Europe,2005,11.233,0.011233
BIH,Bosnia & Herzegovina,Europe,2006,12.877000000000002,0.012877000000000003
BIH,Bosnia & Herzegovina,Europe,2007,15.801,0.015801
BIH,Bosnia & Herzegovina,Europe,2008,19.188,0.019188
BIH,Bosnia & Herzegovina,Europe,2009,17.666,0.017666
BIH,Bosnia & Herzegovina,Europe,2010,17.207,0.017207
BIH,Bosnia & Herzegovina,Europe,2011,18.665,0.018664999999999998
BIH,Bosnia & Herzegovina,Europe,2012,17.236999999999995,0.017236999999999995
BIH,Bosnia & Herzegovina,Europe,2013,18.184,0.018184000000000002
BIH,Bosnia & Herzegovina,Europe,2014,18.587999999999997,0.018587999999999997
BIH,Bosnia & Herzegovina,Europe,2015,16.413,0.016413
BIH,Bosnia & Herzegovina,Europe,2016,17.124,0.017124
BIH,Bosnia & Herzegovina,Europe,2017,18.363,0.018363
BIH,Bosnia & Herzegovina,Europe,2018,20.504,0.020504
BIH,Bosnia & Herzegovina,Europe,2019,20.484999999999996,0.020484999999999996
BIH,Bosnia & Herzegovina,Europe,2020,20.263999999999996,0.020263999999999997
BIH,Bosnia & Herzegovina,Europe,2021,23.688,0.023687999999999997
BIH,Bosnia & Herzegovina,Europe,2022,24.581,0.024581
BIH,Bosnia & Herzegovina,Europe,2023,27.606000000000005,0.027606000000000006
BIH,Bosnia & Herzegovina,Europe,2024,29.738,0.029738
BIH,Bosnia & Herzegovina,Europe,2025,32.962,0.032962000000000005
BIH,Bosnia & Herzegovina,Europe,2026,36.771,0.036771
BIH,Bosnia & Herzegovina,Europe,2027,38.913999999999994,0.038914
BIH,Bosnia & Herzegovina,Europe,2028,40.862,0.040862
BIH,Bosnia & Herzegovina,Europe,2029,43.040000000000006,0.04304000000000001
BIH,Bosnia & Herzegovina,Europe,2030,45.29100000000001,0.04529100000000001
BIH,Bosnia & Herzegovina,Europe,2031,47.660000000000004,0.04766
BWA,Botswana,Africa,1980,1.1739999999999997,0.0011739999999999997
BWA,Botswana,Africa,1981,1.0369999999999997,0.0010369999999999997
BWA,Botswana,Africa,1982,1.094,0.0010940000000000001
BWA,Botswana,Africa,1983,1.208,0.0012079999999999999
BWA,Botswana,Africa,1984,1.2,0.0012
BWA,Botswana,Africa,1985,1.117,0.001117
BWA,Botswana,Africa,1986,1.5149999999999997,0.0015149999999999996
BWA,Botswana,Africa,1987,2.3739999999999997,0.002374
BWA,Botswana,Africa,1988,3.082,0.0030819999999999997
BWA,Botswana,Africa,1989,3.441,0.003441
BWA,Botswana,Africa,1990,3.799,0.003799
BWA,Botswana,Africa,1991,3.8019999999999996,0.0038019999999999994
BWA,Botswana,Africa,1992,3.928,0.003928
BWA,Botswana,Africa,1993,3.9569999999999994,0.003957
BWA,Botswana,Africa,1994,4.258,0.004258
BWA,Botswana,Africa,1995,4.804999999999999,0.0048049999999999985
BWA,Botswana,Africa,1996,4.926,0.004926
BWA,Botswana,Africa,1997,5.011,0.005011
BWA,Botswana,Africa,1998,4.807999999999999,0.004807999999999999
BWA,Botswana,Africa,1999,5.413,0.005413
BWA,Botswana,Africa,2000,5.6819999999999995,0.0056819999999999996
BWA,Botswana,Africa,2001,5.46,0.00546
BWA,Botswana,Africa,2002,5.394999999999999,0.005394999999999999
BWA,Botswana,Africa,2003,7.469,0.007469
BWA,Botswana,Africa,2004,8.819,0.008819
BWA,Botswana,Africa,2005,9.833,0.009833
BWA,Botswana,Africa,2006,9.919,0.009919
BWA,Botswana,Africa,2007,10.566000000000003,0.010566000000000002
BWA,Botswana,Africa,2008,10.730999999999998,0.010730999999999997
BWA,Botswana,Africa,2009,10.117999999999999,0.010117999999999999
BWA,Botswana,Africa,2010,12.636999999999999,0.012636999999999999
BWA,Botswana,Africa,2011,15.111,0.015111000000000001
BWA,Botswana,Africa,2012,13.907,0.013907
BWA,Botswana,Africa,2013,14.272,0.014272
BWA,Botswana,Africa,2014,15.470000000000002,0.015470000000000003
BWA,Botswana,Africa,2015,13.531,0.013531000000000001
BWA,Botswana,Africa,2016,15.083,0.015083000000000001
BWA,Botswana,Africa,2017,16.105,0.016105
BWA,Botswana,Africa,2018,17.032,0.017032
BWA,Botswana,Africa,2019,16.696000000000005,0.016696000000000006
BWA,Botswana,Africa,2020,14.93,0.01493
BWA,Botswana,Africa,2021,18.75,0.01875
BWA,Botswana,Africa,2022,20.321000000000005,0.020321000000000006
BWA,Botswana,Africa,2023,19.411,0.019411
BWA,Botswana,Africa,2024,19.356000000000005,0.019356000000000005
BWA,Botswana,Africa,2025,19.533,0.019533000000000002
BWA,Botswana,Africa,2026,21.937,0.021937
BWA,Botswana,Africa,2027,23.661,0.023661
BWA,Botswana,Africa,2028,25.4,0.0254
BWA,Botswana,Africa,2029,28.042,0.028042
BWA,Botswana,Africa,2030,30.927999999999997,0.030927999999999997
BWA,Botswana,Africa,2031,33.580000000000005,0.033580000000000006
BRA,Brazil,Americas,1980,145.81900000000002,0.145819
BRA,Brazil,Americas,1981,167.583,0.167583
BRA,Brazil,Americas,1982,179.166,0.179166
BRA,Brazil,Americas,1983,143.65200000000002,0.143652
BRA,Brazil,Americas,1984,142.95700000000002,0.14295700000000003
BRA,Brazil,Americas,1985,226.93800000000002,0.22693800000000003
BRA,Brazil,Americas,1986,263.2559999999999,0.26325599999999993
BRA,Brazil,Americas,1987,286.53899999999993,0.28653899999999993
BRA,Brazil,Americas,1988,320.105,0.32010500000000003
BRA,Brazil,Americas,1989,439.434,0.43943400000000005
BRA,Brazil,Americas,1990,455.3349999999999,0.45533499999999993
BRA,Brazil,Americas,1991,399.249,0.399249
BRA,Brazil,Americas,1992,382.4649999999999,0.38246499999999994
BRA,Brazil,Americas,1993,429.1840000000001,0.42918400000000007
BRA,Brazil,Americas,1994,546.764,0.546764
BRA,Brazil,Americas,1995,770.8599999999999,0.7708599999999999
BRA,Brazil,Americas,1996,851.146,0.851146
BRA,Brazil,Americas,1997,883.8619999999999,0.8838619999999998
BRA,Brazil,Americas,1998,864.3069999999999,0.8643069999999999
BRA,Brazil,Americas,1999,599.6419999999999,0.5996419999999999
BRA,Brazil,Americas,2000,655.4539999999998,0.6554539999999999
BRA,Brazil,Americas,2001,559.982,0.559982
BRA,Brazil,Americas,2002,509.79799999999994,0.509798
BRA,Brazil,Americas,2003,558.232,0.558232
BRA,Brazil,Americas,2004,669.2900000000001,0.66929
BRA,Brazil,Americas,2005,891.633,0.891633
BRA,Brazil,Americas,2006,1107.628,1.1076279999999998
BRA,Brazil,Americas,2007,1397.1139999999998,1.3971139999999997
BRA,Brazil,Americas,2008,1695.855,1.6958550000000001
BRA,Brazil,Americas,2009,1669.204,1.669204
BRA,Brazil,Americas,2010,2208.7039999999997,2.2087039999999996
BRA,Brazil,Americas,2011,2614.027,2.614027
BRA,Brazil,Americas,2012,2464.053,2.464053
BRA,Brazil,Americas,2013,2471.718,2.4717179999999996
BRA,Brazil,Americas,2014,2456.055,2.4560549999999997
BRA,Brazil,Americas,2015,1800.046,1.800046
BRA,Brazil,Americas,2016,1796.6219999999998,1.796622
BRA,Brazil,Americas,2017,2063.519,2.063519
BRA,Brazil,Americas,2018,1916.934,1.916934
BRA,Brazil,Americas,2019,1873.286,1.873286
BRA,Brazil,Americas,2020,1476.0919999999999,1.476092
BRA,Brazil,Americas,2021,1670.6499999999999,1.67065
BRA,Brazil,Americas,2022,1951.849,1.951849
BRA,Brazil,Americas,2023,2191.137,2.1911370000000003
BRA,Brazil,Americas,2024,2185.822,2.185822
BRA,Brazil,Americas,2025,2279.918,2.2799180000000003
BRA,Brazil,Americas,2026,2635.9120000000003,2.6359120000000003
BRA,Brazil,Americas,2027,2766.558,2.766558
BRA,Brazil,Americas,2028,2879.42,2.87942
BRA,Brazil,Americas,2029,3037.171,3.037171
BRA,Brazil,Americas,2030,3203.508,3.203508
BRA,Brazil,Americas,2031,3378.8770000000004,3.3788770000000006
BRN,Brunei,Asia,1985,4.831,0.004831
BRN,Brunei,Asia,1986,3.291,0.003291
BRN,Brunei,Asia,1987,3.8719999999999994,0.0038719999999999996
BRN,Brunei,Asia,1988,3.689,0.003689
BRN,Brunei,Asia,1989,4.109,0.004109
BRN,Brunei,Asia,1990,4.923,0.004923
BRN,Brunei,Asia,1991,5.254,0.005254
BRN,Brunei,Asia,1992,5.525999999999999,0.005525999999999999
BRN,Brunei,Asia,1993,5.588,0.005588
BRN,Brunei,Asia,1994,6.002,0.0060019999999999995
BRN,Brunei,Asia,1995,7.152999999999999,0.007152999999999999
BRN,Brunei,Asia,1996,7.204,0.0072039999999999995
BRN,Brunei,Asia,1997,7.043,0.007043
BRN,Brunei,Asia,1998,5.352999999999999,0.005352999999999999
BRN,Brunei,Asia,1999,5.779,0.005779
BRN,Brunei,Asia,2000,6.6499999999999995,0.00665
BRN,Brunei,Asia,2001,6.206,0.006206000000000001
BRN,Brunei,Asia,2002,6.475,0.006475
BRN,Brunei,Asia,2003,7.266,0.007266
BRN,Brunei,Asia,2004,8.722999999999999,0.008722999999999998
BRN,Brunei,Asia,2005,10.561,0.010561
BRN,Brunei,Asia,2006,12.71,0.01271
BRN,Brunei,Asia,2007,13.571,0.013571
BRN,Brunei,Asia,2008,15.949,0.015949
BRN,Brunei,Asia,2009,11.892000000000001,0.011892000000000002
BRN,Brunei,Asia,2010,13.710999999999999,0.013711
BRN,Brunei,Asia,2011,18.524,0.018524000000000002
BRN,Brunei,Asia,2012,19.050999999999995,0.019050999999999995
BRN,Brunei,Asia,2013,18.094,0.018094000000000002
BRN,Brunei,Asia,2014,17.093,0.017093
BRN,Brunei,Asia,2015,12.933,0.012933
BRN,Brunei,Asia,2016,11.403,0.011403
BRN,Brunei,Asia,2017,12.13,0.01213
BRN,Brunei,Asia,2018,13.564,0.013564
BRN,Brunei,Asia,2019,13.472000000000001,0.013472000000000001
BRN,Brunei,Asia,2020,12.008000000000001,0.012008000000000001
BRN,Brunei,Asia,2021,14.008000000000001,0.014008000000000001
BRN,Brunei,Asia,2022,16.684,0.016684
BRN,Brunei,Asia,2023,15.098,0.015098
BRN,Brunei,Asia,2024,15.334,0.015334
BRN,Brunei,Asia,2025,15.942,0.015942
BRN,Brunei,Asia,2026,16.863,0.016863
BRN,Brunei,Asia,2027,17.581,0.017581
BRN,Brunei,Asia,2028,18.318,0.018318
BRN,Brunei,Asia,2029,19.013000000000005,0.019013000000000006
BRN,Brunei,Asia,2030,19.803999999999995,0.019803999999999995
BRN,Brunei,Asia,2031,20.662,0.020662
BGR,Bulgaria,Europe,1980,37.751000000000005,0.03775100000000001
BGR,Bulgaria,Europe,1981,40.71800000000001,0.04071800000000001
BGR,Bulgaria,Europe,1982,42.467000000000006,0.042467000000000005
BGR,Bulgaria,Europe,1983,43.641000000000005,0.043641000000000006
BGR,Bulgaria,Europe,1984,46.358,0.046357999999999996
BGR,Bulgaria,Europe,1985,39.69200000000001,0.039692000000000005
BGR,Bulgaria,Europe,1986,35.13,0.03513
BGR,Bulgaria,Europe,1987,40.72100000000001,0.040721000000000014
BGR,Bulgaria,Europe,1988,66.546,0.06654600000000001
BGR,Bulgaria,Europe,1989,67.774,0.067774
BGR,Bulgaria,Europe,1990,29.881999999999998,0.029882
BGR,Bulgaria,Europe,1991,2.928,0.002928
BGR,Bulgaria,Europe,1992,11.882000000000001,0.011882000000000002
BGR,Bulgaria,Europe,1993,6.449,0.006449
BGR,Bulgaria,Europe,1994,11.338000000000001,0.011338
BGR,Bulgaria,Europe,1995,18.991999999999997,0.018992
BGR,Bulgaria,Europe,1996,12.295,0.012295
BGR,Bulgaria,Europe,1997,11.317,0.011317
BGR,Bulgaria,Europe,1998,15.031,0.015031000000000001
BGR,Bulgaria,Europe,1999,13.66,0.01366
BGR,Bulgaria,Europe,2000,13.287,0.013287
BGR,Bulgaria,Europe,2001,14.19,0.01419
BGR,Bulgaria,Europe,2002,16.459,0.016458999999999998
BGR,Bulgaria,Europe,2003,21.184,0.021184
BGR,Bulgaria,Europe,2004,26.192,0.026192
BGR,Bulgaria,Europe,2005,29.923999999999996,0.029923999999999996
BGR,Bulgaria,Europe,2006,34.416999999999994,0.034416999999999996
BGR,Bulgaria,Europe,2007,44.497,0.044497
BGR,Bulgaria,Europe,2008,54.774,0.054774
BGR,Bulgaria,Europe,2009,52.132000000000005,0.052132000000000005
BGR,Bulgaria,Europe,2010,50.802,0.050802
BGR,Bulgaria,Europe,2011,57.72700000000001,0.057727000000000014
BGR,Bulgaria,Europe,2012,54.323,0.054323
BGR,Bulgaria,Europe,2013,55.855,0.055854999999999995
BGR,Bulgaria,Europe,2014,57.172000000000004,0.05717200000000001
BGR,Bulgaria,Europe,2015,50.818,0.050817999999999995
BGR,Bulgaria,Europe,2016,53.948,0.053948
BGR,Bulgaria,Europe,2017,59.288000000000004,0.059288
BGR,Bulgaria,Europe,2018,66.16299999999998,0.06616299999999999
BGR,Bulgaria,Europe,2019,68.513,0.068513
BGR,Bulgaria,Europe,2020,70.59500000000001,0.07059500000000002
BGR,Bulgaria,Europe,2021,84.43700000000001,0.08443700000000001
BGR,Bulgaria,Europe,2022,90.716,0.09071599999999999
BGR,Bulgaria,Europe,2023,102.237,0.102237
BGR,Bulgaria,Europe,2024,113.364,0.113364
BGR,Bulgaria,Europe,2025,131.024,0.131024
BGR,Bulgaria,Europe,2026,148.121,0.148121
BGR,Bulgaria,Europe,2027,158.38700000000003,0.15838700000000003
BGR,Bulgaria,Europe,2028,170.208,0.170208
BGR,Bulgaria,Europe,2029,179.53,0.17953
BGR,Bulgaria,Europe,2030,190.064,0.19006399999999998
BGR,Bulgaria,Europe,2031,200.586,0.20058600000000001
BFA,Burkina Faso,Africa,1980,2.3859999999999997,0.0023859999999999997
BFA,Burkina Faso,Africa,1981,2.0759999999999996,0.0020759999999999997
BFA,Burkina Faso,Africa,1982,1.9339999999999995,0.0019339999999999995
BFA,Burkina Faso,Africa,1983,1.7669999999999997,0.0017669999999999997
BFA,Burkina Faso,Africa,1984,1.579,0.0015789999999999999
BFA,Burkina Faso,Africa,1985,1.746,0.001746
BFA,Burkina Faso,Africa,1986,2.29,0.00229
BFA,Burkina Faso,Africa,1987,2.665,0.002665
BFA,Burkina Faso,Africa,1988,2.9419999999999997,0.0029419999999999997
BFA,Burkina Faso,Africa,1989,2.9419999999999997,0.0029419999999999997
BFA,Burkina Faso,Africa,1990,3.488,0.0034879999999999998
BFA,Burkina Faso,Africa,1991,3.526,0.0035259999999999996
BFA,Burkina Faso,Africa,1992,3.775,0.0037749999999999997
BFA,Burkina Faso,Africa,1993,3.5989999999999998,0.0035989999999999998
BFA,Burkina Faso,Africa,1994,2.164,0.002164
BFA,Burkina Faso,Africa,1995,2.6759999999999997,0.0026759999999999996
BFA,Burkina Faso,Africa,1996,2.909,0.0029089999999999997
BFA,Burkina Faso,Africa,1997,2.753,0.0027530000000000002
BFA,Burkina Faso,Africa,1998,3.155,0.003155
BFA,Burkina Faso,Africa,1999,3.388,0.003388
BFA,Burkina Faso,Africa,2000,2.961,0.0029609999999999997
BFA,Burkina Faso,Africa,2001,3.19,0.00319
BFA,Burkina Faso,Africa,2002,3.62,0.00362
BFA,Burkina Faso,Africa,2003,4.74,0.00474
BFA,Burkina Faso,Africa,2004,5.449,0.005449
BFA,Burkina Faso,Africa,2005,6.1499999999999995,0.006149999999999999
BFA,Burkina Faso,Africa,2006,6.548,0.006548
BFA,Burkina Faso,Africa,2007,7.626999999999999,0.007626999999999999
BFA,Burkina Faso,Africa,2008,9.450000000000001,0.009450000000000002
BFA,Burkina Faso,Africa,2009,9.440000000000001,0.00944
BFA,Burkina Faso,Africa,2010,10.117999999999999,0.010117999999999999
BFA,Burkina Faso,Africa,2011,12.078000000000001,0.012078000000000002
BFA,Burkina Faso,Africa,2012,12.569000000000003,0.012569000000000002
BFA,Burkina Faso,Africa,2013,13.444,0.013444000000000001
BFA,Burkina Faso,Africa,2014,13.947000000000001,0.013947000000000001
BFA,Burkina Faso,Africa,2015,11.833,0.011833
BFA,Burkina Faso,Africa,2016,12.829000000000002,0.012829000000000002
BFA,Burkina Faso,Africa,2017,14.094000000000001,0.014094
BFA,Burkina Faso,Africa,2018,15.916,0.015916
BFA,Burkina Faso,Africa,2019,16.092,0.016092
BFA,Burkina Faso,Africa,2020,17.837000000000003,0.017837000000000002
BFA,Burkina Faso,Africa,2021,19.707999999999995,0.019707999999999996
BFA,Burkina Faso,Africa,2022,18.662,0.018661999999999998
BFA,Burkina Faso,Africa,2023,20.116000000000003,0.020116000000000002
BFA,Burkina Faso,Africa,2024,23.13,0.023129999999999998
BFA,Burkina Faso,Africa,2025,27.14,0.02714
BFA,Burkina Faso,Africa,2026,32.513000000000005,0.03251300000000001
BFA,Burkina Faso,Africa,2027,36.047000000000004,0.036047
BFA,Burkina Faso,Africa,2028,38.516000000000005,0.03851600000000001
BFA,Burkina Faso,Africa,2029,41.190000000000005,0.041190000000000004
BFA,Burkina Faso,Africa,2030,44.045,0.044045
BFA,Burkina Faso,Africa,2031,47.063,0.047063
BDI,Burundi,Africa,1980,1.106,0.001106
BDI,Burundi,Africa,1981,1.151,0.0011510000000000001
BDI,Burundi,Africa,1982,1.216,0.001216
BDI,Burundi,Africa,1983,1.2869999999999997,0.0012869999999999997
BDI,Burundi,Africa,1984,1.1699999999999997,0.0011699999999999996
BDI,Burundi,Africa,1985,1.362,0.0013620000000000001
BDI,Burundi,Africa,1986,1.4349999999999998,0.0014349999999999999
BDI,Burundi,Africa,1987,1.352,0.0013520000000000001
BDI,Burundi,Africa,1988,1.2669999999999997,0.0012669999999999997
BDI,Burundi,Africa,1989,1.316,0.0013160000000000001
BDI,Burundi,Africa,1990,1.316,0.0013160000000000001
BDI,Burundi,Africa,1991,1.358,0.001358
BDI,Burundi,Africa,1992,1.26,0.00126
BDI,Burundi,Africa,1993,1.092,0.001092
BDI,Burundi,Africa,1994,1.076,0.0010760000000000001
BDI,Burundi,Africa,1995,1.1639999999999997,0.0011639999999999997
BDI,Burundi,Africa,1996,1.0109999999999997,0.0010109999999999997
BDI,Burundi,Africa,1997,1.131,0.001131
BDI,Burundi,Africa,1998,1.0389999999999997,0.0010389999999999998
BDI,Burundi,Africa,1999,0.999,9.99e-4
BDI,Burundi,Africa,2000,0.989,9.89e-4
BDI,Burundi,Africa,2001,0.983,9.83e-4
BDI,Burundi,Africa,2002,0.907,9.07e-4
BDI,Burundi,Africa,2003,0.8440000000000001,8.440000000000001e-4
BDI,Burundi,Africa,2004,0.9520000000000001,9.52e-4
BDI,Burundi,Africa,2005,1.117,0.001117
BDI,Burundi,Africa,2006,1.2729999999999997,0.0012729999999999996
BDI,Burundi,Africa,2007,1.356,0.001356
BDI,Burundi,Africa,2008,1.612,0.0016120000000000002
BDI,Burundi,Africa,2009,1.7749999999999997,0.0017749999999999997
BDI,Burundi,Africa,2010,2.0319999999999996,0.0020319999999999995
BDI,Burundi,Africa,2011,2.2359999999999998,0.0022359999999999997
BDI,Burundi,Africa,2012,2.3329999999999997,0.0023329999999999996
BDI,Burundi,Africa,2013,2.4559999999999995,0.0024559999999999994
BDI,Burundi,Africa,2014,2.706,0.002706
BDI,Burundi,Africa,2015,3.104,0.003104
BDI,Burundi,Africa,2016,2.96,0.00296
BDI,Burundi,Africa,2017,3.1719999999999997,0.003172
BDI,Burundi,Africa,2018,3.0369999999999995,0.0030369999999999993
BDI,Burundi,Africa,2019,3.009,0.003009
BDI,Burundi,Africa,2020,3.089,0.003089
BDI,Burundi,Africa,2021,3.3559999999999994,0.0033559999999999996
BDI,Burundi,Africa,2022,3.9219999999999997,0.003922
BDI,Burundi,Africa,2023,4.291,0.0042910000000000005
BDI,Burundi,Africa,2024,4.838,0.004838
BDI,Burundi,Africa,2025,6.918,0.0069180000000000005
BDI,Burundi,Africa,2026,8.136999999999999,0.008136999999999998
BDI,Burundi,Africa,2027,9.067,0.009067
BDI,Burundi,Africa,2028,9.297999999999998,0.009297999999999999
BDI,Burundi,Africa,2029,9.47,0.009470000000000001
BDI,Burundi,Africa,2030,9.455000000000002,0.009455000000000002
BDI,Burundi,Africa,2031,9.748999999999999,0.009748999999999999
KHM,Cambodia,Asia,1986,0.20500000000000002,2.0500000000000002e-4
KHM,Cambodia,Asia,1987,0.14100000000000001,1.41e-4
KHM,Cambodia,Asia,1988,0.276,2.7600000000000004e-4
KHM,Cambodia,Asia,1989,0.346,3.4599999999999995e-4
KHM,Cambodia,Asia,1990,0.899,8.990000000000001e-4
KHM,Cambodia,Asia,1991,2.0109999999999997,0.0020109999999999998
KHM,Cambodia,Asia,1992,2.4389999999999996,0.0024389999999999998
KHM,Cambodia,Asia,1993,2.427,0.002427
KHM,Cambodia,Asia,1994,2.765,0.002765
KHM,Cambodia,Asia,1995,3.441,0.003441
KHM,Cambodia,Asia,1996,3.507,0.003507
KHM,Cambodia,Asia,1997,3.443,0.003443
KHM,Cambodia,Asia,1998,3.13,0.00313
KHM,Cambodia,Asia,1999,3.5129999999999995,0.0035129999999999996
KHM,Cambodia,Asia,2000,3.785,0.003785
KHM,Cambodia,Asia,2001,4.137999999999999,0.004137999999999999
KHM,Cambodia,Asia,2002,4.516,0.004516
KHM,Cambodia,Asia,2003,5.073,0.005073
KHM,Cambodia,Asia,2004,5.978,0.005978
KHM,Cambodia,Asia,2005,7.144999999999999,0.007144999999999999
KHM,Cambodia,Asia,2006,8.374,0.008374000000000001
KHM,Cambodia,Asia,2007,10.027999999999999,0.010027999999999999
KHM,Cambodia,Asia,2008,12.292,0.012291999999999999
KHM,Cambodia,Asia,2009,12.797999999999998,0.012797999999999999
KHM,Cambodia,Asia,2010,13.72,0.013720000000000001
KHM,Cambodia,Asia,2011,16.055,0.016055
KHM,Cambodia,Asia,2012,17.757,0.017757000000000002
KHM,Cambodia,Asia,2013,19.678999999999995,0.019678999999999995
KHM,Cambodia,Asia,2014,22.175999999999995,0.022175999999999994
KHM,Cambodia,Asia,2015,24.079999999999995,0.024079999999999994
KHM,Cambodia,Asia,2016,26.502,0.026501999999999998
KHM,Cambodia,Asia,2017,29.121,0.029120999999999998
KHM,Cambodia,Asia,2018,32.839000000000006,0.03283900000000001
KHM,Cambodia,Asia,2019,35.979000000000006,0.035979000000000004
KHM,Cambodia,Asia,2020,34.497,0.034497
KHM,Cambodia,Asia,2021,36.17,0.03617
KHM,Cambodia,Asia,2022,39.461000000000006,0.039461
KHM,Cambodia,Asia,2023,42.403999999999996,0.042404
KHM,Cambodia,Asia,2024,46.098000000000006,0.04609800000000001
KHM,Cambodia,Asia,2025,49.288000000000004,0.049288000000000005
KHM,Cambodia,Asia,2026,52.379000000000005,0.052379
KHM,Cambodia,Asia,2027,56.115,0.056115000000000005
KHM,Cambodia,Asia,2028,60.391000000000005,0.06039100000000001
KHM,Cambodia,Asia,2029,65.15699999999998,0.06515699999999998
KHM,Cambodia,Asia,2030,70.369,0.070369
KHM,Cambodia,Asia,2031,76.069,0.076069
CMR,Cameroon,Africa,1980,8.850000000000001,0.008850000000000002
CMR,Cameroon,Africa,1981,10.026,0.010026
CMR,Cameroon,Africa,1982,9.616000000000001,0.009616000000000001
CMR,Cameroon,Africa,1983,9.692,0.009692000000000001
CMR,Cameroon,Africa,1984,10.242999999999999,0.010242999999999999
CMR,Cameroon,Africa,1985,10.697999999999999,0.010698
CMR,Cameroon,Africa,1986,13.945,0.013945
CMR,Cameroon,Africa,1987,16.152,0.016152
CMR,Cameroon,Africa,1988,16.402999999999995,0.016402999999999994
CMR,Cameroon,Africa,1989,14.626000000000001,0.014626000000000002
CMR,Cameroon,Africa,1990,14.640999999999998,0.014640999999999998
CMR,Cameroon,Africa,1991,16.325,0.016325
CMR,Cameroon,Africa,1992,14.963000000000003,0.014963000000000002
CMR,Cameroon,Africa,1993,15.611,0.015611
CMR,Cameroon,Africa,1994,10.622,0.010622
CMR,Cameroon,Africa,1995,10.075000000000001,0.010075
CMR,Cameroon,Africa,1996,11.226999999999999,0.011226999999999999
CMR,Cameroon,Africa,1997,11.352000000000002,0.011352000000000003
CMR,Cameroon,Africa,1998,11.338000000000001,0.011338
CMR,Cameroon,Africa,1999,11.553000000000003,0.011553000000000003
CMR,Cameroon,Africa,2000,10.245,0.010244999999999999
CMR,Cameroon,Africa,2001,10.950000000000001,0.010950000000000001
CMR,Cameroon,Africa,2002,12.369000000000002,0.012369000000000002
CMR,Cameroon,Africa,2003,15.944,0.015944
CMR,Cameroon,Africa,2004,18.803,0.018803
CMR,Cameroon,Africa,2005,19.534,0.019534
CMR,Cameroon,Africa,2006,20.912,0.020912
CMR,Cameroon,Africa,2007,23.931,0.023931
CMR,Cameroon,Africa,2008,27.712,0.027712
CMR,Cameroon,Africa,2009,27.902999999999995,0.027902999999999994
CMR,Cameroon,Africa,2010,27.53,0.027530000000000002
CMR,Cameroon,Africa,2011,30.626,0.030626
CMR,Cameroon,Africa,2012,30.174,0.030174
CMR,Cameroon,Africa,2013,33.72900000000001,0.033729000000000016
CMR,Cameroon,Africa,2014,36.396,0.036396
CMR,Cameroon,Africa,2015,32.213,0.032213
CMR,Cameroon,Africa,2016,33.805,0.033805
CMR,Cameroon,Africa,2017,36.086000000000006,0.03608600000000001
CMR,Cameroon,Africa,2018,39.992000000000004,0.03999200000000001
CMR,Cameroon,Africa,2019,39.673,0.039673
CMR,Cameroon,Africa,2020,40.832,0.040832
CMR,Cameroon,Africa,2021,45.036,0.045036
CMR,Cameroon,Africa,2022,44.442,0.044442
CMR,Cameroon,Africa,2023,48.822,0.048822000000000004
CMR,Cameroon,Africa,2024,53.308,0.053308
CMR,Cameroon,Africa,2025,59.282000000000004,0.059282
CMR,Cameroon,Africa,2026,65.13499999999999,0.06513499999999998
CMR,Cameroon,Africa,2027,68.6,0.0686
CMR,Cameroon,Africa,2028,73.87599999999999,0.073876
CMR,Cameroon,Africa,2029,79.435,0.079435
CMR,Cameroon,Africa,2030,85.814,0.08581399999999999
CMR,Cameroon,Africa,2031,92.35599999999998,0.09235599999999998
CAN,Canada,Americas,1980,276.064,0.27606400000000003
CAN,Canada,Americas,1981,307.2459999999999,0.3072459999999999
CAN,Canada,Americas,1982,314.639,0.314639
CAN,Canada,Americas,1983,341.863,0.341863
CAN,Canada,Americas,1984,356.72799999999995,0.35672799999999993
CAN,Canada,Americas,1985,366.1840000000001,0.36618400000000007
CAN,Canada,Americas,1986,379.015,0.379015
CAN,Canada,Americas,1987,433.14,0.43313999999999997
CAN,Canada,Americas,1988,509.38,0.5093799999999999
CAN,Canada,Americas,1989,567.225,0.567225
CAN,Canada,Americas,1990,596.0890000000002,0.5960890000000002
CAN,Canada,Americas,1991,612.514,0.612514
CAN,Canada,Americas,1992,594.376,0.594376
CAN,Canada,Americas,1993,579.059,0.579059
CAN,Canada,Americas,1994,579.913,0.579913
CAN,Canada,Americas,1995,605.9409999999999,0.605941
CAN,Canada,Americas,1996,630.598,0.630598
CAN,Canada,Americas,1997,655.01,0.65501
CAN,Canada,Americas,1998,634.004,0.634004
CAN,Canada,Americas,1999,678.4169999999999,0.6784169999999999
CAN,Canada,Americas,2000,744.631,0.7446309999999999
CAN,Canada,Americas,2001,738.9679999999998,0.7389679999999998
CAN,Canada,Americas,2002,760.149,0.760149
CAN,Canada,Americas,2003,895.599,0.895599
CAN,Canada,Americas,2004,1026.473,1.026473
CAN,Canada,Americas,2005,1173.505,1.173505
CAN,Canada,Americas,2006,1319.356,1.319356
CAN,Canada,Americas,2007,1468.896,1.468896
CAN,Canada,Americas,2008,1552.8639999999998,1.5528639999999998
CAN,Canada,Americas,2009,1376.509,1.376509
CAN,Canada,Americas,2010,1617.345,1.617345
CAN,Canada,Americas,2011,1793.327,1.793327
CAN,Canada,Americas,2012,1828.3619999999999,1.8283619999999998
CAN,Canada,Americas,2013,1846.595,1.846595
CAN,Canada,Americas,2014,1805.751,1.8057509999999999
CAN,Canada,Americas,2015,1556.508,1.556508
CAN,Canada,Americas,2016,1527.996,1.5279960000000001
CAN,Canada,Americas,2017,1649.266,1.6492660000000001
CAN,Canada,Americas,2018,1725.3,1.7253
CAN,Canada,Americas,2019,1743.725,1.743725
CAN,Canada,Americas,2020,1655.6849999999997,1.6556849999999996
CAN,Canada,Americas,2021,2022.3819999999998,2.022382
CAN,Canada,Americas,2022,2200.567,2.200567
CAN,Canada,Americas,2023,2196.594,2.196594
CAN,Canada,Americas,2024,2270.076,2.270076
CAN,Canada,Americas,2025,2319.9,2.3199
CAN,Canada,Americas,2026,2507.34,2.50734
CAN,Canada,Americas,2027,2640.3930000000005,2.6403930000000004
CAN,Canada,Americas,2028,2759.418,2.759418
CAN,Canada,Americas,2029,2882.3170000000005,2.8823170000000005
CAN,Canada,Americas,2030,3008.107,3.008107
CAN,Canada,Americas,2031,3139.4330000000004,3.1394330000000004
CPV,Cape Verde,Africa,1980,0.15700000000000003,1.5700000000000002e-4
CPV,Cape Verde,Africa,1981,0.187,1.87e-4
CPV,Cape Verde,Africa,1982,0.14900000000000002,1.4900000000000002e-4
CPV,Cape Verde,Africa,1983,0.14400000000000002,1.44e-4
CPV,Cape Verde,Africa,1984,0.14600000000000002,1.4600000000000003e-4
CPV,Cape Verde,Africa,1985,0.164,1.64e-4
CPV,Cape Verde,Africa,1986,0.21200000000000002,2.1200000000000003e-4
CPV,Cape Verde,Africa,1987,0.264,2.64e-4
CPV,Cape Verde,Africa,1988,0.322,3.22e-4
CPV,Cape Verde,Africa,1989,0.33199999999999996,3.3199999999999994e-4
CPV,Cape Verde,Africa,1990,0.41300000000000003,4.13e-4
CPV,Cape Verde,Africa,1991,0.443,4.43e-4
CPV,Cape Verde,Africa,1992,0.47900000000000004,4.7900000000000004e-4
CPV,Cape Verde,Africa,1993,0.4310000000000001,4.310000000000001e-4
CPV,Cape Verde,Africa,1994,0.45,4.5e-4
CPV,Cape Verde,Africa,1995,0.57,5.7e-4
CPV,Cape Verde,Africa,1996,0.611,6.11e-4
CPV,Cape Verde,Africa,1997,0.609,6.09e-4
CPV,Cape Verde,Africa,1998,0.648,6.48e-4
CPV,Cape Verde,Africa,1999,0.6929999999999998,6.929999999999998e-4
CPV,Cape Verde,Africa,2000,0.6989999999999998,6.989999999999999e-4
CPV,Cape Verde,Africa,2001,0.7909999999999999,7.909999999999999e-4
CPV,Cape Verde,Africa,2002,0.8670000000000001,8.670000000000001e-4
CPV,Cape Verde,Africa,2003,1.105,0.001105
CPV,Cape Verde,Africa,2004,1.2629999999999997,0.0012629999999999996
CPV,Cape Verde,Africa,2005,1.395,0.001395
CPV,Cape Verde,Africa,2006,1.452,0.001452
CPV,Cape Verde,Africa,2007,1.6499999999999997,0.0016499999999999998
CPV,Cape Verde,Africa,2008,1.96,0.00196
CPV,Cape Verde,Africa,2009,1.852,0.0018520000000000001
CPV,Cape Verde,Africa,2010,1.825,0.001825
CPV,Cape Verde,Africa,2011,2.047,0.002047
CPV,Cape Verde,Africa,2012,1.9129999999999998,0.0019129999999999998
CPV,Cape Verde,Africa,2013,2.029,0.002029
CPV,Cape Verde,Africa,2014,2.042,0.002042
CPV,Cape Verde,Africa,2015,1.75,0.00175
CPV,Cape Verde,Africa,2016,1.85,0.00185
CPV,Cape Verde,Africa,2017,1.9969999999999999,0.001997
CPV,Cape Verde,Africa,2018,2.205,0.002205
CPV,Cape Verde,Africa,2019,2.251,0.002251
CPV,Cape Verde,Africa,2020,1.829,0.001829
CPV,Cape Verde,Africa,2021,2.0529999999999995,0.0020529999999999997
CPV,Cape Verde,Africa,2022,2.252,0.0022519999999999997
CPV,Cape Verde,Africa,2023,2.501,0.0025009999999999998
CPV,Cape Verde,Africa,2024,2.726,0.002726
CPV,Cape Verde,Africa,2025,3.081,0.003081
CPV,Cape Verde,Africa,2026,3.448,0.003448
CPV,Cape Verde,Africa,2027,3.699,0.003699
CPV,Cape Verde,Africa,2028,3.963,0.003963
CPV,Cape Verde,Africa,2029,4.253,0.004253
CPV,Cape Verde,Africa,2030,4.5649999999999995,0.004565
CPV,Cape Verde,Africa,2031,4.902,0.004902
CAF,Central African Republic,Africa,1980,0.714,7.14e-4
CAF,Central African Republic,Africa,1981,0.743,7.43e-4
CAF,Central African Republic,Africa,1982,0.719,7.19e-4
CAF,Central African Republic,Africa,1983,0.6899999999999998,6.899999999999999e-4
CAF,Central African Republic,Africa,1984,0.6699999999999999,6.699999999999999e-4
CAF,Central African Republic,Africa,1985,0.883,8.83e-4
CAF,Central African Republic,Africa,1986,1.1579999999999997,0.0011579999999999997
CAF,Central African Republic,Africa,1987,1.2909999999999997,0.0012909999999999996
CAF,Central African Republic,Africa,1988,1.379,0.001379
CAF,Central African Republic,Africa,1989,1.372,0.0013720000000000002
CAF,Central African Republic,Africa,1990,1.605,0.001605
CAF,Central African Republic,Africa,1991,1.528,0.001528
CAF,Central African Republic,Africa,1992,1.5269999999999997,0.0015269999999999997
CAF,Central African Republic,Africa,1993,1.331,0.001331
CAF,Central African Republic,Africa,1994,0.8700000000000001,8.700000000000001e-4
CAF,Central African Republic,Africa,1995,1.133,0.0011330000000000001
CAF,Central African Republic,Africa,1996,1.018,0.001018
CAF,Central African Republic,Africa,1997,0.977,9.77e-4
CAF,Central African Republic,Africa,1998,1.03,0.00103
CAF,Central African Republic,Africa,1999,1.0389999999999997,0.0010389999999999998
CAF,Central African Republic,Africa,2000,0.8680000000000001,8.680000000000001e-4
CAF,Central African Republic,Africa,2001,0.9,9e-4
CAF,Central African Republic,Africa,2002,0.987,9.87e-4
CAF,Central African Republic,Africa,2003,1.191,0.001191
CAF,Central African Republic,Africa,2004,1.312,0.001312
CAF,Central African Republic,Africa,2005,1.4139999999999995,0.0014139999999999995
CAF,Central African Republic,Africa,2006,1.5389999999999997,0.0015389999999999998
CAF,Central African Republic,Africa,2007,1.7569999999999997,0.0017569999999999997
CAF,Central African Republic,Africa,2008,2.041,0.002041
CAF,Central African Republic,Africa,2009,2.065,0.002065
CAF,Central African Republic,Africa,2010,2.144,0.002144
CAF,Central African Republic,Africa,2011,2.4379999999999997,0.0024379999999999996
CAF,Central African Republic,Africa,2012,2.5119999999999996,0.0025119999999999995
CAF,Central African Republic,Africa,2013,1.6919999999999997,0.0016919999999999997
CAF,Central African Republic,Africa,2014,2.0509999999999997,0.002051
CAF,Central African Republic,Africa,2015,1.866,0.001866
CAF,Central African Republic,Africa,2016,1.9949999999999999,0.001995
CAF,Central African Republic,Africa,2017,2.198,0.002198
CAF,Central African Republic,Africa,2018,2.383,0.002383
CAF,Central African Republic,Africa,2019,2.444,0.002444
CAF,Central African Republic,Africa,2020,2.503,0.002503
CAF,Central African Republic,Africa,2021,2.711,0.002711
CAF,Central African Republic,Africa,2022,2.565,0.002565
CAF,Central African Republic,Africa,2023,2.722,0.002722
CAF,Central African Republic,Africa,2024,2.868,0.002868
CAF,Central African Republic,Africa,2025,3.1919999999999997,0.0031919999999999995
CAF,Central African Republic,Africa,2026,3.4919999999999995,0.0034919999999999994
CAF,Central African Republic,Africa,2027,3.698,0.003698
CAF,Central African Republic,Africa,2028,3.9219999999999997,0.003922
CAF,Central African Republic,Africa,2029,4.190999999999999,0.0041909999999999985
CAF,Central African Republic,Africa,2030,4.477,0.004477
CAF,Central African Republic,Africa,2031,4.783,0.004783000000000001
TCD,Chad,Africa,1980,0.9580000000000001,9.580000000000001e-4
TCD,Chad,Africa,1981,1.133,0.0011330000000000001
TCD,Chad,Africa,1982,1.095,0.001095
TCD,Chad,Africa,1983,1.096,0.0010960000000000002
TCD,Chad,Africa,1984,1.177,0.001177
TCD,Chad,Africa,1985,1.2749999999999997,0.0012749999999999997
TCD,Chad,Africa,1986,1.57,0.00157
TCD,Chad,Africa,1987,1.78,0.0017800000000000001
TCD,Chad,Africa,1988,2.081,0.002081
TCD,Chad,Africa,1989,1.966,0.001966
TCD,Chad,Africa,1990,2.3689999999999998,0.0023689999999999996
TCD,Chad,Africa,1991,2.347,0.002347
TCD,Chad,Africa,1992,2.4459999999999997,0.002446
TCD,Chad,Africa,1993,2.138,0.0021379999999999997
TCD,Chad,Africa,1994,1.732,0.001732
TCD,Chad,Africa,1995,2.123,0.0021230000000000003
TCD,Chad,Africa,1996,2.3599999999999994,0.0023599999999999993
TCD,Chad,Africa,1997,2.2680000000000002,0.002268
TCD,Chad,Africa,1998,2.561,0.002561
TCD,Chad,Africa,1999,2.256,0.0022559999999999998
TCD,Chad,Africa,2000,2.0389999999999997,0.0020389999999999996
TCD,Chad,Africa,2001,2.5119999999999996,0.0025119999999999995
TCD,Chad,Africa,2002,2.928,0.002928
TCD,Chad,Africa,2003,4.0249999999999995,0.004024999999999999
TCD,Chad,Africa,2004,6.49,0.00649
TCD,Chad,Africa,2005,8.66,0.00866
TCD,Chad,Africa,2006,9.71,0.009710000000000002
TCD,Chad,Africa,2007,10.867000000000003,0.010867000000000003
TCD,Chad,Africa,2008,13.384,0.013384
TCD,Chad,Africa,2009,12.304,0.012304
TCD,Chad,Africa,2010,14.07,0.014070000000000001
TCD,Chad,Africa,2011,16.682,0.016682
TCD,Chad,Africa,2012,17.878,0.017878
TCD,Chad,Africa,2013,17.861,0.017861000000000002
TCD,Chad,Africa,2014,18.186,0.018186
TCD,Chad,Africa,2015,14.566000000000003,0.014566000000000003
TCD,Chad,Africa,2016,13.075000000000001,0.013075000000000002
TCD,Chad,Africa,2017,13.258000000000001,0.013258
TCD,Chad,Africa,2018,15.169,0.015169
TCD,Chad,Africa,2019,14.819000000000003,0.014819000000000002
TCD,Chad,Africa,2020,14.812000000000001,0.014812
TCD,Chad,Africa,2021,16.974999999999998,0.016974999999999997
TCD,Chad,Africa,2022,18.052,0.018052
TCD,Chad,Africa,2023,18.638000000000005,0.018638000000000005
TCD,Chad,Africa,2024,20.656,0.020655999999999997
TCD,Chad,Africa,2025,22.092,0.022091999999999997
TCD,Chad,Africa,2026,25.628,0.025628
TCD,Chad,Africa,2027,27.257,0.027257
TCD,Chad,Africa,2028,29.023,0.029023
TCD,Chad,Africa,2029,31.16,0.03116
TCD,Chad,Africa,2030,33.513999999999996,0.033513999999999995
TCD,Chad,Africa,2031,36.085,0.036085
CHL,Chile,Americas,1980,29.032,0.029032
CHL,Chile,Americas,1981,34.373999999999995,0.034373999999999995
CHL,Chile,Americas,1982,25.63,0.02563
CHL,Chile,Americas,1983,20.819,0.020819
CHL,Chile,Americas,1984,20.245999999999995,0.020245999999999997
CHL,Chile,Americas,1985,17.36,0.01736
CHL,Chile,Americas,1986,18.662,0.018661999999999998
CHL,Chile,Americas,1987,22.010000000000005,0.022010000000000005
CHL,Chile,Americas,1988,25.946999999999996,0.025946999999999994
CHL,Chile,Americas,1989,29.888999999999996,0.029888999999999995
CHL,Chile,Americas,1990,33.231,0.033231000000000004
CHL,Chile,Americas,1991,38.249,0.038249000000000005
CHL,Chile,Americas,1992,46.597,0.046597
CHL,Chile,Americas,1993,49.855,0.049855
CHL,Chile,Americas,1994,57.516999999999996,0.057517
CHL,Chile,Americas,1995,74.119,0.074119
CHL,Chile,Americas,1996,78.57499999999999,0.07857499999999999
CHL,Chile,Americas,1997,85.73,0.08573
CHL,Chile,Americas,1998,81.996,0.081996
CHL,Chile,Americas,1999,75.596,0.07559600000000001
CHL,Chile,Americas,2000,78.25,0.07825
CHL,Chile,Americas,2001,71.517,0.071517
CHL,Chile,Americas,2002,70.295,0.070295
CHL,Chile,Americas,2003,76.508,0.07650799999999999
CHL,Chile,Americas,2004,99.07899999999998,0.09907899999999997
CHL,Chile,Americas,2005,122.315,0.122315
CHL,Chile,Americas,2006,153.84,0.15384
CHL,Chile,Americas,2007,172.565,0.172565
CHL,Chile,Americas,2008,179.66299999999998,0.179663
CHL,Chile,Americas,2009,171.79399999999998,0.17179399999999997
CHL,Chile,Americas,2010,217.105,0.217105
CHL,Chile,Americas,2011,251.225,0.251225
CHL,Chile,Americas,2012,267.165,0.26716500000000004
CHL,Chile,Americas,2013,277.21799999999996,0.27721799999999996
CHL,Chile,Americas,2014,259.394,0.259394
CHL,Chile,Americas,2015,242.515,0.24251499999999998
CHL,Chile,Americas,2016,249.306,0.249306
CHL,Chile,Americas,2017,276.3570000000001,0.2763570000000001
CHL,Chile,Americas,2018,295.42799999999994,0.2954279999999999
CHL,Chile,Americas,2019,278.04,0.27804
CHL,Chile,Americas,2020,254.06,0.25406
CHL,Chile,Americas,2021,315.41099999999994,0.31541099999999994
CHL,Chile,Americas,2022,301.2699999999999,0.3012699999999999
CHL,Chile,Americas,2023,335.627,0.335627
CHL,Chile,Americas,2024,330.2099999999999,0.33020999999999995
CHL,Chile,Americas,2025,355.346,0.355346
CHL,Chile,Americas,2026,407.85,0.40785000000000005
CHL,Chile,Americas,2027,434.03699999999986,0.43403699999999984
CHL,Chile,Americas,2028,455.02199999999993,0.4550219999999999
CHL,Chile,Americas,2029,475.623,0.475623
CHL,Chile,Americas,2030,496.7629999999999,0.4967629999999999
CHL,Chile,Americas,2031,519.088,0.519088
CHN,China,Asia,1980,303.55,0.30355
CHN,China,Asia,1981,289.2149999999999,0.28921499999999994
CHN,China,Asia,1982,285.139,0.28513900000000003
CHN,China,Asia,1983,306.0129999999999,0.3060129999999999
CHN,China,Asia,1984,314.83199999999994,0.31483199999999995
CHN,China,Asia,1985,310.709,0.310709
CHN,China,Asia,1986,301.47099999999995,0.30147099999999993
CHN,China,Asia,1987,328.305,0.328305
CHN,China,Asia,1988,409.363,0.409363
CHN,China,Asia,1989,458.98499999999996,0.458985
CHN,China,Asia,1990,397.3589999999999,0.3973589999999999
CHN,China,Asia,1991,415.946,0.41594600000000004
CHN,China,Asia,1992,495.515,0.495515
CHN,China,Asia,1993,621.918,0.621918
CHN,China,Asia,1994,566.3819999999998,0.5663819999999998
CHN,China,Asia,1995,737.894,0.737894
CHN,China,Asia,1996,868.768,0.868768
CHN,China,Asia,1997,967.89,0.96789
CHN,China,Asia,1998,1035.515,1.0355150000000002
CHN,China,Asia,1999,1101.119,1.101119
CHN,China,Asia,2000,1220.346,1.220346
CHN,China,Asia,2001,1351.395,1.351395
CHN,China,Asia,2002,1486.628,1.4866279999999998
CHN,China,Asia,2003,1680.932,1.680932
CHN,China,Asia,2004,1978.988,1.978988
CHN,China,Asia,2005,2326.577,2.3265770000000003
CHN,China,Asia,2006,2798.7799999999997,2.79878
CHN,China,Asia,2007,3613.61,3.61361
CHN,China,Asia,2008,4655.5830000000005,4.655583000000001
CHN,China,Asia,2009,5176.499,5.176499
CHN,China,Asia,2010,6138.878,6.138878
CHN,China,Asia,2011,7628.383000000001,7.628383
CHN,China,Asia,2012,8682.533999999998,8.682533999999999
CHN,China,Asia,2013,9787.51,9.787510000000001
CHN,China,Asia,2014,10702.458,10.702458
CHN,China,Asia,2015,11305.639999999998,11.305639999999997
CHN,China,Asia,2016,11452,11.452
CHN,China,Asia,2017,12516.152,12.516152
CHN,China,Asia,2018,14107.927,14.107927
CHN,China,Asia,2019,14593.45,14.59345
CHN,China,Asia,2020,15110.191000000003,15.110191000000002
CHN,China,Asia,2021,18183.505,18.183505
CHN,China,Asia,2022,18337.777,18.337777
CHN,China,Asia,2023,18366.936000000005,18.366936000000006
CHN,China,Asia,2024,18945.111999999997,18.945111999999998
CHN,China,Asia,2025,19626.247,19.626247
CHN,China,Asia,2026,20851.593,20.851593
CHN,China,Asia,2027,21928.979,21.928978999999998
CHN,China,Asia,2028,23259.956,23.259956
CHN,China,Asia,2029,24662.788000000004,24.662788000000003
CHN,China,Asia,2030,26046.793,26.046793
CHN,China,Asia,2031,27496.669999999995,27.496669999999995
COL,Colombia,Americas,1980,46.501000000000005,0.04650100000000001
COL,Colombia,Americas,1981,50.661,0.050661000000000005
COL,Colombia,Americas,1982,54.252,0.054252
COL,Colombia,Americas,1983,53.92,0.05392
COL,Colombia,Americas,1984,53.257000000000005,0.053257000000000006
COL,Colombia,Americas,1985,48.580999999999996,0.048581
COL,Colombia,Americas,1986,48.648,0.048648000000000004
COL,Colombia,Americas,1987,50.64,0.05064
COL,Colombia,Americas,1988,54.592000000000006,0.05459200000000001
COL,Colombia,Americas,1989,55.048,0.055048
COL,Colombia,Americas,1990,56.071000000000005,0.056071
COL,Colombia,Americas,1991,57.95399999999999,0.05795399999999999
COL,Colombia,Americas,1992,68.57899999999998,0.06857899999999997
COL,Colombia,Americas,1993,77.721,0.077721
COL,Colombia,Americas,1994,97.66499999999999,0.09766499999999999
COL,Colombia,Americas,1995,110.564,0.110564
COL,Colombia,Americas,1996,116.13,0.11613
COL,Colombia,Americas,1997,127.49,0.12749
COL,Colombia,Americas,1998,117.725,0.117725
COL,Colombia,Americas,1999,103.132,0.103132
COL,Colombia,Americas,2000,99.27,0.09927
COL,Colombia,Americas,2001,97.60599999999998,0.09760599999999998
COL,Colombia,Americas,2002,97.35299999999998,0.09735299999999998
COL,Colombia,Americas,2003,94.07199999999999,0.09407199999999999
COL,Colombia,Americas,2004,116.382,0.116382
COL,Colombia,Americas,2005,145.601,0.145601
COL,Colombia,Americas,2006,161.79299999999998,0.16179299999999996
COL,Colombia,Americas,2007,206.23,0.20623
COL,Colombia,Americas,2008,242.504,0.242504
COL,Colombia,Americas,2009,232.46900000000002,0.232469
COL,Colombia,Americas,2010,286.49899999999997,0.28649899999999995
COL,Colombia,Americas,2011,334.96699999999987,0.33496699999999985
COL,Colombia,Americas,2012,370.692,0.370692
COL,Colombia,Americas,2013,382.09399999999994,0.38209399999999993
COL,Colombia,Americas,2014,381.241,0.381241
COL,Colombia,Americas,2015,293.49299999999994,0.29349299999999995
COL,Colombia,Americas,2016,282.72,0.28272
COL,Colombia,Americas,2017,311.89,0.31189
COL,Colombia,Americas,2018,334.124,0.33412400000000003
COL,Colombia,Americas,2019,323.055,0.323055
COL,Colombia,Americas,2020,270.348,0.27034800000000003
COL,Colombia,Americas,2021,318.5249999999999,0.31852499999999995
COL,Colombia,Americas,2022,345.632,0.345632
COL,Colombia,Americas,2023,366.90099999999995,0.366901
COL,Colombia,Americas,2024,420.504,0.42050400000000004
COL,Colombia,Americas,2025,457.41,0.45741000000000004
COL,Colombia,Americas,2026,539.53,0.53953
COL,Colombia,Americas,2027,554.384,0.554384
COL,Colombia,Americas,2028,578.2380000000002,0.5782380000000001
COL,Colombia,Americas,2029,604.409,0.604409
COL,Colombia,Americas,2030,632.1369999999998,0.6321369999999998
COL,Colombia,Americas,2031,661.138,0.661138
COM,Comoros,Africa,1980,0.24300000000000002,2.4300000000000002e-4
COM,Comoros,Africa,1981,0.21300000000000002,2.1300000000000003e-4
COM,Comoros,Africa,1982,0.202,2.02e-4
COM,Comoros,Africa,1983,0.196,1.9600000000000002e-4
COM,Comoros,Africa,1984,0.189,1.89e-4
COM,Comoros,Africa,1985,0.192,1.92e-4
COM,Comoros,Africa,1986,0.258,2.58e-4
COM,Comoros,Africa,1987,0.313,3.13e-4
COM,Comoros,Africa,1988,0.33599999999999997,3.36e-4
COM,Comoros,Africa,1989,0.329,3.2900000000000003e-4
COM,Comoros,Africa,1990,0.402,4.02e-4
COM,Comoros,Africa,1991,0.401,4.0100000000000004e-4
COM,Comoros,Africa,1992,0.43700000000000006,4.3700000000000005e-4
COM,Comoros,Africa,1993,0.4280000000000001,4.280000000000001e-4
COM,Comoros,Africa,1994,0.315,3.15e-4
COM,Comoros,Africa,1995,0.393,3.93e-4
COM,Comoros,Africa,1996,0.392,3.9200000000000004e-4
COM,Comoros,Africa,1997,0.36300000000000004,3.6300000000000004e-4
COM,Comoros,Africa,1998,0.36400000000000005,3.6400000000000007e-4
COM,Comoros,Africa,1999,0.372,3.72e-4
COM,Comoros,Africa,2000,0.33999999999999997,3.3999999999999997e-4
COM,Comoros,Africa,2001,0.373,3.73e-4
COM,Comoros,Africa,2002,0.4270000000000001,4.270000000000001e-4
COM,Comoros,Africa,2003,0.547,5.470000000000001e-4
COM,Comoros,Africa,2004,0.622,6.22e-4
COM,Comoros,Africa,2005,0.656,6.56e-4
COM,Comoros,Africa,2006,0.6889999999999998,6.889999999999998e-4
COM,Comoros,Africa,2007,0.7959999999999999,7.959999999999999e-4
COM,Comoros,Africa,2008,0.916,9.16e-4
COM,Comoros,Africa,2009,0.904,9.040000000000001e-4
COM,Comoros,Africa,2010,0.909,9.09e-4
COM,Comoros,Africa,2011,1.0229999999999997,0.0010229999999999996
COM,Comoros,Africa,2012,1.016,0.001016
COM,Comoros,Africa,2013,1.116,0.001116
COM,Comoros,Africa,2014,1.1499999999999997,0.0011499999999999998
COM,Comoros,Africa,2015,0.966,9.66e-4
COM,Comoros,Africa,2016,1.0129999999999997,0.0010129999999999996
COM,Comoros,Africa,2017,1.077,0.001077
COM,Comoros,Africa,2018,1.179,0.0011790000000000001
COM,Comoros,Africa,2019,1.1879999999999997,0.0011879999999999998
COM,Comoros,Africa,2020,1.218,0.001218
COM,Comoros,Africa,2021,1.2729999999999997,0.0012729999999999996
COM,Comoros,Africa,2022,1.224,0.001224
COM,Comoros,Africa,2023,1.329,0.0013289999999999999
COM,Comoros,Africa,2024,1.4419999999999995,0.0014419999999999995
COM,Comoros,Africa,2025,1.609,0.001609
COM,Comoros,Africa,2026,1.814,0.001814
COM,Comoros,Africa,2027,1.9299999999999995,0.0019299999999999994
COM,Comoros,Africa,2028,2.048,0.002048
COM,Comoros,Africa,2029,2.173,0.002173
COM,Comoros,Africa,2030,2.3149999999999995,0.0023149999999999993
COM,Comoros,Africa,2031,2.46,0.00246
COG,Congo - Brazzaville,Africa,1980,2.165,0.002165
COG,Congo - Brazzaville,Africa,1981,1.7749999999999997,0.0017749999999999997
COG,Congo - Brazzaville,Africa,1982,1.548,0.0015480000000000001
COG,Congo - Brazzaville,Africa,1983,1.4069999999999998,0.0014069999999999998
COG,Congo - Brazzaville,Africa,1984,1.294,0.001294
COG,Congo - Brazzaville,Africa,1985,1.327,0.001327
COG,Congo - Brazzaville,Africa,1986,1.8149999999999997,0.0018149999999999998
COG,Congo - Brazzaville,Africa,1987,2.205,0.002205
COG,Congo - Brazzaville,Africa,1988,2.3459999999999996,0.0023459999999999996
COG,Congo - Brazzaville,Africa,1989,2.4779999999999998,0.0024779999999999997
COG,Congo - Brazzaville,Africa,1990,2.909,0.0029089999999999997
COG,Congo - Brazzaville,Africa,1991,3.0349999999999997,0.0030349999999999995
COG,Congo - Brazzaville,Africa,1992,3.28,0.00328
COG,Congo - Brazzaville,Africa,1993,3.004,0.003004
COG,Congo - Brazzaville,Africa,1994,2.068,0.002068
COG,Congo - Brazzaville,Africa,1995,2.4569999999999994,0.0024569999999999995
COG,Congo - Brazzaville,Africa,1996,2.8399999999999994,0.002839999999999999
COG,Congo - Brazzaville,Africa,1997,2.568,0.002568
COG,Congo - Brazzaville,Africa,1998,2.24,0.0022400000000000002
COG,Congo - Brazzaville,Africa,1999,2.646,0.002646
COG,Congo - Brazzaville,Africa,2000,3.624,0.003624
COG,Congo - Brazzaville,Africa,2001,3.038,0.003038
COG,Congo - Brazzaville,Africa,2002,3.3299999999999996,0.0033299999999999996
COG,Congo - Brazzaville,Africa,2003,3.863,0.003863
COG,Congo - Brazzaville,Africa,2004,5.101,0.005101
COG,Congo - Brazzaville,Africa,2005,6.653999999999999,0.006653999999999999
COG,Congo - Brazzaville,Africa,2006,8.073,0.008073
COG,Congo - Brazzaville,Africa,2007,8.783999999999999,0.008783999999999998
COG,Congo - Brazzaville,Africa,2008,11.649,0.011649
COG,Congo - Brazzaville,Africa,2009,9.713000000000001,0.009713000000000001
COG,Congo - Brazzaville,Africa,2010,13.159000000000002,0.013159000000000002
COG,Congo - Brazzaville,Africa,2011,15.653,0.015653
COG,Congo - Brazzaville,Africa,2012,17.704,0.017704
COG,Congo - Brazzaville,Africa,2013,17.959,0.017959
COG,Congo - Brazzaville,Africa,2014,17.918,0.017918
COG,Congo - Brazzaville,Africa,2015,11.891,0.011891
COG,Congo - Brazzaville,Africa,2016,10.928,0.010928
COG,Congo - Brazzaville,Africa,2017,11.83,0.01183
COG,Congo - Brazzaville,Africa,2018,14.781,0.014781
COG,Congo - Brazzaville,Africa,2019,13.977,0.013977
COG,Congo - Brazzaville,Africa,2020,11.485000000000001,0.011485
COG,Congo - Brazzaville,Africa,2021,13.387,0.013387
COG,Congo - Brazzaville,Africa,2022,13.967000000000002,0.013967000000000002
COG,Congo - Brazzaville,Africa,2023,14.169,0.014169000000000001
COG,Congo - Brazzaville,Africa,2024,14.774000000000001,0.014774
COG,Congo - Brazzaville,Africa,2025,15.592000000000002,0.015592000000000002
COG,Congo - Brazzaville,Africa,2026,17.028,0.017027999999999998
COG,Congo - Brazzaville,Africa,2027,17.957999999999995,0.017957999999999995
COG,Congo - Brazzaville,Africa,2028,19.119000000000003,0.019119000000000004
COG,Congo - Brazzaville,Africa,2029,20.404999999999998,0.020404999999999996
COG,Congo - Brazzaville,Africa,2030,21.721,0.021721
COG,Congo - Brazzaville,Africa,2031,23.214,0.023214
COD,Congo - Kinshasa,Africa,1980,68.60599999999998,0.06860599999999999
COD,Congo - Kinshasa,Africa,1981,59.72600000000001,0.059726000000000015
COD,Congo - Kinshasa,Africa,1982,64.939,0.064939
COD,Congo - Kinshasa,Africa,1983,52.378,0.052378
COD,Congo - Kinshasa,Africa,1984,34.95099999999999,0.034950999999999996
COD,Congo - Kinshasa,Africa,1985,31.942999999999998,0.031943
COD,Congo - Kinshasa,Africa,1986,35.839999999999996,0.03584
COD,Congo - Kinshasa,Africa,1987,33.932,0.033932000000000004
COD,Congo - Kinshasa,Africa,1988,39.31399999999999,0.039313999999999995
COD,Congo - Kinshasa,Africa,1989,40.006,0.040006
COD,Congo - Kinshasa,Africa,1990,41.448,0.041448
COD,Congo - Kinshasa,Africa,1991,40.25,0.04025
COD,Congo - Kinshasa,Africa,1992,36.333000000000006,0.036333000000000004
COD,Congo - Kinshasa,Africa,1993,47.449999999999996,0.04745
COD,Congo - Kinshasa,Africa,1994,25.745999999999995,0.025745999999999995
COD,Congo - Kinshasa,Africa,1995,25.021,0.025021
COD,Congo - Kinshasa,Africa,1996,32.09900000000001,0.03209900000000001
COD,Congo - Kinshasa,Africa,1997,28.819,0.028818999999999997
COD,Congo - Kinshasa,Africa,1998,21.088999999999995,0.021088999999999997
COD,Congo - Kinshasa,Africa,1999,19.146999999999995,0.019146999999999994
COD,Congo - Kinshasa,Africa,2000,19.077000000000005,0.019077000000000004
COD,Congo - Kinshasa,Africa,2001,7.246,0.007246000000000001
COD,Congo - Kinshasa,Africa,2002,8.719999999999999,0.008719999999999999
COD,Congo - Kinshasa,Africa,2003,9.022,0.009022
COD,Congo - Kinshasa,Africa,2004,10.275,0.010275000000000001
COD,Congo - Kinshasa,Africa,2005,12.72,0.01272
COD,Congo - Kinshasa,Africa,2006,15.403,0.015403
COD,Congo - Kinshasa,Africa,2007,18.598,0.018598
COD,Congo - Kinshasa,Africa,2008,22.665,0.022664999999999998
COD,Congo - Kinshasa,Africa,2009,18.626,0.018626
COD,Congo - Kinshasa,Africa,2010,22.34,0.02234
COD,Congo - Kinshasa,Africa,2011,26.405999999999995,0.026405999999999995
COD,Congo - Kinshasa,Africa,2012,30.074000000000005,0.030074000000000004
COD,Congo - Kinshasa,Africa,2013,34.908,0.034908
COD,Congo - Kinshasa,Africa,2014,38.355,0.038355
COD,Congo - Kinshasa,Africa,2015,40.153999999999996,0.040153999999999995
COD,Congo - Kinshasa,Africa,2016,38.086000000000006,0.03808600000000001
COD,Congo - Kinshasa,Africa,2017,37.499,0.037499000000000005
COD,Congo - Kinshasa,Africa,2018,46.660000000000004,0.04666000000000001
COD,Congo - Kinshasa,Africa,2019,46.843999999999994,0.046844
COD,Congo - Kinshasa,Africa,2020,46.682,0.046682
COD,Congo - Kinshasa,Africa,2021,59.068000000000005,0.059068
COD,Congo - Kinshasa,Africa,2022,70.422,0.070422
COD,Congo - Kinshasa,Africa,2023,69.844,0.06984399999999999
COD,Congo - Kinshasa,Africa,2024,76.731,0.076731
COD,Congo - Kinshasa,Africa,2025,92.833,0.092833
COD,Congo - Kinshasa,Africa,2026,123.40600000000002,0.12340600000000002
COD,Congo - Kinshasa,Africa,2027,132.555,0.132555
COD,Congo - Kinshasa,Africa,2028,142.35200000000003,0.14235200000000003
COD,Congo - Kinshasa,Africa,2029,152.565,0.152565
COD,Congo - Kinshasa,Africa,2030,163.62800000000001,0.16362800000000002
COD,Congo - Kinshasa,Africa,2031,175.414,0.175414
CRI,Costa Rica,Americas,1980,4.853999999999999,0.004853999999999999
CRI,Costa Rica,Americas,1981,2.6359999999999997,0.002636
CRI,Costa Rica,Americas,1982,2.6189999999999998,0.002619
CRI,Costa Rica,Americas,1983,3.162,0.003162
CRI,Costa Rica,Americas,1984,3.678,0.003678
CRI,Costa Rica,Americas,1985,3.941,0.003941
CRI,Costa Rica,Americas,1986,4.424999999999999,0.004424999999999999
CRI,Costa Rica,Americas,1987,4.553999999999999,0.004553999999999999
CRI,Costa Rica,Americas,1988,4.636,0.004636
CRI,Costa Rica,Americas,1989,5.25,0.00525
CRI,Costa Rica,Americas,1990,5.737,0.005737
CRI,Costa Rica,Americas,1991,7.196999999999999,0.007196999999999999
CRI,Costa Rica,Americas,1992,8.566,0.008566
CRI,Costa Rica,Americas,1993,9.586,0.009586
CRI,Costa Rica,Americas,1994,10.489000000000003,0.010489000000000002
CRI,Costa Rica,Americas,1995,11.578000000000001,0.011578000000000001
CRI,Costa Rica,Americas,1996,11.683,0.011683
CRI,Costa Rica,Americas,1997,12.617999999999999,0.012617999999999999
CRI,Costa Rica,Americas,1998,13.688,0.013688
CRI,Costa Rica,Americas,1999,14.259,0.014259
CRI,Costa Rica,Americas,2000,15.016,0.015016
CRI,Costa Rica,Americas,2001,15.979000000000001,0.015979
CRI,Costa Rica,Americas,2002,16.584,0.016583999999999998
CRI,Costa Rica,Americas,2003,17.277,0.017277
CRI,Costa Rica,Americas,2004,18.615,0.018615
CRI,Costa Rica,Americas,2005,20.048999999999996,0.020048999999999997
CRI,Costa Rica,Americas,2006,22.717,0.022716999999999998
CRI,Costa Rica,Americas,2007,26.885,0.026885000000000003
CRI,Costa Rica,Americas,2008,30.802,0.030802
CRI,Costa Rica,Americas,2009,30.745999999999995,0.030745999999999996
CRI,Costa Rica,Americas,2010,37.656000000000006,0.03765600000000001
CRI,Costa Rica,Americas,2011,42.76200000000001,0.04276200000000001
CRI,Costa Rica,Americas,2012,47.231,0.047231
CRI,Costa Rica,Americas,2013,50.949000000000005,0.05094900000000001
CRI,Costa Rica,Americas,2014,52.016999999999996,0.052016999999999994
CRI,Costa Rica,Americas,2015,56.442,0.056442
CRI,Costa Rica,Americas,2016,58.846999999999994,0.058846999999999997
CRI,Costa Rica,Americas,2017,60.516999999999996,0.060516999999999994
CRI,Costa Rica,Americas,2018,62.57,0.06257
CRI,Costa Rica,Americas,2019,64.748,0.064748
CRI,Costa Rica,Americas,2020,62.79200000000001,0.06279200000000001
CRI,Costa Rica,Americas,2021,65.582,0.06558199999999999
CRI,Costa Rica,Americas,2022,70.993,0.070993
CRI,Costa Rica,Americas,2023,87.524,0.087524
CRI,Costa Rica,Americas,2024,96.73,0.09673000000000001
CRI,Costa Rica,Americas,2025,102.902,0.10290200000000001
CRI,Costa Rica,Americas,2026,109.93100000000001,0.10993100000000001
CRI,Costa Rica,Americas,2027,116.204,0.11620399999999999
CRI,Costa Rica,Americas,2028,122.751,0.122751
CRI,Costa Rica,Americas,2029,129.529,0.129529
CRI,Costa Rica,Americas,2030,136.738,0.136738
CRI,Costa Rica,Americas,2031,144.622,0.144622
HRV,Croatia,Europe,1992,0.568,5.679999999999999e-4
HRV,Croatia,Europe,1993,7.357999999999999,0.007357999999999999
HRV,Croatia,Europe,1994,16.669,0.016669
HRV,Croatia,Europe,1995,20.657000000000004,0.020657000000000005
HRV,Croatia,Europe,1996,22.104,0.022104
HRV,Croatia,Europe,1997,22.101,0.022101
HRV,Croatia,Europe,1998,23.971,0.023971
HRV,Croatia,Europe,1999,23.593,0.023593
HRV,Croatia,Europe,2000,22.145,0.022144999999999998
HRV,Croatia,Europe,2001,23.067999999999998,0.023067999999999998
HRV,Croatia,Europe,2002,26.739,0.026739000000000002
HRV,Croatia,Europe,2003,35.24,0.03524
HRV,Croatia,Europe,2004,41.81699999999999,0.04181699999999999
HRV,Croatia,Europe,2005,45.035000000000004,0.045035000000000006
HRV,Croatia,Europe,2006,49.583999999999996,0.049583999999999996
HRV,Croatia,Europe,2007,59.29500000000001,0.05929500000000001
HRV,Croatia,Europe,2008,68.46100000000001,0.06846100000000001
HRV,Croatia,Europe,2009,62.251000000000005,0.06225100000000001
HRV,Croatia,Europe,2010,59.028000000000006,0.059028000000000004
HRV,Croatia,Europe,2011,62.875,0.062875
HRV,Croatia,Europe,2012,57.586000000000006,0.057586000000000005
HRV,Croatia,Europe,2013,59.846000000000004,0.059846
HRV,Croatia,Europe,2014,59.62300000000001,0.05962300000000001
HRV,Croatia,Europe,2015,51.005,0.051005
HRV,Croatia,Europe,2016,52.636,0.052636
HRV,Croatia,Europe,2017,56.164,0.056164
HRV,Croatia,Europe,2018,61.694,0.061694000000000006
HRV,Croatia,Europe,2019,61.474000000000004,0.061474
HRV,Croatia,Europe,2020,57.913999999999994,0.05791399999999999
HRV,Croatia,Europe,2021,69.05199999999999,0.06905199999999999
HRV,Croatia,Europe,2022,71.257,0.071257
HRV,Croatia,Europe,2023,85.647,0.085647
HRV,Croatia,Europe,2024,92.95500000000001,0.09295500000000001
HRV,Croatia,Europe,2025,106.055,0.10605500000000001
HRV,Croatia,Europe,2026,116.574,0.116574
HRV,Croatia,Europe,2027,122.612,0.122612
HRV,Croatia,Europe,2028,128.198,0.128198
HRV,Croatia,Europe,2029,134.195,0.13419499999999998
HRV,Croatia,Europe,2030,140.601,0.140601
HRV,Croatia,Europe,2031,147.30100000000002,0.14730100000000002
CYP,Cyprus,Asia,1980,2.3139999999999996,0.0023139999999999997
CYP,Cyprus,Asia,1981,2.242,0.002242
CYP,Cyprus,Asia,1982,2.3189999999999995,0.0023189999999999994
CYP,Cyprus,Asia,1983,2.3209999999999997,0.0023209999999999997
CYP,Cyprus,Asia,1984,2.447,0.002447
CYP,Cyprus,Asia,1985,2.6109999999999998,0.0026109999999999996
CYP,Cyprus,Asia,1986,3.3169999999999997,0.0033169999999999996
CYP,Cyprus,Asia,1987,3.9789999999999996,0.003979
CYP,Cyprus,Asia,1988,4.589,0.004589
CYP,Cyprus,Asia,1989,4.901,0.004901
CYP,Cyprus,Asia,1990,6.003,0.0060030000000000005
CYP,Cyprus,Asia,1991,6.194999999999999,0.006194999999999999
CYP,Cyprus,Asia,1992,7.4239999999999995,0.007423999999999999
CYP,Cyprus,Asia,1993,7.097999999999999,0.007097999999999999
CYP,Cyprus,Asia,1994,8.004000000000001,0.008004
CYP,Cyprus,Asia,1995,9.937000000000001,0.009937000000000001
CYP,Cyprus,Asia,1996,10.016,0.010016
CYP,Cyprus,Asia,1997,9.543999999999999,0.009543999999999999
CYP,Cyprus,Asia,1998,10.251000000000001,0.010251000000000001
CYP,Cyprus,Asia,1999,10.502000000000002,0.010502000000000003
CYP,Cyprus,Asia,2000,9.988000000000001,0.009988000000000002
CYP,Cyprus,Asia,2001,10.397,0.010397
CYP,Cyprus,Asia,2002,11.422000000000002,0.011422000000000002
CYP,Cyprus,Asia,2003,14.552000000000001,0.014552
CYP,Cyprus,Asia,2004,17.328,0.017328
CYP,Cyprus,Asia,2005,18.713,0.018713
CYP,Cyprus,Asia,2006,20.421999999999997,0.020421999999999996
CYP,Cyprus,Asia,2007,24.081999999999997,0.024081999999999996
CYP,Cyprus,Asia,2008,27.954999999999995,0.027954999999999994
CYP,Cyprus,Asia,2009,26.02,0.026019999999999998
CYP,Cyprus,Asia,2010,25.821000000000005,0.025821000000000004
CYP,Cyprus,Asia,2011,27.637000000000004,0.027637000000000005
CYP,Cyprus,Asia,2012,25.062999999999995,0.025062999999999995
CYP,Cyprus,Asia,2013,23.959999999999997,0.02396
CYP,Cyprus,Asia,2014,23.232,0.023232
CYP,Cyprus,Asia,2015,19.911,0.019911
CYP,Cyprus,Asia,2016,21.041,0.021041
CYP,Cyprus,Asia,2017,22.938,0.022938
CYP,Cyprus,Asia,2018,25.76599999999999,0.02576599999999999
CYP,Cyprus,Asia,2019,26.2,0.026199999999999998
CYP,Cyprus,Asia,2020,25.535,0.025535
CYP,Cyprus,Asia,2021,30.392,0.030392
CYP,Cyprus,Asia,2022,31.242999999999995,0.031242999999999996
CYP,Cyprus,Asia,2023,35.085,0.035085
CYP,Cyprus,Asia,2024,37.62300000000001,0.03762300000000001
CYP,Cyprus,Asia,2025,41.019000000000005,0.04101900000000001
CYP,Cyprus,Asia,2026,45.17100000000001,0.04517100000000001
CYP,Cyprus,Asia,2027,47.358999999999995,0.04735899999999999
CYP,Cyprus,Asia,2028,49.815999999999995,0.04981599999999999
CYP,Cyprus,Asia,2029,52.479000000000006,0.052479000000000005
CYP,Cyprus,Asia,2030,55.22400000000001,0.05522400000000001
CYP,Cyprus,Asia,2031,58.098000000000006,0.058098000000000004
CZE,Czechia,Europe,1995,60.565000000000005,0.06056500000000001
CZE,Czechia,Europe,1996,67.80499999999999,0.06780499999999999
CZE,Czechia,Europe,1997,62.53,0.06253
CZE,Czechia,Europe,1998,67.161,0.067161
CZE,Czechia,Europe,1999,65.586,0.065586
CZE,Czechia,Europe,2000,62.17100000000001,0.062171000000000004
CZE,Czechia,Europe,2001,68.13599999999998,0.06813599999999999
CZE,Czechia,Europe,2002,82.596,0.082596
CZE,Czechia,Europe,2003,100.471,0.100471
CZE,Czechia,Europe,2004,120.148,0.12014799999999999
CZE,Czechia,Europe,2005,137.26399999999998,0.13726399999999997
CZE,Czechia,Europe,2006,156.236,0.15623599999999999
CZE,Czechia,Europe,2007,189.845,0.18984499999999999
CZE,Czechia,Europe,2008,236.82,0.23682
CZE,Czechia,Europe,2009,207.095,0.207095
CZE,Czechia,Europe,2010,211.16899999999998,0.211169
CZE,Czechia,Europe,2011,231.429,0.231429
CZE,Czechia,Europe,2012,210.363,0.210363
CZE,Czechia,Europe,2013,213.024,0.213024
CZE,Czechia,Europe,2014,210.911,0.21091100000000002
CZE,Czechia,Europe,2015,189.108,0.189108
CZE,Czechia,Europe,2016,198.161,0.198161
CZE,Czechia,Europe,2017,221.564,0.22156399999999998
CZE,Czechia,Europe,2018,251.99200000000002,0.251992
CZE,Czechia,Europe,2019,256.79399999999987,0.25679399999999986
CZE,Czechia,Europe,2020,251.10999999999999,0.25111
CZE,Czechia,Europe,2021,290.97299999999996,0.290973
CZE,Czechia,Europe,2022,301.83099999999996,0.30183099999999996
CZE,Czechia,Europe,2023,345.0590000000001,0.34505900000000006
CZE,Czechia,Europe,2024,347.083,0.34708300000000003
CZE,Czechia,Europe,2025,389.0199999999999,0.3890199999999999
CZE,Czechia,Europe,2026,432.59699999999987,0.43259699999999984
CZE,Czechia,Europe,2027,451.1,0.4511
CZE,Czechia,Europe,2028,469.574,0.469574
CZE,Czechia,Europe,2029,487.9409999999999,0.4879409999999999
CZE,Czechia,Europe,2030,506.78399999999993,0.5067839999999999
CZE,Czechia,Europe,2031,526.286,0.5262859999999999
CIV,Côte d’Ivoire,Africa,1980,13.877000000000002,0.013877000000000002
CIV,Côte d’Ivoire,Africa,1981,11.502000000000002,0.011502000000000002
CIV,Côte d’Ivoire,Africa,1982,10.32,0.010320000000000001
CIV,Côte d’Ivoire,Africa,1983,9.312000000000001,0.009312
CIV,Côte d’Ivoire,Africa,1984,9.283999999999999,0.009283999999999999
CIV,Côte d’Ivoire,Africa,1985,9.47,0.009470000000000001
CIV,Côte d’Ivoire,Africa,1986,12.675000000000002,0.012675000000000002
CIV,Côte d’Ivoire,Africa,1987,13.944,0.013944000000000002
CIV,Côte d’Ivoire,Africa,1988,14.092000000000002,0.014092000000000002
CIV,Côte d’Ivoire,Africa,1989,13.487,0.013487
CIV,Côte d’Ivoire,Africa,1990,14.923,0.014923
CIV,Côte d’Ivoire,Africa,1991,14.504,0.014504
CIV,Côte d’Ivoire,Africa,1992,15.416,0.015416000000000001
CIV,Côte d’Ivoire,Africa,1993,15.268,0.015268
CIV,Côte d’Ivoire,Africa,1994,11.492000000000003,0.011492000000000002
CIV,Côte d’Ivoire,Africa,1995,15.205,0.015205
CIV,Côte d’Ivoire,Africa,1996,16.779999999999998,0.016779999999999996
CIV,Côte d’Ivoire,Africa,1997,16.202999999999996,0.016202999999999995
CIV,Côte d’Ivoire,Africa,1998,17.433,0.017433
CIV,Côte d’Ivoire,Africa,1999,17.114000000000004,0.017114000000000004
CIV,Côte d’Ivoire,Africa,2000,14.851000000000003,0.014851000000000003
CIV,Côte d’Ivoire,Africa,2001,15.485000000000001,0.015485
CIV,Côte d’Ivoire,Africa,2002,17.148,0.017148
CIV,Côte d’Ivoire,Africa,2003,21.206,0.021206
CIV,Côte d’Ivoire,Africa,2004,22.923999999999996,0.022923999999999996
CIV,Côte d’Ivoire,Africa,2005,23.626,0.023626
CIV,Côte d’Ivoire,Africa,2006,24.628,0.024628
CIV,Côte d’Ivoire,Africa,2007,28.158,0.028158000000000002
CIV,Côte d’Ivoire,Africa,2008,33.621,0.033621000000000005
CIV,Côte d’Ivoire,Africa,2009,33.69300000000001,0.033693000000000015
CIV,Côte d’Ivoire,Africa,2010,34.431000000000004,0.034431
CIV,Côte d’Ivoire,Africa,2011,35.529,0.035529000000000005
CIV,Côte d’Ivoire,Africa,2012,37.03,0.03703
CIV,Côte d’Ivoire,Africa,2013,43.22800000000001,0.04322800000000001
CIV,Côte d’Ivoire,Africa,2014,48.882,0.048881999999999995
CIV,Côte d’Ivoire,Africa,2015,45.815,0.045814999999999995
CIV,Côte d’Ivoire,Africa,2016,48.408,0.048408
CIV,Côte d’Ivoire,Africa,2017,52.512,0.052512
CIV,Côte d’Ivoire,Africa,2018,58.522000000000006,0.058522000000000005
CIV,Côte d’Ivoire,Africa,2019,60.382999999999996,0.06038299999999999
CIV,Côte d’Ivoire,Africa,2020,63.119,0.063119
CIV,Côte d’Ivoire,Africa,2021,72.833,0.072833
CIV,Côte d’Ivoire,Africa,2022,71.07499999999999,0.07107499999999999
CIV,Côte d’Ivoire,Africa,2023,80.792,0.080792
CIV,Côte d’Ivoire,Africa,2024,87.13199999999999,0.08713199999999999
CIV,Côte d’Ivoire,Africa,2025,98.88499999999999,0.09888499999999999
CIV,Côte d’Ivoire,Africa,2026,112.115,0.11211499999999999
CIV,Côte d’Ivoire,Africa,2027,121.282,0.121282
CIV,Côte d’Ivoire,Africa,2028,131.516,0.131516
CIV,Côte d’Ivoire,Africa,2029,143.461,0.143461
CIV,Côte d’Ivoire,Africa,2030,156.28,0.15628
CIV,Côte d’Ivoire,Africa,2031,169.767,0.169767
DNK,Denmark,Europe,1980,70.811,0.07081100000000001
DNK,Denmark,Europe,1981,61.46,0.06146
DNK,Denmark,Europe,1982,60.083999999999996,0.060084
DNK,Denmark,Europe,1983,60.330999999999996,0.060330999999999996
DNK,Denmark,Europe,1984,58.869,0.058869
DNK,Denmark,Europe,1985,62.452,0.062452
DNK,Denmark,Europe,1986,87.749,0.087749
DNK,Denmark,Europe,1987,109.183,0.109183
DNK,Denmark,Europe,1988,115.54000000000002,0.11554000000000002
DNK,Denmark,Europe,1989,112.312,0.112312
DNK,Denmark,Europe,1990,138.219,0.13821899999999998
DNK,Denmark,Europe,1991,139.18200000000002,0.13918200000000003
DNK,Denmark,Europe,1992,152.966,0.15296600000000002
DNK,Denmark,Europe,1993,143.10999999999999,0.14311
DNK,Denmark,Europe,1994,156.01899999999998,0.15601899999999996
DNK,Denmark,Europe,1995,184.85,0.18485
DNK,Denmark,Europe,1996,187.48200000000003,0.18748200000000004
DNK,Denmark,Europe,1997,173.242,0.17324199999999998
DNK,Denmark,Europe,1998,176.876,0.176876
DNK,Denmark,Europe,1999,177.88700000000003,0.17788700000000002
DNK,Denmark,Europe,2000,164.04299999999998,0.16404299999999997
DNK,Denmark,Europe,2001,164.88100000000003,0.16488100000000003
DNK,Denmark,Europe,2002,178.788,0.178788
DNK,Denmark,Europe,2003,218.42200000000003,0.21842200000000003
DNK,Denmark,Europe,2004,251.98800000000003,0.25198800000000005
DNK,Denmark,Europe,2005,265.15,0.26515
DNK,Denmark,Europe,2006,283.387,0.283387
DNK,Denmark,Europe,2007,320.21299999999997,0.32021299999999997
DNK,Denmark,Europe,2008,354.97699999999986,0.3549769999999999
DNK,Denmark,Europe,2009,322.6209999999999,0.32262099999999994
DNK,Denmark,Europe,2010,322.346,0.322346
DNK,Denmark,Europe,2011,344.3159999999999,0.3443159999999999
DNK,Denmark,Europe,2012,326.79299999999995,0.32679299999999994
DNK,Denmark,Europe,2013,344.6309999999999,0.3446309999999999
DNK,Denmark,Europe,2014,352.833,0.352833
DNK,Denmark,Europe,2015,301.759,0.301759
DNK,Denmark,Europe,2016,312.182,0.312182
DNK,Denmark,Europe,2017,331.611,0.331611
DNK,Denmark,Europe,2018,355.29299999999995,0.35529299999999997
DNK,Denmark,Europe,2019,345.40199999999993,0.34540199999999993
DNK,Denmark,Europe,2020,355.6309999999999,0.3556309999999999
DNK,Denmark,Europe,2021,406.11,0.40611
DNK,Denmark,Europe,2022,400.115,0.400115
DNK,Denmark,Europe,2023,404.652,0.404652
DNK,Denmark,Europe,2024,424.5249999999999,0.42452499999999993
DNK,Denmark,Europe,2025,461.71799999999996,0.46171799999999996
DNK,Denmark,Europe,2026,503.77199999999993,0.5037719999999999
DNK,Denmark,Europe,2027,525.2279999999998,0.5252279999999998
DNK,Denmark,Europe,2028,546.484,0.5464840000000001
DNK,Denmark,Europe,2029,567.415,0.567415
DNK,Denmark,Europe,2030,589.219,0.589219
DNK,Denmark,Europe,2031,611.871,0.6118709999999999
DJI,Djibouti,Africa,1990,0.635,6.35e-4
DJI,Djibouti,Africa,1991,0.65,6.5e-4
DJI,Djibouti,Africa,1992,0.6719999999999999,6.72e-4
DJI,Djibouti,Africa,1993,0.655,6.55e-4
DJI,Djibouti,Africa,1994,0.6909999999999998,6.909999999999999e-4
DJI,Djibouti,Africa,1995,0.6989999999999998,6.989999999999999e-4
DJI,Djibouti,Africa,1996,0.6939999999999998,6.939999999999998e-4
DJI,Djibouti,Africa,1997,0.706,7.059999999999999e-4
DJI,Djibouti,Africa,1998,0.722,7.22e-4
DJI,Djibouti,Africa,1999,0.759,7.59e-4
DJI,Djibouti,Africa,2000,0.7809999999999999,7.809999999999999e-4
DJI,Djibouti,Africa,2001,0.811,8.110000000000001e-4
DJI,Djibouti,Africa,2002,0.8370000000000001,8.370000000000001e-4
DJI,Djibouti,Africa,2003,0.882,8.82e-4
DJI,Djibouti,Africa,2004,0.936,9.360000000000001e-4
DJI,Djibouti,Africa,2005,0.996,9.96e-4
DJI,Djibouti,Africa,2006,1.08,0.00108
DJI,Djibouti,Africa,2007,1.191,0.001191
DJI,Djibouti,Africa,2008,1.3819999999999997,0.0013819999999999998
DJI,Djibouti,Africa,2009,1.4259999999999995,0.0014259999999999995
DJI,Djibouti,Africa,2010,1.544,0.001544
DJI,Djibouti,Africa,2011,1.74,0.00174
DJI,Djibouti,Africa,2012,1.9009999999999998,0.0019009999999999997
DJI,Djibouti,Africa,2013,2.044,0.0020440000000000002
DJI,Djibouti,Africa,2014,2.221,0.002221
DJI,Djibouti,Africa,2015,2.424,0.002424
DJI,Djibouti,Africa,2016,2.605,0.002605
DJI,Djibouti,Africa,2017,2.763,0.002763
DJI,Djibouti,Africa,2018,2.9129999999999994,0.0029129999999999994
DJI,Djibouti,Africa,2019,3.089,0.003089
DJI,Djibouti,Africa,2020,3.144,0.003144
DJI,Djibouti,Africa,2021,3.3929999999999993,0.0033929999999999993
DJI,Djibouti,Africa,2022,3.563,0.003563
DJI,Djibouti,Africa,2023,3.8979999999999997,0.0038979999999999996
DJI,Djibouti,Africa,2024,4.151999999999999,0.0041519999999999994
DJI,Djibouti,Africa,2025,4.378,0.004378
DJI,Djibouti,Africa,2026,4.724999999999999,0.004724999999999999
DJI,Djibouti,Africa,2027,5.063999999999999,0.005063999999999999
DJI,Djibouti,Africa,2028,5.392999999999999,0.0053929999999999985
DJI,Djibouti,Africa,2029,5.745,0.005745
DJI,Djibouti,Africa,2030,6.1209999999999996,0.006121
DJI,Djibouti,Africa,2031,6.520999999999999,0.006520999999999999
DMA,Dominica,Americas,1980,0.07299999999999998,7.299999999999999e-5
DMA,Dominica,Americas,1981,0.082,8.2e-5
DMA,Dominica,Americas,1982,0.08999999999999998,8.999999999999998e-5
DMA,Dominica,Americas,1983,0.09899999999999999,9.9e-5
DMA,Dominica,Americas,1984,0.109,1.0899999999999999e-4
DMA,Dominica,Americas,1985,0.11899999999999997,1.1899999999999997e-4
DMA,Dominica,Americas,1986,0.135,1.35e-4
DMA,Dominica,Americas,1987,0.15200000000000002,1.5200000000000004e-4
DMA,Dominica,Americas,1988,0.171,1.71e-4
DMA,Dominica,Americas,1989,0.185,1.85e-4
DMA,Dominica,Americas,1990,0.201,2.01e-4
DMA,Dominica,Americas,1991,0.22,2.2e-4
DMA,Dominica,Americas,1992,0.234,2.3400000000000002e-4
DMA,Dominica,Americas,1993,0.24600000000000002,2.46e-4
DMA,Dominica,Americas,1994,0.264,2.64e-4
DMA,Dominica,Americas,1995,0.275,2.75e-4
DMA,Dominica,Americas,1996,0.29200000000000004,2.9200000000000005e-4
DMA,Dominica,Americas,1997,0.30300000000000005,3.0300000000000005e-4
DMA,Dominica,Americas,1998,0.322,3.22e-4
DMA,Dominica,Americas,1999,0.33199999999999996,3.3199999999999994e-4
DMA,Dominica,Americas,2000,0.33299999999999996,3.3299999999999996e-4
DMA,Dominica,Americas,2001,0.33999999999999997,3.3999999999999997e-4
DMA,Dominica,Americas,2002,0.33299999999999996,3.3299999999999996e-4
DMA,Dominica,Americas,2003,0.343,3.4300000000000004e-4
DMA,Dominica,Americas,2004,0.36700000000000005,3.6700000000000003e-4
DMA,Dominica,Americas,2005,0.36400000000000005,3.6400000000000007e-4
DMA,Dominica,Americas,2006,0.39,3.9e-4
DMA,Dominica,Americas,2007,0.4210000000000001,4.210000000000001e-4
DMA,Dominica,Americas,2008,0.458,4.58e-4
DMA,Dominica,Americas,2009,0.4890000000000001,4.890000000000001e-4
DMA,Dominica,Americas,2010,0.49400000000000005,4.940000000000001e-4
DMA,Dominica,Americas,2011,0.501,5.01e-4
DMA,Dominica,Americas,2012,0.4860000000000001,4.860000000000001e-4
DMA,Dominica,Americas,2013,0.498,4.98e-4
DMA,Dominica,Americas,2014,0.52,5.200000000000001e-4
DMA,Dominica,Americas,2015,0.541,5.41e-4
DMA,Dominica,Americas,2016,0.5760000000000001,5.76e-4
DMA,Dominica,Americas,2017,0.522,5.22e-4
DMA,Dominica,Americas,2018,0.555,5.55e-4
DMA,Dominica,Americas,2019,0.612,6.12e-4
DMA,Dominica,Americas,2020,0.504,5.04e-4
DMA,Dominica,Americas,2021,0.555,5.55e-4
DMA,Dominica,Americas,2022,0.607,6.07e-4
DMA,Dominica,Americas,2023,0.659,6.590000000000001e-4
DMA,Dominica,Americas,2024,0.6889999999999998,6.889999999999998e-4
DMA,Dominica,Americas,2025,0.744,7.44e-4
DMA,Dominica,Americas,2026,0.7909999999999999,7.909999999999999e-4
DMA,Dominica,Americas,2027,0.8320000000000001,8.320000000000001e-4
DMA,Dominica,Americas,2028,0.8730000000000001,8.730000000000001e-4
DMA,Dominica,Americas,2029,0.914,9.14e-4
DMA,Dominica,Americas,2030,0.9530000000000001,9.530000000000001e-4
DMA,Dominica,Americas,2031,0.994,9.94e-4
DOM,Dominican Republic,Americas,1980,8.672,0.008672000000000001
DOM,Dominican Republic,Americas,1981,9.697999999999999,0.009697999999999998
DOM,Dominican Republic,Americas,1982,9.140999999999998,0.009140999999999998
DOM,Dominican Republic,Americas,1983,9.461,0.009461
DOM,Dominican Republic,Americas,1984,14.870000000000003,0.014870000000000003
DOM,Dominican Republic,Americas,1985,6.496,0.006496
DOM,Dominican Republic,Americas,1986,7.891,0.007891
DOM,Dominican Republic,Americas,1987,8.305000000000001,0.008305000000000002
DOM,Dominican Republic,Americas,1988,7.6049999999999995,0.007605
DOM,Dominican Republic,Americas,1989,8.589,0.008589000000000001
DOM,Dominican Republic,Americas,1990,7.995,0.007995
DOM,Dominican Republic,Americas,1991,9.887,0.009887
DOM,Dominican Republic,Americas,1992,11.605,0.011605
DOM,Dominican Republic,Americas,1993,13.081,0.013080999999999999
DOM,Dominican Republic,Americas,1994,14.645,0.014645
DOM,Dominican Republic,Americas,1995,16.637000000000004,0.016637000000000002
DOM,Dominican Republic,Americas,1996,18.241999999999997,0.018241999999999998
DOM,Dominican Republic,Americas,1997,20.017,0.020017
DOM,Dominican Republic,Americas,1998,21.672,0.021672
DOM,Dominican Republic,Americas,1999,22.137000000000004,0.022137000000000004
DOM,Dominican Republic,Americas,2000,24.306,0.024306
DOM,Dominican Republic,Americas,2001,25.602,0.025602
DOM,Dominican Republic,Americas,2002,27.248999999999995,0.027248999999999995
DOM,Dominican Republic,Americas,2003,21.518,0.021518000000000002
DOM,Dominican Republic,Americas,2004,22.506,0.022506
DOM,Dominican Republic,Americas,2005,35.948,0.035948
DOM,Dominican Republic,Americas,2006,37.998000000000005,0.037998000000000004
DOM,Dominican Republic,Americas,2007,44.067,0.044067
DOM,Dominican Republic,Americas,2008,48.17400000000001,0.04817400000000001
DOM,Dominican Republic,Americas,2009,48.281000000000006,0.048281000000000004
DOM,Dominican Republic,Americas,2010,53.862,0.053862
DOM,Dominican Republic,Americas,2011,58.006,0.058006
DOM,Dominican Republic,Americas,2012,60.627,0.060627
DOM,Dominican Republic,Americas,2013,62.631,0.062631
DOM,Dominican Republic,Americas,2014,67.09800000000001,0.06709800000000002
DOM,Dominican Republic,Americas,2015,71.05599999999998,0.07105599999999998
DOM,Dominican Republic,Americas,2016,75.62499999999999,0.07562499999999998
DOM,Dominican Republic,Americas,2017,79.15299999999999,0.07915299999999999
DOM,Dominican Republic,Americas,2018,85.06800000000001,0.08506800000000002
DOM,Dominican Republic,Americas,2019,89.237,0.089237
DOM,Dominican Republic,Americas,2020,78.62499999999999,0.07862499999999999
DOM,Dominican Republic,Americas,2021,95.067,0.095067
DOM,Dominican Republic,Americas,2022,113.813,0.113813
DOM,Dominican Republic,Americas,2023,120.79400000000001,0.12079400000000001
DOM,Dominican Republic,Americas,2024,124.613,0.124613
DOM,Dominican Republic,Americas,2025,127.895,0.127895
DOM,Dominican Republic,Americas,2026,136.148,0.136148
DOM,Dominican Republic,Americas,2027,144.243,0.14424299999999998
DOM,Dominican Republic,Americas,2028,154.411,0.154411
DOM,Dominican Republic,Americas,2029,165.495,0.165495
DOM,Dominican Republic,Americas,2030,177.435,0.177435
DOM,Dominican Republic,Americas,2031,190.474,0.19047399999999998
ECU,Ecuador,Americas,1980,16.116000000000003,0.016116000000000002
ECU,Ecuador,Americas,1981,16.501,0.016501000000000002
ECU,Ecuador,Americas,1982,16.474,0.016474
ECU,Ecuador,Americas,1983,14.478,0.014478
ECU,Ecuador,Americas,1984,15.408000000000001,0.015408000000000002
ECU,Ecuador,Americas,1985,18.02,0.01802
ECU,Ecuador,Americas,1986,13.222,0.013222
ECU,Ecuador,Americas,1987,12.355000000000002,0.012355000000000001
ECU,Ecuador,Americas,1988,11.749,0.011749
ECU,Ecuador,Americas,1989,11.531,0.011531000000000001
ECU,Ecuador,Americas,1990,11.71,0.011710000000000002
ECU,Ecuador,Americas,1991,13.139,0.013139
ECU,Ecuador,Americas,1992,14.367000000000003,0.014367000000000003
ECU,Ecuador,Americas,1993,16.782999999999998,0.016783
ECU,Ecuador,Americas,1994,20.238,0.020238
ECU,Ecuador,Americas,1995,21.979999999999997,0.021979999999999996
ECU,Ecuador,Americas,1996,23.001,0.023001
ECU,Ecuador,Americas,1997,25.847,0.025847000000000002
ECU,Ecuador,Americas,1998,26.292,0.026292000000000003
ECU,Ecuador,Americas,1999,18.890999999999995,0.018890999999999995
ECU,Ecuador,Americas,2000,17.531,0.017530999999999998
ECU,Ecuador,Americas,2001,23.127,0.023126999999999998
ECU,Ecuador,Americas,2002,27.053999999999995,0.027053999999999995
ECU,Ecuador,Americas,2003,30.964999999999996,0.030964999999999996
ECU,Ecuador,Americas,2004,35.19500000000001,0.035195000000000004
ECU,Ecuador,Americas,2005,40.279,0.040279
ECU,Ecuador,Americas,2006,45.691,0.045691
ECU,Ecuador,Americas,2007,49.849000000000004,0.049849000000000004
ECU,Ecuador,Americas,2008,61.139,0.061139000000000006
ECU,Ecuador,Americas,2009,60.095000000000006,0.060095
ECU,Ecuador,Americas,2010,68.15099999999998,0.06815099999999998
ECU,Ecuador,Americas,2011,78.987,0.078987
ECU,Ecuador,Americas,2012,87.73500000000001,0.08773500000000001
ECU,Ecuador,Americas,2013,96.57,0.09656999999999999
ECU,Ecuador,Americas,2014,102.718,0.102718
ECU,Ecuador,Americas,2015,97.21,0.09720999999999999
ECU,Ecuador,Americas,2016,97.67099999999999,0.097671
ECU,Ecuador,Americas,2017,104.46700000000001,0.10446700000000002
ECU,Ecuador,Americas,2018,107.479,0.107479
ECU,Ecuador,Americas,2019,107.596,0.107596
ECU,Ecuador,Americas,2020,95.865,0.09586499999999999
ECU,Ecuador,Americas,2021,107.17899999999999,0.10717899999999998
ECU,Ecuador,Americas,2022,116.133,0.116133
ECU,Ecuador,Americas,2023,120.79300000000002,0.12079300000000003
ECU,Ecuador,Americas,2024,123.802,0.12380200000000001
ECU,Ecuador,Americas,2025,130.32100000000003,0.13032100000000002
ECU,Ecuador,Americas,2026,138.194,0.13819399999999998
ECU,Ecuador,Americas,2027,144.135,0.14413499999999999
ECU,Ecuador,Americas,2028,150.136,0.150136
ECU,Ecuador,Americas,2029,156.661,0.156661
ECU,Ecuador,Americas,2030,163.818,0.16381800000000002
ECU,Ecuador,Americas,2031,171.30200000000002,0.171302
EGY,Egypt,Africa,1980,23.523,0.023523
EGY,Egypt,Africa,1981,25.76,0.02576
EGY,Egypt,Africa,1982,30.478999999999996,0.030478999999999996
EGY,Egypt,Africa,1983,37.254000000000005,0.037254
EGY,Egypt,Africa,1984,41.888,0.041887999999999995
EGY,Egypt,Africa,1985,48.840999999999994,0.048840999999999996
EGY,Egypt,Africa,1986,54.076,0.054076
EGY,Egypt,Africa,1987,77.35899999999998,0.07735899999999998
EGY,Egypt,Africa,1988,92.53,0.09253
EGY,Egypt,Africa,1989,115.362,0.11536199999999999
EGY,Egypt,Africa,1990,96.087,0.096087
EGY,Egypt,Africa,1991,48.431000000000004,0.048431
EGY,Egypt,Africa,1992,44.168000000000006,0.044168000000000006
EGY,Egypt,Africa,1993,49.526,0.049526
EGY,Egypt,Africa,1994,54.550000000000004,0.05455
EGY,Egypt,Africa,1995,63.25,0.06325
EGY,Egypt,Africa,1996,71.118,0.071118
EGY,Egypt,Africa,1997,79.777,0.079777
EGY,Egypt,Africa,1998,89.18899999999998,0.08918899999999998
EGY,Egypt,Africa,1999,95.039,0.095039
EGY,Egypt,Africa,2000,104.752,0.104752
EGY,Egypt,Africa,2001,102.273,0.102273
EGY,Egypt,Africa,2002,90.261,0.090261
EGY,Egypt,Africa,2003,85.16299999999998,0.08516299999999999
EGY,Egypt,Africa,2004,82.85499999999999,0.08285499999999998
EGY,Egypt,Africa,2005,94.12699999999998,0.09412699999999997
EGY,Egypt,Africa,2006,112.902,0.112902
EGY,Egypt,Africa,2007,137.055,0.137055
EGY,Egypt,Africa,2008,170.797,0.170797
EGY,Egypt,Africa,2009,198.316,0.198316
EGY,Egypt,Africa,2010,230.024,0.230024
EGY,Egypt,Africa,2011,247.726,0.247726
EGY,Egypt,Africa,2012,294.482,0.294482
EGY,Egypt,Africa,2013,303.194,0.303194
EGY,Egypt,Africa,2014,321.634,0.32163400000000003
EGY,Egypt,Africa,2015,350.1190000000001,0.35011900000000007
EGY,Egypt,Africa,2016,351.4429999999999,0.35144299999999995
EGY,Egypt,Africa,2017,246.82600000000002,0.24682600000000002
EGY,Egypt,Africa,2018,263.156,0.263156
EGY,Egypt,Africa,2019,317.894,0.317894
EGY,Egypt,Africa,2020,382.5249999999999,0.3825249999999999
EGY,Egypt,Africa,2021,423.3,0.4233
EGY,Egypt,Africa,2022,475.23099999999994,0.47523099999999996
EGY,Egypt,Africa,2023,393.8279999999999,0.3938279999999999
EGY,Egypt,Africa,2024,383.105,0.38310500000000003
EGY,Egypt,Africa,2025,364.64,0.36463999999999996
EGY,Egypt,Africa,2026,429.645,0.429645
EGY,Egypt,Africa,2027,457.075,0.457075
EGY,Egypt,Africa,2028,508.47,0.50847
EGY,Egypt,Africa,2029,560.081,0.560081
EGY,Egypt,Africa,2030,610.982,0.610982
EGY,Egypt,Africa,2031,665.595,0.665595
SLV,El Salvador,Americas,1980,3.9119999999999995,0.003912
SLV,El Salvador,Americas,1981,3.449,0.003449
SLV,El Salvador,Americas,1982,3.4059999999999997,0.0034059999999999997
SLV,El Salvador,Americas,1983,3.261,0.003261
SLV,El Salvador,Americas,1984,2.385,0.002385
SLV,El Salvador,Americas,1985,2.3189999999999995,0.0023189999999999994
SLV,El Salvador,Americas,1986,2.3349999999999995,0.0023349999999999994
SLV,El Salvador,Americas,1987,2.3739999999999997,0.002374
SLV,El Salvador,Americas,1988,2.771,0.002771
SLV,El Salvador,Americas,1989,3.167,0.0031669999999999997
SLV,El Salvador,Americas,1990,4.817999999999999,0.0048179999999999985
SLV,El Salvador,Americas,1991,5.252,0.005252
SLV,El Salvador,Americas,1992,5.812999999999999,0.005812999999999999
SLV,El Salvador,Americas,1993,6.68,0.006679999999999999
SLV,El Salvador,Americas,1994,7.679,0.007679
SLV,El Salvador,Americas,1995,8.922,0.008922000000000001
SLV,El Salvador,Americas,1996,9.586,0.009586
SLV,El Salvador,Americas,1997,10.222,0.010222
SLV,El Salvador,Americas,1998,10.937000000000001,0.010937
SLV,El Salvador,Americas,1999,11.284,0.011284
SLV,El Salvador,Americas,2000,11.785,0.011785
SLV,El Salvador,Americas,2001,12.283000000000001,0.012283
SLV,El Salvador,Americas,2002,12.664,0.012664
SLV,El Salvador,Americas,2003,13.243999999999998,0.013243999999999999
SLV,El Salvador,Americas,2004,13.725,0.013725
SLV,El Salvador,Americas,2005,14.697999999999999,0.014698
SLV,El Salvador,Americas,2006,16,0.016
SLV,El Salvador,Americas,2007,17.012,0.017012
SLV,El Salvador,Americas,2008,17.98699999999999,0.017986999999999993
SLV,El Salvador,Americas,2009,17.602,0.017602
SLV,El Salvador,Americas,2010,18.447999999999997,0.018447999999999996
SLV,El Salvador,Americas,2011,20.283999999999995,0.020283999999999996
SLV,El Salvador,Americas,2012,21.385999999999996,0.021385999999999995
SLV,El Salvador,Americas,2013,21.991,0.021991
SLV,El Salvador,Americas,2014,22.593,0.022593
SLV,El Salvador,Americas,2015,23.438,0.023438
SLV,El Salvador,Americas,2016,24.191,0.024190999999999997
SLV,El Salvador,Americas,2017,24.978999999999996,0.024978999999999994
SLV,El Salvador,Americas,2018,26.021,0.026021000000000002
SLV,El Salvador,Americas,2019,26.881,0.026881
SLV,El Salvador,Americas,2020,24.920999999999996,0.024920999999999995
SLV,El Salvador,Americas,2021,29.042999999999996,0.029042999999999996
SLV,El Salvador,Americas,2022,31.87,0.03187
SLV,El Salvador,Americas,2023,33.854,0.033854
SLV,El Salvador,Americas,2024,35.365,0.035365
SLV,El Salvador,Americas,2025,37.26800000000001,0.03726800000000001
SLV,El Salvador,Americas,2026,39.838,0.039838
SLV,El Salvador,Americas,2027,42.139,0.042139
SLV,El Salvador,Americas,2028,44.588,0.044588
SLV,El Salvador,Americas,2029,47.085,0.047085
SLV,El Salvador,Americas,2030,49.568000000000005,0.04956800000000001
SLV,El Salvador,Americas,2031,52.243,0.052243000000000005
GNQ,Equatorial Guinea,Africa,1980,0.032,3.2e-5
GNQ,Equatorial Guinea,Africa,1981,0.03,2.9999999999999997e-5
GNQ,Equatorial Guinea,Africa,1982,0.034999999999999996,3.5e-5
GNQ,Equatorial Guinea,Africa,1983,0.04,4e-5
GNQ,Equatorial Guinea,Africa,1984,0.044000000000000004,4.4000000000000006e-5
GNQ,Equatorial Guinea,Africa,1985,0.07399999999999998,7.399999999999998e-5
GNQ,Equatorial Guinea,Africa,1986,0.09099999999999998,9.099999999999999e-5
GNQ,Equatorial Guinea,Africa,1987,0.111,1.11e-4
GNQ,Equatorial Guinea,Africa,1988,0.11899999999999997,1.1899999999999997e-4
GNQ,Equatorial Guinea,Africa,1989,0.10500000000000001,1.05e-4
GNQ,Equatorial Guinea,Africa,1990,0.133,1.33e-4
GNQ,Equatorial Guinea,Africa,1991,0.132,1.32e-4
GNQ,Equatorial Guinea,Africa,1992,0.16,1.6e-4
GNQ,Equatorial Guinea,Africa,1993,0.162,1.62e-4
GNQ,Equatorial Guinea,Africa,1994,0.12000000000000001,1.2e-4
GNQ,Equatorial Guinea,Africa,1995,0.169,1.6900000000000002e-4
GNQ,Equatorial Guinea,Africa,1996,0.276,2.7600000000000004e-4
GNQ,Equatorial Guinea,Africa,1997,0.526,5.26e-4
GNQ,Equatorial Guinea,Africa,1998,0.44,4.4e-4
GNQ,Equatorial Guinea,Africa,1999,0.738,7.379999999999999e-4
GNQ,Equatorial Guinea,Africa,2000,1.159,0.001159
GNQ,Equatorial Guinea,Africa,2001,1.6739999999999997,0.0016739999999999997
GNQ,Equatorial Guinea,Africa,2002,2.07,0.00207
GNQ,Equatorial Guinea,Africa,2003,3.733,0.003733
GNQ,Equatorial Guinea,Africa,2004,5.935,0.005934999999999999
GNQ,Equatorial Guinea,Africa,2005,8.190999999999999,0.008190999999999999
GNQ,Equatorial Guinea,Africa,2006,10.096,0.010096
GNQ,Equatorial Guinea,Africa,2007,13.091000000000001,0.013091000000000002
GNQ,Equatorial Guinea,Africa,2008,19.828,0.019828
GNQ,Equatorial Guinea,Africa,2009,15.072000000000001,0.015072
GNQ,Equatorial Guinea,Africa,2010,16.328,0.016328
GNQ,Equatorial Guinea,Africa,2011,21.354,0.021353999999999998
GNQ,Equatorial Guinea,Africa,2012,22.402999999999995,0.022402999999999996
GNQ,Equatorial Guinea,Africa,2013,21.949,0.021949000000000003
GNQ,Equatorial Guinea,Africa,2014,21.771,0.021771000000000002
GNQ,Equatorial Guinea,Africa,2015,13.187000000000001,0.013187
GNQ,Equatorial Guinea,Africa,2016,11.237999999999998,0.011237999999999998
GNQ,Equatorial Guinea,Africa,2017,12.197000000000001,0.012197000000000001
GNQ,Equatorial Guinea,Africa,2018,13.309000000000001,0.013309000000000001
GNQ,Equatorial Guinea,Africa,2019,11.365000000000002,0.011365000000000002
GNQ,Equatorial Guinea,Africa,2020,9.908000000000001,0.009908000000000002
GNQ,Equatorial Guinea,Africa,2021,12.222,0.012222
GNQ,Equatorial Guinea,Africa,2022,13.717,0.013717
GNQ,Equatorial Guinea,Africa,2023,12.339,0.012339000000000001
GNQ,Equatorial Guinea,Africa,2024,12.769,0.012769
GNQ,Equatorial Guinea,Africa,2025,12.484,0.012484
GNQ,Equatorial Guinea,Africa,2026,13.722,0.013722
GNQ,Equatorial Guinea,Africa,2027,13.504,0.013504
GNQ,Equatorial Guinea,Africa,2028,13.625,0.013625
GNQ,Equatorial Guinea,Africa,2029,14.192,0.014192
GNQ,Equatorial Guinea,Africa,2030,14.982000000000001,0.014982
GNQ,Equatorial Guinea,Africa,2031,15.726999999999999,0.015726999999999998
ERI,Eritrea,Africa,1992,0.606,6.06e-4
ERI,Eritrea,Africa,1993,0.374,3.74e-4
ERI,Eritrea,Africa,1994,0.43300000000000005,4.3300000000000006e-4
ERI,Eritrea,Africa,1995,0.48300000000000004,4.8300000000000003e-4
ERI,Eritrea,Africa,1996,0.5790000000000001,5.790000000000001e-4
ERI,Eritrea,Africa,1997,0.594,5.94e-4
ERI,Eritrea,Africa,1998,0.626,6.26e-4
ERI,Eritrea,Africa,1999,0.614,6.14e-4
ERI,Eritrea,Africa,2000,0.547,5.470000000000001e-4
ERI,Eritrea,Africa,2001,0.582,5.819999999999999e-4
ERI,Eritrea,Africa,2002,0.564,5.639999999999999e-4
ERI,Eritrea,Africa,2003,0.6729999999999999,6.729999999999999e-4
ERI,Eritrea,Africa,2004,0.8580000000000001,8.580000000000001e-4
ERI,Eritrea,Africa,2005,0.8500000000000001,8.500000000000001e-4
ERI,Eritrea,Africa,2006,0.9370000000000002,9.370000000000001e-4
ERI,Eritrea,Africa,2007,1.02,0.00102
ERI,Eritrea,Africa,2008,0.923,9.23e-4
ERI,Eritrea,Africa,2009,1.2969999999999997,0.0012969999999999998
ERI,Eritrea,Africa,2010,1.59,0.00159
ERI,Eritrea,Africa,2011,2.065,0.002065
ERI,Eritrea,Africa,2012,2.255,0.002255
ERI,Eritrea,Africa,2013,1.958,0.001958
ERI,Eritrea,Africa,2014,2.604,0.002604
ERI,Eritrea,Africa,2015,2.0159999999999996,0.0020159999999999996
ERI,Eritrea,Africa,2016,2.213,0.002213
ERI,Eritrea,Africa,2017,1.9039999999999995,0.0019039999999999994
ERI,Eritrea,Africa,2018,2.006,0.002006
ERI,Eritrea,Africa,2019,1.982,0.001982
EST,Estonia,Europe,1993,1.7909999999999997,0.0017909999999999996
EST,Estonia,Europe,1994,2.507,0.002507
EST,Estonia,Europe,1995,3.909,0.003909
EST,Estonia,Europe,1996,4.785,0.004785
EST,Estonia,Europe,1997,5.159999999999999,0.00516
EST,Estonia,Europe,1998,5.677999999999999,0.005677999999999999
EST,Estonia,Europe,1999,5.771,0.005771
EST,Estonia,Europe,2000,5.707,0.005707
EST,Estonia,Europe,2001,6.264999999999999,0.006264999999999999
EST,Estonia,Europe,2002,7.392999999999999,0.0073929999999999985
EST,Estonia,Europe,2003,9.894,0.009894
EST,Estonia,Europe,2004,12.161,0.012161
EST,Estonia,Europe,2005,14.129,0.014129
EST,Estonia,Europe,2006,17.048999999999996,0.017048999999999995
EST,Estonia,Europe,2007,22.478,0.022478
EST,Estonia,Europe,2008,24.434,0.024434
EST,Estonia,Europe,2009,19.694,0.019694
EST,Estonia,Europe,2010,19.568999999999996,0.019568999999999996
EST,Estonia,Europe,2011,23.3,0.0233
EST,Estonia,Europe,2012,23.252,0.023252
EST,Estonia,Europe,2013,25.451,0.025451
EST,Estonia,Europe,2014,27.062999999999995,0.027062999999999997
EST,Estonia,Europe,2015,23.314000000000004,0.023314000000000005
EST,Estonia,Europe,2016,24.553999999999995,0.024553999999999996
EST,Estonia,Europe,2017,27.459999999999997,0.02746
EST,Estonia,Europe,2018,31.236999999999995,0.031236999999999994
EST,Estonia,Europe,2019,31.877,0.031876999999999996
EST,Estonia,Europe,2020,31.795,0.031795000000000004
EST,Estonia,Europe,2021,37.22600000000001,0.037226000000000016
EST,Estonia,Europe,2022,38.257000000000005,0.038257000000000006
EST,Estonia,Europe,2023,41.482,0.041482
EST,Estonia,Europe,2024,43.117000000000004,0.043117
EST,Estonia,Europe,2025,47.004000000000005,0.047004000000000004
EST,Estonia,Europe,2026,51.634,0.051634
EST,Estonia,Europe,2027,54.2,0.054200000000000005
EST,Estonia,Europe,2028,57.062000000000005,0.057062
EST,Estonia,Europe,2029,59.802,0.059802
EST,Estonia,Europe,2030,62.434000000000005,0.062434
EST,Estonia,Europe,2031,65.15199999999999,0.06515199999999999
SWZ,Eswatini,Africa,1980,0.732,7.32e-4
SWZ,Eswatini,Africa,1981,0.775,7.75e-4
SWZ,Eswatini,Africa,1982,0.6929999999999998,6.929999999999998e-4
SWZ,Eswatini,Africa,1983,0.713,7.13e-4
SWZ,Eswatini,Africa,1984,0.61,6.1e-4
SWZ,Eswatini,Africa,1985,0.48200000000000004,4.8200000000000006e-4
SWZ,Eswatini,Africa,1986,0.617,6.17e-4
SWZ,Eswatini,Africa,1987,0.807,8.070000000000001e-4
SWZ,Eswatini,Africa,1988,0.9580000000000001,9.580000000000001e-4
SWZ,Eswatini,Africa,1989,0.977,9.77e-4
SWZ,Eswatini,Africa,1990,1.2009999999999998,0.0012009999999999998
SWZ,Eswatini,Africa,1991,1.2469999999999999,0.0012469999999999998
SWZ,Eswatini,Africa,1992,1.3839999999999997,0.0013839999999999996
SWZ,Eswatini,Africa,1993,1.4529999999999998,0.0014529999999999999
SWZ,Eswatini,Africa,1994,1.574,0.001574
SWZ,Eswatini,Africa,1995,1.8759999999999997,0.0018759999999999996
SWZ,Eswatini,Africa,1996,1.776,0.001776
SWZ,Eswatini,Africa,1997,1.8999999999999997,0.0018999999999999998
SWZ,Eswatini,Africa,1998,1.744,0.0017439999999999999
SWZ,Eswatini,Africa,1999,1.712,0.001712
SWZ,Eswatini,Africa,2000,1.689,0.001689
SWZ,Eswatini,Africa,2001,1.4989999999999999,0.001499
SWZ,Eswatini,Africa,2002,1.3939999999999997,0.0013939999999999996
SWZ,Eswatini,Africa,2003,2.133,0.002133
SWZ,Eswatini,Africa,2004,2.693,0.002693
SWZ,Eswatini,Africa,2005,3.084,0.003084
SWZ,Eswatini,Africa,2006,3.197,0.003197
SWZ,Eswatini,Africa,2007,3.364,0.003364
SWZ,Eswatini,Africa,2008,3.202,0.003202
SWZ,Eswatini,Africa,2009,3.4909999999999997,0.0034909999999999997
SWZ,Eswatini,Africa,2010,4.309,0.004309
SWZ,Eswatini,Africa,2011,4.684999999999999,0.004684999999999999
SWZ,Eswatini,Africa,2012,4.744,0.004744
SWZ,Eswatini,Africa,2013,4.466,0.004466
SWZ,Eswatini,Africa,2014,4.288,0.004288
SWZ,Eswatini,Africa,2015,3.9059999999999997,0.0039059999999999997
SWZ,Eswatini,Africa,2016,3.721,0.003721
SWZ,Eswatini,Africa,2017,4.467,0.004467
SWZ,Eswatini,Africa,2018,4.643999999999999,0.004643999999999999
SWZ,Eswatini,Africa,2019,4.616999999999999,0.004616999999999999
SWZ,Eswatini,Africa,2020,4.136,0.004136
SWZ,Eswatini,Africa,2021,4.8069999999999995,0.004807
SWZ,Eswatini,Africa,2022,4.747,0.0047469999999999995
SWZ,Eswatini,Africa,2023,4.6209999999999996,0.004620999999999999
SWZ,Eswatini,Africa,2024,4.8549999999999995,0.004855
SWZ,Eswatini,Africa,2025,5.1659999999999995,0.005166
SWZ,Eswatini,Africa,2026,5.792,0.005791999999999999
SWZ,Eswatini,Africa,2027,5.961,0.005961
SWZ,Eswatini,Africa,2028,6.1899999999999995,0.006189999999999999
SWZ,Eswatini,Africa,2029,6.476000000000001,0.006476000000000001
SWZ,Eswatini,Africa,2030,6.775,0.006775000000000001
SWZ,Eswatini,Africa,2031,7.086,0.007086
ETH,Ethiopia,Africa,1980,7.384999999999999,0.007384999999999999
ETH,Ethiopia,Africa,1981,7.578,0.0075780000000000005
ETH,Ethiopia,Africa,1982,7.973,0.007973
ETH,Ethiopia,Africa,1983,8.863000000000003,0.008863000000000003
ETH,Ethiopia,Africa,1984,8.375000000000002,0.008375000000000002
ETH,Ethiopia,Africa,1985,9.808000000000002,0.009808
ETH,Ethiopia,Africa,1986,10.188,0.010188000000000001
ETH,Ethiopia,Africa,1987,10.890000000000002,0.010890000000000002
ETH,Ethiopia,Africa,1988,11.285,0.011285
ETH,Ethiopia,Africa,1989,11.872000000000002,0.011872000000000002
ETH,Ethiopia,Africa,1990,12.595000000000002,0.012595000000000002
ETH,Ethiopia,Africa,1991,13.928,0.013928000000000001
ETH,Ethiopia,Africa,1992,14.696,0.014695999999999999
ETH,Ethiopia,Africa,1993,9.142999999999999,0.009142999999999998
ETH,Ethiopia,Africa,1994,8.135,0.008135
ETH,Ethiopia,Africa,1995,7.887,0.007887
ETH,Ethiopia,Africa,1996,8.793999999999999,0.008793999999999998
ETH,Ethiopia,Africa,1997,8.620999999999999,0.008620999999999998
ETH,Ethiopia,Africa,1998,7.8149999999999995,0.007814999999999999
ETH,Ethiopia,Africa,1999,7.514999999999999,0.007514999999999999
ETH,Ethiopia,Africa,2000,8.167000000000002,0.008167000000000002
ETH,Ethiopia,Africa,2001,8.103000000000002,0.008103
ETH,Ethiopia,Africa,2002,7.827999999999999,0.007828
ETH,Ethiopia,Africa,2003,8.604000000000001,0.008604
ETH,Ethiopia,Africa,2004,10.122,0.010121999999999999
ETH,Ethiopia,Africa,2005,12.387,0.012387
ETH,Ethiopia,Africa,2006,15.31,0.01531
ETH,Ethiopia,Africa,2007,19.329,0.019329
ETH,Ethiopia,Africa,2008,26.25,0.02625
ETH,Ethiopia,Africa,2009,28.672,0.028672
ETH,Ethiopia,Africa,2010,26.887,0.026887
ETH,Ethiopia,Africa,2011,30.479999999999997,0.030479999999999997
ETH,Ethiopia,Africa,2012,42.22100000000001,0.04222100000000001
ETH,Ethiopia,Africa,2013,46.544000000000004,0.046544
ETH,Ethiopia,Africa,2014,54.165000000000006,0.054165000000000005
ETH,Ethiopia,Africa,2015,63.080999999999996,0.063081
ETH,Ethiopia,Africa,2016,72.11999999999999,0.07211999999999999
ETH,Ethiopia,Africa,2017,76.841,0.07684099999999999
ETH,Ethiopia,Africa,2018,80.207,0.080207
ETH,Ethiopia,Africa,2019,92.60799999999999,0.092608
ETH,Ethiopia,Africa,2020,96.611,0.096611
ETH,Ethiopia,Africa,2021,99.261,0.099261
ETH,Ethiopia,Africa,2022,118.958,0.118958
ETH,Ethiopia,Africa,2023,159.761,0.159761
ETH,Ethiopia,Africa,2024,142.07299999999998,0.14207299999999998
ETH,Ethiopia,Africa,2025,109.10899999999998,0.10910899999999998
ETH,Ethiopia,Africa,2026,121.527,0.121527
ETH,Ethiopia,Africa,2027,140.912,0.140912
ETH,Ethiopia,Africa,2028,160.907,0.16090700000000002
ETH,Ethiopia,Africa,2029,184.983,0.184983
ETH,Ethiopia,Africa,2030,211.58700000000002,0.21158700000000003
ETH,Ethiopia,Africa,2031,242.553,0.242553
FJI,Fiji,Oceania,1980,1.3029999999999997,0.0013029999999999997
FJI,Fiji,Oceania,1981,1.339,0.001339
FJI,Fiji,Oceania,1982,1.2929999999999997,0.0012929999999999997
FJI,Fiji,Oceania,1983,1.2169999999999999,0.0012169999999999998
FJI,Fiji,Oceania,1984,1.276,0.001276
FJI,Fiji,Oceania,1985,1.236,0.001236
FJI,Fiji,Oceania,1986,1.3979999999999997,0.0013979999999999997
FJI,Fiji,Oceania,1987,1.276,0.001276
FJI,Fiji,Oceania,1988,1.202,0.001202
FJI,Fiji,Oceania,1989,1.2809999999999997,0.0012809999999999996
FJI,Fiji,Oceania,1990,1.448,0.0014479999999999999
FJI,Fiji,Oceania,1991,1.5,0.0015
FJI,Fiji,Oceania,1992,1.659,0.001659
FJI,Fiji,Oceania,1993,1.772,0.001772
FJI,Fiji,Oceania,1994,1.9769999999999999,0.001977
FJI,Fiji,Oceania,1995,2.134,0.002134
FJI,Fiji,Oceania,1996,2.3069999999999995,0.0023069999999999996
FJI,Fiji,Oceania,1997,2.2680000000000002,0.002268
FJI,Fiji,Oceania,1998,1.7949999999999997,0.0017949999999999997
FJI,Fiji,Oceania,1999,2.104,0.002104
FJI,Fiji,Oceania,2000,1.824,0.001824
FJI,Fiji,Oceania,2001,1.798,0.0017980000000000001
FJI,Fiji,Oceania,2002,1.996,0.001996
FJI,Fiji,Oceania,2003,2.509,0.002509
FJI,Fiji,Oceania,2004,2.9539999999999997,0.0029539999999999996
FJI,Fiji,Oceania,2005,3.257,0.003257
FJI,Fiji,Oceania,2006,3.3609999999999998,0.003361
FJI,Fiji,Oceania,2007,3.688,0.0036880000000000003
FJI,Fiji,Oceania,2008,3.8159999999999994,0.0038159999999999995
FJI,Fiji,Oceania,2009,3.106,0.003106
FJI,Fiji,Oceania,2010,3.4019999999999997,0.0034019999999999996
FJI,Fiji,Oceania,2011,4.093999999999999,0.0040939999999999995
FJI,Fiji,Oceania,2012,4.302999999999999,0.004302999999999999
FJI,Fiji,Oceania,2013,4.539,0.004539
FJI,Fiji,Oceania,2014,4.856999999999999,0.004856999999999999
FJI,Fiji,Oceania,2015,4.6819999999999995,0.0046819999999999995
FJI,Fiji,Oceania,2016,4.93,0.0049299999999999995
FJI,Fiji,Oceania,2017,5.352999999999999,0.005352999999999999
FJI,Fiji,Oceania,2018,5.581,0.005581
FJI,Fiji,Oceania,2019,5.344999999999999,0.005344999999999999
FJI,Fiji,Oceania,2020,4.227999999999999,0.004227999999999999
FJI,Fiji,Oceania,2021,4.158999999999999,0.004158999999999999
FJI,Fiji,Oceania,2022,4.978,0.004978
FJI,Fiji,Oceania,2023,5.477,0.005477
FJI,Fiji,Oceania,2024,5.968,0.005968
FJI,Fiji,Oceania,2025,6.041,0.006041
FJI,Fiji,Oceania,2026,6.351999999999999,0.006351999999999999
FJI,Fiji,Oceania,2027,6.662999999999999,0.006663
FJI,Fiji,Oceania,2028,7.012999999999999,0.007012999999999999
FJI,Fiji,Oceania,2029,7.392999999999999,0.0073929999999999985
FJI,Fiji,Oceania,2030,7.803999999999999,0.007803999999999999
FJI,Fiji,Oceania,2031,8.457,0.008457000000000001
FIN,Finland,Europe,1980,53.714000000000006,0.053714000000000005
FIN,Finland,Europe,1981,52.620000000000005,0.05262000000000001
FIN,Finland,Europe,1982,53.111000000000004,0.053111000000000005
FIN,Finland,Europe,1983,51.056000000000004,0.051056000000000004
FIN,Finland,Europe,1984,53.032000000000004,0.053032
FIN,Finland,Europe,1985,56.22300000000001,0.056223000000000016
FIN,Finland,Europe,1986,73.65199999999999,0.07365199999999998
FIN,Finland,Europe,1987,91.77499999999999,0.091775
FIN,Finland,Europe,1988,109.255,0.10925499999999999
FIN,Finland,Europe,1989,119.10599999999998,0.11910599999999998
FIN,Finland,Europe,1990,141.726,0.141726
FIN,Finland,Europe,1991,128.21499999999997,0.12821499999999997
FIN,Finland,Europe,1992,113.139,0.11313899999999999
FIN,Finland,Europe,1993,89.17699999999999,0.08917699999999999
FIN,Finland,Europe,1994,103.621,0.10362099999999999
FIN,Finland,Europe,1995,134.20999999999998,0.13420999999999997
FIN,Finland,Europe,1996,132.046,0.132046
FIN,Finland,Europe,1997,127.027,0.127027
FIN,Finland,Europe,1998,134.164,0.13416399999999998
FIN,Finland,Europe,1999,135.369,0.135369
FIN,Finland,Europe,2000,126.023,0.126023
FIN,Finland,Europe,2001,129.52100000000002,0.12952100000000002
FIN,Finland,Europe,2002,140.262,0.140262
FIN,Finland,Europe,2003,171.57,0.17157
FIN,Finland,Europe,2004,197.369,0.197369
FIN,Finland,Europe,2005,204.97299999999998,0.204973
FIN,Finland,Europe,2006,217.056,0.217056
FIN,Finland,Europe,2007,256.39,0.25639
FIN,Finland,Europe,2008,285.6669999999999,0.2856669999999999
FIN,Finland,Europe,2009,253.206,0.253206
FIN,Finland,Europe,2010,249.63299999999998,0.249633
FIN,Finland,Europe,2011,275.079,0.275079
FIN,Finland,Europe,2012,257.606,0.257606
FIN,Finland,Europe,2013,270.27199999999993,0.27027199999999996
FIN,Finland,Europe,2014,273.5489999999999,0.27354899999999993
FIN,Finland,Europe,2015,233.23399999999998,0.23323399999999997
FIN,Finland,Europe,2016,238.712,0.23871199999999998
FIN,Finland,Europe,2017,253.757,0.253757
FIN,Finland,Europe,2018,273.99299999999994,0.27399299999999993
FIN,Finland,Europe,2019,267.0439999999999,0.26704399999999995
FIN,Finland,Europe,2020,269.78399999999993,0.2697839999999999
FIN,Finland,Europe,2021,294.41899999999987,0.2944189999999999
FIN,Finland,Europe,2022,280.47399999999993,0.28047399999999995
FIN,Finland,Europe,2023,295.27699999999993,0.29527699999999996
FIN,Finland,Europe,2024,298.639,0.298639
FIN,Finland,Europe,2025,316.86,0.31686000000000003
FIN,Finland,Europe,2026,337.6689999999999,0.33766899999999994
FIN,Finland,Europe,2027,350.3059999999999,0.35030599999999995
FIN,Finland,Europe,2028,361.677,0.361677
FIN,Finland,Europe,2029,374.78599999999994,0.37478599999999995
FIN,Finland,Europe,2030,388.605,0.38860500000000003
FIN,Finland,Europe,2031,402.41699999999986,0.40241699999999986
FRA,France,Europe,1980,695.475,0.6954750000000001
FRA,France,Europe,1981,612.5519999999999,0.6125519999999999
FRA,France,Europe,1982,581.254,0.581254
FRA,France,Europe,1983,555.9559999999999,0.5559559999999999
FRA,France,Europe,1984,526.671,0.526671
FRA,France,Europe,1985,551.596,0.551596
FRA,France,Europe,1986,766.3019999999999,0.7663019999999999
FRA,France,Europe,1987,927.2569999999998,0.9272569999999999
FRA,France,Europe,1988,1012.843,1.012843
FRA,France,Europe,1989,1017.702,1.017702
FRA,France,Europe,1990,1260.8739999999998,1.2608739999999998
FRA,France,Europe,1991,1263.244,1.2632439999999998
FRA,France,Europe,1992,1392.5629999999999,1.3925629999999998
FRA,France,Europe,1993,1315.795,1.315795
FRA,France,Europe,1994,1388.477,1.3884770000000002
FRA,France,Europe,1995,1596.25,1.59625
FRA,France,Europe,1996,1599.248,1.599248
FRA,France,Europe,1997,1451.058,1.451058
FRA,France,Europe,1998,1498.974,1.498974
FRA,France,Europe,1999,1488.3919999999998,1.4883919999999997
FRA,France,Europe,2000,1361.56,1.3615599999999999
FRA,France,Europe,2001,1370.386,1.3703859999999999
FRA,France,Europe,2002,1491.3729999999998,1.4913729999999998
FRA,France,Europe,2003,1834.637,1.8346369999999999
FRA,France,Europe,2004,2108.8350000000005,2.1088350000000005
FRA,France,Europe,2005,2193.358,2.1933580000000004
FRA,France,Europe,2006,2317.985,2.317985
FRA,France,Europe,2007,2656.13,2.65613
FRA,France,Europe,2008,2926.483,2.926483
FRA,France,Europe,2009,2697.144,2.6971439999999998
FRA,France,Europe,2010,2648.3910000000005,2.6483910000000006
FRA,France,Europe,2011,2869.903,2.869903
FRA,France,Europe,2012,2684.7059999999997,2.684706
FRA,France,Europe,2013,2816.119,2.816119
FRA,France,Europe,2014,2861.9730000000004,2.8619730000000003
FRA,France,Europe,2015,2442.731,2.442731
FRA,France,Europe,2016,2469.7259999999997,2.4697259999999996
FRA,France,Europe,2017,2587.955,2.587955
FRA,France,Europe,2018,2782.838,2.7828380000000004
FRA,France,Europe,2019,2723.094,2.723094
FRA,France,Europe,2020,2645.806,2.645806
FRA,France,Europe,2021,2968.405,2.968405
FRA,France,Europe,2022,2796.987,2.796987
FRA,France,Europe,2023,3061.095,3.061095
FRA,France,Europe,2024,3161.042,3.161042
FRA,France,Europe,2025,3368.925,3.3689250000000004
FRA,France,Europe,2026,3596.094,3.596094
FRA,France,Europe,2027,3672.073,3.6720729999999997
FRA,France,Europe,2028,3775.7069999999994,3.7757069999999993
FRA,France,Europe,2029,3888.624,3.8886239999999996
FRA,France,Europe,2030,4004.118,4.004118
FRA,France,Europe,2031,4116.865000000001,4.116865000000001
GAB,Gabon,Africa,1980,4.559,0.0045590000000000006
GAB,Gabon,Africa,1981,4.110999999999999,0.004110999999999999
GAB,Gabon,Africa,1982,3.8529999999999998,0.0038529999999999997
GAB,Gabon,Africa,1983,3.689,0.003689
GAB,Gabon,Africa,1984,3.547,0.0035470000000000002
GAB,Gabon,Africa,1985,3.7359999999999998,0.0037359999999999997
GAB,Gabon,Africa,1986,4.889,0.004889
GAB,Gabon,Africa,1987,3.699,0.003699
GAB,Gabon,Africa,1988,4.079,0.004079
GAB,Gabon,Africa,1989,4.458,0.004458
GAB,Gabon,Africa,1990,6.339,0.006339
GAB,Gabon,Africa,1991,5.754,0.0057539999999999996
GAB,Gabon,Africa,1992,5.955,0.005955
GAB,Gabon,Africa,1993,5.757,0.005757
GAB,Gabon,Africa,1994,4.463,0.004463
GAB,Gabon,Africa,1995,5.281,0.005281
GAB,Gabon,Africa,1996,6.063999999999999,0.006063999999999999
GAB,Gabon,Africa,1997,5.673,0.005673
GAB,Gabon,Africa,1998,4.774,0.004774
GAB,Gabon,Africa,1999,4.966,0.004966
GAB,Gabon,Africa,2000,5.396999999999999,0.005396999999999999
GAB,Gabon,Africa,2001,5.022999999999999,0.005022999999999999
GAB,Gabon,Africa,2002,5.332,0.005332
GAB,Gabon,Africa,2003,6.51,0.00651
GAB,Gabon,Africa,2004,7.7669999999999995,0.007767
GAB,Gabon,Africa,2005,9.468,0.009468
GAB,Gabon,Africa,2006,10.164,0.010164
GAB,Gabon,Africa,2007,12.457000000000003,0.012457000000000003
GAB,Gabon,Africa,2008,15.57,0.01557
GAB,Gabon,Africa,2009,12.188,0.012188000000000001
GAB,Gabon,Africa,2010,14.384,0.014384000000000001
GAB,Gabon,Africa,2011,18.207,0.018207
GAB,Gabon,Africa,2012,17.181,0.017181000000000002
GAB,Gabon,Africa,2013,17.596,0.017596
GAB,Gabon,Africa,2014,18.209,0.018209
GAB,Gabon,Africa,2015,14.385000000000002,0.014385000000000002
GAB,Gabon,Africa,2016,14.02,0.01402
GAB,Gabon,Africa,2017,14.924000000000001,0.014924000000000002
GAB,Gabon,Africa,2018,16.829999999999995,0.016829999999999994
GAB,Gabon,Africa,2019,16.875,0.016875
GAB,Gabon,Africa,2020,15.364000000000003,0.015364000000000003
GAB,Gabon,Africa,2021,19.454999999999995,0.019454999999999993
GAB,Gabon,Africa,2022,20.484999999999996,0.020484999999999996
GAB,Gabon,Africa,2023,20.059,0.020059
GAB,Gabon,Africa,2024,20.9,0.0209
GAB,Gabon,Africa,2025,21.624,0.021623999999999997
GAB,Gabon,Africa,2026,23.363,0.023363
GAB,Gabon,Africa,2027,24.185,0.024184999999999998
GAB,Gabon,Africa,2028,25.231000000000005,0.025231000000000007
GAB,Gabon,Africa,2029,26.416,0.026416000000000002
GAB,Gabon,Africa,2030,27.64,0.02764
GAB,Gabon,Africa,2031,28.905999999999995,0.028905999999999994
GMB,Gambia,Africa,1980,0.606,6.06e-4
GMB,Gambia,Africa,1981,0.5800000000000001,5.800000000000001e-4
GMB,Gambia,Africa,1982,0.547,5.470000000000001e-4
GMB,Gambia,Africa,1983,0.55,5.5e-4
GMB,Gambia,Africa,1984,0.396,3.9600000000000003e-4
GMB,Gambia,Africa,1985,0.48200000000000004,4.8200000000000006e-4
GMB,Gambia,Africa,1986,0.376,3.76e-4
GMB,Gambia,Africa,1987,0.504,5.04e-4
GMB,Gambia,Africa,1988,0.585,5.85e-4
GMB,Gambia,Africa,1989,0.614,6.14e-4
GMB,Gambia,Africa,1990,0.721,7.21e-4
GMB,Gambia,Africa,1991,0.76,7.6e-4
GMB,Gambia,Africa,1992,0.82,8.2e-4
GMB,Gambia,Africa,1993,0.8780000000000001,8.780000000000001e-4
GMB,Gambia,Africa,1994,0.8700000000000001,8.700000000000001e-4
GMB,Gambia,Africa,1995,0.909,9.09e-4
GMB,Gambia,Africa,1996,0.949,9.49e-4
GMB,Gambia,Africa,1997,0.983,9.83e-4
GMB,Gambia,Africa,1998,1.0089999999999997,0.0010089999999999997
GMB,Gambia,Africa,1999,1.036,0.001036
GMB,Gambia,Africa,2000,1.01,0.00101
GMB,Gambia,Africa,2001,1.002,0.001002
GMB,Gambia,Africa,2002,0.887,8.87e-4
GMB,Gambia,Africa,2003,0.8430000000000001,8.430000000000001e-4
GMB,Gambia,Africa,2004,0.962,9.62e-4
GMB,Gambia,Africa,2005,1.028,0.001028
GMB,Gambia,Africa,2006,1.054,0.001054
GMB,Gambia,Africa,2007,1.28,0.00128
GMB,Gambia,Africa,2008,1.562,0.001562
GMB,Gambia,Africa,2009,1.45,0.00145
GMB,Gambia,Africa,2010,1.5429999999999997,0.0015429999999999997
GMB,Gambia,Africa,2011,1.4099999999999995,0.0014099999999999996
GMB,Gambia,Africa,2012,1.4149999999999998,0.0014149999999999998
GMB,Gambia,Africa,2013,1.3759999999999997,0.0013759999999999996
GMB,Gambia,Africa,2014,1.2289999999999999,0.0012289999999999998
GMB,Gambia,Africa,2015,1.355,0.001355
GMB,Gambia,Africa,2016,1.47,0.00147
GMB,Gambia,Africa,2017,1.498,0.001498
GMB,Gambia,Africa,2018,1.6619999999999997,0.0016619999999999996
GMB,Gambia,Africa,2019,1.806,0.001806
GMB,Gambia,Africa,2020,1.8089999999999997,0.0018089999999999996
GMB,Gambia,Africa,2021,2.045,0.002045
GMB,Gambia,Africa,2022,2.135,0.0021349999999999997
GMB,Gambia,Africa,2023,2.3309999999999995,0.0023309999999999993
GMB,Gambia,Africa,2024,2.403,0.002403
GMB,Gambia,Africa,2025,2.584,0.002584
GMB,Gambia,Africa,2026,2.792,0.0027919999999999998
GMB,Gambia,Africa,2027,3.021,0.003021
GMB,Gambia,Africa,2028,3.273,0.0032730000000000003
GMB,Gambia,Africa,2029,3.5159999999999996,0.0035159999999999996
GMB,Gambia,Africa,2030,3.793,0.0037930000000000004
GMB,Gambia,Africa,2031,4.105999999999999,0.004105999999999999
GEO,Georgia,Asia,1994,0.8500000000000001,8.500000000000001e-4
GEO,Georgia,Asia,1995,1.9609999999999999,0.001961
GEO,Georgia,Asia,1996,3.148,0.003148
GEO,Georgia,Asia,1997,3.608,0.003608
GEO,Georgia,Asia,1998,3.73,0.00373
GEO,Georgia,Asia,1999,2.8979999999999997,0.0028979999999999995
GEO,Georgia,Asia,2000,3.144,0.003144
GEO,Georgia,Asia,2001,3.3109999999999995,0.0033109999999999997
GEO,Georgia,Asia,2002,3.4929999999999994,0.0034929999999999996
GEO,Georgia,Asia,2003,4.102999999999999,0.004102999999999999
GEO,Georgia,Asia,2004,5.269,0.005269
GEO,Georgia,Asia,2005,6.59,0.0065899999999999995
GEO,Georgia,Asia,2006,7.979000000000001,0.007979000000000002
GEO,Georgia,Asia,2007,10.458,0.010458
GEO,Georgia,Asia,2008,13.158000000000001,0.013158000000000001
GEO,Georgia,Asia,2009,11.069000000000003,0.011069000000000002
GEO,Georgia,Asia,2010,12.425000000000002,0.012425000000000002
GEO,Georgia,Asia,2011,15.475000000000001,0.015475000000000001
GEO,Georgia,Asia,2012,16.893999999999995,0.016893999999999996
GEO,Georgia,Asia,2013,17.515999999999995,0.017515999999999993
GEO,Georgia,Asia,2014,17.965999999999998,0.017965999999999996
GEO,Georgia,Asia,2015,15.223,0.015223
GEO,Georgia,Asia,2016,15.445,0.015445
GEO,Georgia,Asia,2017,16.471999999999998,0.016471999999999997
GEO,Georgia,Asia,2018,17.904999999999998,0.017904999999999997
GEO,Georgia,Asia,2019,17.645,0.017645
GEO,Georgia,Asia,2020,16.013000000000005,0.016013000000000006
GEO,Georgia,Asia,2021,18.849,0.018849
GEO,Georgia,Asia,2022,24.984999999999996,0.024984999999999997
GEO,Georgia,Asia,2023,30.778,0.030778
GEO,Georgia,Asia,2024,34.191,0.034191
GEO,Georgia,Asia,2025,38.216,0.038216
GEO,Georgia,Asia,2026,42.716,0.042716000000000004
GEO,Georgia,Asia,2027,46.7,0.046700000000000005
GEO,Georgia,Asia,2028,51.138000000000005,0.051138
GEO,Georgia,Asia,2029,56.063,0.056063
GEO,Georgia,Asia,2030,61.501000000000005,0.06150100000000001
GEO,Georgia,Asia,2031,67.44900000000001,0.06744900000000001
DEU,Germany,Europe,1980,856.8329999999999,0.8568329999999998
DEU,Germany,Europe,1981,720.895,0.720895
DEU,Germany,Europe,1982,696.088,0.6960879999999999
DEU,Germany,Europe,1983,694.4469999999999,0.6944469999999999
DEU,Germany,Europe,1984,654.2890000000001,0.6542890000000001
DEU,Germany,Europe,1985,663.4589999999998,0.6634589999999998
DEU,Germany,Europe,1986,947.583,0.947583
DEU,Germany,Europe,1987,1179.165,1.179165
DEU,Germany,Europe,1988,1271.263,1.2712629999999998
DEU,Germany,Europe,1989,1262,1.262
DEU,Germany,Europe,1990,1604.497,1.604497
DEU,Germany,Europe,1991,1882.489,1.882489
DEU,Germany,Europe,1992,2146.14,2.14614
DEU,Germany,Europe,1993,2080.092,2.080092
DEU,Germany,Europe,1994,2220.165,2.220165
DEU,Germany,Europe,1995,2595.2689999999993,2.595268999999999
DEU,Germany,Europe,1996,2507.448,2.5074479999999997
DEU,Germany,Europe,1997,2221.504,2.221504
DEU,Germany,Europe,1998,2250.847,2.2508470000000003
DEU,Germany,Europe,1999,2216.072,2.216072
DEU,Germany,Europe,2000,1967.85,1.9678499999999999
DEU,Germany,Europe,2001,1966.395,1.966395
DEU,Germany,Europe,2002,2100.865,2.1008649999999998
DEU,Germany,Europe,2003,2534.081,2.534081
DEU,Germany,Europe,2004,2851.023,2.851023
DEU,Germany,Europe,2005,2894.992,2.8949920000000002
DEU,Germany,Europe,2006,3046.47,3.04647
DEU,Germany,Europe,2007,3484.467,3.484467
DEU,Germany,Europe,2008,3807.7809999999995,3.8077809999999994
DEU,Germany,Europe,2009,3474.7679999999996,3.4747679999999996
DEU,Germany,Europe,2010,3469.925,3.4699250000000004
DEU,Germany,Europe,2011,3822.903,3.8229029999999997
DEU,Germany,Europe,2012,3598.761,3.598761
DEU,Germany,Europe,2013,3807.079,3.8070790000000003
DEU,Germany,Europe,2014,3965.8930000000005,3.9658930000000003
DEU,Germany,Europe,2015,3425.446,3.425446
DEU,Germany,Europe,2016,3535.8120000000004,3.5358120000000004
DEU,Germany,Europe,2017,3764.023,3.7640230000000003
DEU,Germany,Europe,2018,4057.272,4.057272
DEU,Germany,Europe,2019,3960.3320000000003,3.960332
DEU,Germany,Europe,2020,3938.2439999999997,3.9382439999999996
DEU,Germany,Europe,2021,4358.147000000001,4.358147000000001
DEU,Germany,Europe,2022,4204.327,4.204327
DEU,Germany,Europe,2023,4563.523,4.563523
DEU,Germany,Europe,2024,4684.182000000001,4.684182000000001
DEU,Germany,Europe,2025,5048.059,5.048059
DEU,Germany,Europe,2026,5452.858,5.452858
DEU,Germany,Europe,2027,5642.156000000001,5.642156000000001
DEU,Germany,Europe,2028,5818.884,5.818884
DEU,Germany,Europe,2029,6003.131,6.003131000000001
DEU,Germany,Europe,2030,6178.303000000001,6.1783030000000005
DEU,Germany,Europe,2031,6351.962,6.351962
GHA,Ghana,Africa,1980,38.684000000000005,0.038684
GHA,Ghana,Africa,1981,61.486999999999995,0.06148699999999999
GHA,Ghana,Africa,1982,70.954,0.07095399999999999
GHA,Ghana,Africa,1983,49.336999999999996,0.049337
GHA,Ghana,Africa,1984,17.997999999999998,0.017997999999999997
GHA,Ghana,Africa,1985,15.970000000000002,0.01597
GHA,Ghana,Africa,1986,15.086,0.015086
GHA,Ghana,Africa,1987,12.692,0.012692
GHA,Ghana,Africa,1988,13.566000000000003,0.013566000000000002
GHA,Ghana,Africa,1989,13.723,0.013723
GHA,Ghana,Africa,1990,15.882000000000001,0.015882
GHA,Ghana,Africa,1991,17.795,0.017795000000000002
GHA,Ghana,Africa,1992,17.666,0.017666
GHA,Ghana,Africa,1993,14.532,0.014532
GHA,Ghana,Africa,1994,13.433,0.013433
GHA,Ghana,Africa,1995,15.692,0.015692
GHA,Ghana,Africa,1996,16.629,0.016629
GHA,Ghana,Africa,1997,17.024,0.017024
GHA,Ghana,Africa,1998,18.528,0.018528
GHA,Ghana,Africa,1999,19.165,0.019164999999999998
GHA,Ghana,Africa,2000,12.349,0.012349
GHA,Ghana,Africa,2001,13.113,0.013113
GHA,Ghana,Africa,2002,15.229,0.015229
GHA,Ghana,Africa,2003,18.789999999999996,0.018789999999999994
GHA,Ghana,Africa,2004,21.754,0.021754000000000003
GHA,Ghana,Africa,2005,26.415,0.026414999999999998
GHA,Ghana,Africa,2006,30.962999999999997,0.030962999999999997
GHA,Ghana,Africa,2007,36.544000000000004,0.03654400000000001
GHA,Ghana,Africa,2008,41.323,0.041323
GHA,Ghana,Africa,2009,37.127,0.037127
GHA,Ghana,Africa,2010,45.446999999999996,0.045446999999999994
GHA,Ghana,Africa,2011,53.62500000000001,0.053625000000000006
GHA,Ghana,Africa,2012,55.80000000000001,0.05580000000000001
GHA,Ghana,Africa,2013,62.846000000000004,0.062846
GHA,Ghana,Africa,2014,54.678000000000004,0.054678000000000004
GHA,Ghana,Africa,2015,49.437000000000005,0.049437
GHA,Ghana,Africa,2016,56.144000000000005,0.056144000000000006
GHA,Ghana,Africa,2017,60.385,0.060385
GHA,Ghana,Africa,2018,67.259,0.067259
GHA,Ghana,Africa,2019,68.35299999999998,0.06835299999999998
GHA,Ghana,Africa,2020,70.008,0.070008
GHA,Ghana,Africa,2021,79.514,0.079514
GHA,Ghana,Africa,2022,73.919,0.073919
GHA,Ghana,Africa,2023,80.547,0.080547
GHA,Ghana,Africa,2024,83.289,0.083289
GHA,Ghana,Africa,2025,114.708,0.114708
GHA,Ghana,Africa,2026,118.29300000000002,0.11829300000000002
GHA,Ghana,Africa,2027,120.962,0.120962
GHA,Ghana,Africa,2028,125.29400000000001,0.12529400000000002
GHA,Ghana,Africa,2029,133.196,0.133196
GHA,Ghana,Africa,2030,142.064,0.142064
GHA,Ghana,Africa,2031,151.56,0.15156
GRC,Greece,Europe,1980,56.217000000000006,0.056217
GRC,Greece,Europe,1981,51.873000000000005,0.051873
GRC,Greece,Europe,1982,54.114000000000004,0.054114
GRC,Greece,Europe,1983,48.913000000000004,0.048913000000000005
GRC,Greece,Europe,1984,47.657000000000004,0.047657000000000005
GRC,Greece,Europe,1985,47.26900000000001,0.04726900000000001
GRC,Greece,Europe,1986,55.636,0.055636000000000005
GRC,Greece,Europe,1987,64.769,0.06476900000000001
GRC,Greece,Europe,1988,75.384,0.075384
GRC,Greece,Europe,1989,78.148,0.078148
GRC,Greece,Europe,1990,96.601,0.09660099999999999
GRC,Greece,Europe,1991,104.164,0.104164
GRC,Greece,Europe,1992,114.846,0.114846
GRC,Greece,Europe,1993,107.506,0.107506
GRC,Greece,Europe,1994,115.055,0.115055
GRC,Greece,Europe,1995,135.036,0.135036
GRC,Greece,Europe,1996,142.51299999999998,0.14251299999999997
GRC,Greece,Europe,1997,138.93,0.13893
GRC,Greece,Europe,1998,139.82100000000003,0.13982100000000003
GRC,Greece,Europe,1999,143.69299999999998,0.143693
GRC,Greece,Europe,2000,127.438,0.127438
GRC,Greece,Europe,2001,132.05100000000002,0.13205100000000003
GRC,Greece,Europe,2002,150.148,0.150148
GRC,Greece,Europe,2003,196.88100000000003,0.19688100000000003
GRC,Greece,Europe,2004,234.87300000000002,0.23487300000000003
GRC,Greece,Europe,2005,242.45,0.24245
GRC,Greece,Europe,2006,269.08799999999997,0.26908799999999994
GRC,Greece,Europe,2007,314.264,0.314264
GRC,Greece,Europe,2008,351.083,0.35108300000000003
GRC,Greece,Europe,2009,326.47399999999993,0.32647399999999993
GRC,Greece,Europe,2010,296.6600000000001,0.2966600000000001
GRC,Greece,Europe,2011,283.178,0.283178
GRC,Greece,Europe,2012,238.99200000000002,0.238992
GRC,Greece,Europe,2013,236.56,0.23656
GRC,Greece,Europe,2014,233.972,0.233972
GRC,Greece,Europe,2015,194.58700000000002,0.194587
GRC,Greece,Europe,2016,193.04399999999998,0.193044
GRC,Greece,Europe,2017,200.31,0.20031000000000002
GRC,Greece,Europe,2018,213.39600000000002,0.213396
GRC,Greece,Europe,2019,207.329,0.207329
GRC,Greece,Europe,2020,191.20999999999998,0.19121
GRC,Greece,Europe,2021,218.44899999999998,0.21844899999999998
GRC,Greece,Europe,2022,218.162,0.218162
GRC,Greece,Europe,2023,243.016,0.24301599999999998
GRC,Greece,Europe,2024,256.161,0.256161
GRC,Greece,Europe,2025,280.47599999999994,0.28047599999999995
GRC,Greece,Europe,2026,307.5539999999999,0.30755399999999994
GRC,Greece,Europe,2027,320.22599999999994,0.32022599999999996
GRC,Greece,Europe,2028,332.28399999999993,0.3322839999999999
GRC,Greece,Europe,2029,344.49899999999997,0.34449899999999994
GRC,Greece,Europe,2030,357.2679999999999,0.3572679999999999
GRC,Greece,Europe,2031,370.551,0.37055099999999996
GRD,Grenada,Americas,1980,0.111,1.11e-4
GRD,Grenada,Americas,1981,0.11600000000000002,1.1600000000000001e-4
GRD,Grenada,Americas,1982,0.125,1.25e-4
GRD,Grenada,Americas,1983,0.132,1.32e-4
GRD,Grenada,Americas,1984,0.14600000000000002,1.4600000000000003e-4
GRD,Grenada,Americas,1985,0.168,1.6800000000000002e-4
GRD,Grenada,Americas,1986,0.188,1.88e-4
GRD,Grenada,Americas,1987,0.21500000000000002,2.1500000000000002e-4
GRD,Grenada,Americas,1988,0.23600000000000002,2.3600000000000002e-4
GRD,Grenada,Americas,1989,0.267,2.6700000000000004e-4
GRD,Grenada,Americas,1990,0.278,2.7800000000000004e-4
GRD,Grenada,Americas,1991,0.30100000000000005,3.0100000000000005e-4
GRD,Grenada,Americas,1992,0.31,3.1e-4
GRD,Grenada,Americas,1993,0.31,3.1e-4
GRD,Grenada,Americas,1994,0.325,3.25e-4
GRD,Grenada,Americas,1995,0.342,3.42e-4
GRD,Grenada,Americas,1996,0.36700000000000005,3.6700000000000003e-4
GRD,Grenada,Americas,1997,0.392,3.9200000000000004e-4
GRD,Grenada,Americas,1998,0.446,4.46e-4
GRD,Grenada,Americas,1999,0.48200000000000004,4.8200000000000006e-4
GRD,Grenada,Americas,2000,0.52,5.200000000000001e-4
GRD,Grenada,Americas,2001,0.52,5.200000000000001e-4
GRD,Grenada,Americas,2002,0.54,5.4e-4
GRD,Grenada,Americas,2003,0.591,5.909999999999999e-4
GRD,Grenada,Americas,2004,0.599,5.989999999999999e-4
GRD,Grenada,Americas,2005,0.6949999999999998,6.949999999999999e-4
GRD,Grenada,Americas,2006,0.6989999999999998,6.989999999999999e-4
GRD,Grenada,Americas,2007,0.759,7.59e-4
GRD,Grenada,Americas,2008,0.8260000000000001,8.26e-4
GRD,Grenada,Americas,2009,0.771,7.71e-4
GRD,Grenada,Americas,2010,0.771,7.71e-4
GRD,Grenada,Americas,2011,0.779,7.790000000000001e-4
GRD,Grenada,Americas,2012,0.8,8e-4
GRD,Grenada,Americas,2013,0.8430000000000001,8.430000000000001e-4
GRD,Grenada,Americas,2014,0.911,9.11e-4
GRD,Grenada,Americas,2015,0.997,9.97e-4
GRD,Grenada,Americas,2016,1.062,0.001062
GRD,Grenada,Americas,2017,1.1259999999999997,0.0011259999999999996
GRD,Grenada,Americas,2018,1.167,0.001167
GRD,Grenada,Americas,2019,1.2129999999999999,0.0012129999999999999
GRD,Grenada,Americas,2020,1.0429999999999997,0.0010429999999999997
GRD,Grenada,Americas,2021,1.122,0.0011220000000000002
GRD,Grenada,Americas,2022,1.224,0.001224
GRD,Grenada,Americas,2023,1.336,0.0013360000000000002
GRD,Grenada,Americas,2024,1.351,0.001351
GRD,Grenada,Americas,2025,1.4199999999999995,0.0014199999999999994
GRD,Grenada,Americas,2026,1.4829999999999999,0.001483
GRD,Grenada,Americas,2027,1.554,0.001554
GRD,Grenada,Americas,2028,1.6319999999999997,0.0016319999999999998
GRD,Grenada,Americas,2029,1.7109999999999999,0.0017109999999999998
GRD,Grenada,Americas,2030,1.7929999999999997,0.0017929999999999997
GRD,Grenada,Americas,2031,1.8779999999999997,0.0018779999999999997
GTM,Guatemala,Americas,1980,7.718,0.007718
GTM,Guatemala,Americas,1981,8.431000000000001,0.008431000000000001
GTM,Guatemala,Americas,1982,8.539,0.008539
GTM,Guatemala,Americas,1983,8.864,0.008864
GTM,Guatemala,Americas,1984,9.276000000000002,0.009276000000000001
GTM,Guatemala,Americas,1985,10.951000000000002,0.010951000000000002
GTM,Guatemala,Americas,1986,5.921,0.005921
GTM,Guatemala,Americas,1987,6.856999999999999,0.006856999999999999
GTM,Guatemala,Americas,1988,7.426,0.007426
GTM,Guatemala,Americas,1989,8.561000000000003,0.008561000000000003
GTM,Guatemala,Americas,1990,7.535,0.007535
GTM,Guatemala,Americas,1991,9.174000000000001,0.009174000000000002
GTM,Guatemala,Americas,1992,10.137999999999998,0.010137999999999998
GTM,Guatemala,Americas,1993,11.045,0.011045
GTM,Guatemala,Americas,1994,12.482000000000001,0.012482000000000002
GTM,Guatemala,Americas,1995,14.050000000000002,0.014050000000000002
GTM,Guatemala,Americas,1996,14.992000000000003,0.014992000000000002
GTM,Guatemala,Americas,1997,16.981999999999996,0.016981999999999997
GTM,Guatemala,Americas,1998,18.460999999999995,0.018460999999999995
GTM,Guatemala,Americas,1999,17.421999999999997,0.017421999999999997
GTM,Guatemala,Americas,2000,18.124,0.018123999999999998
GTM,Guatemala,Americas,2001,19.735,0.019735
GTM,Guatemala,Americas,2002,21.923999999999996,0.021923999999999996
GTM,Guatemala,Americas,2003,23.092,0.023091999999999998
GTM,Guatemala,Americas,2004,24.977,0.024977
GTM,Guatemala,Americas,2005,28.178999999999995,0.028178999999999996
GTM,Guatemala,Americas,2006,31.308,0.031308
GTM,Guatemala,Americas,2007,35.028000000000006,0.035028000000000004
GTM,Guatemala,Americas,2008,40.242000000000004,0.04024200000000001
GTM,Guatemala,Americas,2009,37.997,0.037997
GTM,Guatemala,Americas,2010,41.493,0.041493
GTM,Guatemala,Americas,2011,47.419000000000004,0.047419
GTM,Guatemala,Americas,2012,49.902,0.049902
GTM,Guatemala,Americas,2013,52.989000000000004,0.052989
GTM,Guatemala,Americas,2014,57.835,0.057835
GTM,Guatemala,Americas,2015,62.18,0.06218
GTM,Guatemala,Americas,2016,66.034,0.06603400000000001
GTM,Guatemala,Americas,2017,71.62399999999998,0.07162399999999998
GTM,Guatemala,Americas,2018,73.331,0.07333100000000001
GTM,Guatemala,Americas,2019,77.15599999999999,0.07715599999999999
GTM,Guatemala,Americas,2020,77.718,0.07771800000000001
GTM,Guatemala,Americas,2021,86.44300000000001,0.086443
GTM,Guatemala,Americas,2022,95.642,0.09564199999999999
GTM,Guatemala,Americas,2023,104.354,0.104354
GTM,Guatemala,Americas,2024,113.19,0.11319
GTM,Guatemala,Americas,2025,121.113,0.121113
GTM,Guatemala,Americas,2026,128.88600000000002,0.12888600000000003
GTM,Guatemala,Americas,2027,139.461,0.139461
GTM,Guatemala,Americas,2028,150.089,0.150089
GTM,Guatemala,Americas,2029,161.812,0.161812
GTM,Guatemala,Americas,2030,174.766,0.174766
GTM,Guatemala,Americas,2031,188.87300000000002,0.188873
GIN,Guinea,Africa,1980,2.3999999999999995,0.0023999999999999994
GIN,Guinea,Africa,1981,2.381,0.002381
GIN,Guinea,Africa,1982,2.3349999999999995,0.0023349999999999994
GIN,Guinea,Africa,1983,2.2840000000000003,0.0022840000000000004
GIN,Guinea,Africa,1984,2.327,0.002327
GIN,Guinea,Africa,1985,2.4729999999999994,0.0024729999999999995
GIN,Guinea,Africa,1986,2.675,0.002675
GIN,Guinea,Africa,1987,2.8399999999999994,0.002839999999999999
GIN,Guinea,Africa,1988,3.3169999999999997,0.0033169999999999996
GIN,Guinea,Africa,1989,3.384,0.003384
GIN,Guinea,Africa,1990,3.71,0.0037099999999999998
GIN,Guinea,Africa,1991,4.194999999999999,0.004194999999999999
GIN,Guinea,Africa,1992,4.57,0.00457
GIN,Guinea,Africa,1993,4.561999999999999,0.004561999999999999
GIN,Guinea,Africa,1994,4.707,0.004707
GIN,Guinea,Africa,1995,5.139,0.005139
GIN,Guinea,Africa,1996,5.315999999999999,0.005315999999999999
GIN,Guinea,Africa,1997,5.212,0.005212
GIN,Guinea,Africa,1998,5.003,0.0050030000000000005
GIN,Guinea,Africa,1999,4.798,0.004798
GIN,Guinea,Africa,2000,4.039,0.004039
GIN,Guinea,Africa,2001,3.8059999999999996,0.0038059999999999995
GIN,Guinea,Africa,2002,4.021999999999999,0.0040219999999999995
GIN,Guinea,Africa,2003,4.759,0.004759
GIN,Guinea,Africa,2004,5.012,0.005012
GIN,Guinea,Africa,2005,4.506,0.0045060000000000005
GIN,Guinea,Africa,2006,4.177999999999999,0.004177999999999999
GIN,Guinea,Africa,2007,6.316999999999999,0.006317
GIN,Guinea,Africa,2008,6.966,0.006966
GIN,Guinea,Africa,2009,6.753,0.006753
GIN,Guinea,Africa,2010,6.857999999999999,0.006857999999999999
GIN,Guinea,Africa,2011,6.775,0.006775000000000001
GIN,Guinea,Africa,2012,7.387,0.0073869999999999995
GIN,Guinea,Africa,2013,8.376000000000003,0.008376000000000003
GIN,Guinea,Africa,2014,8.777000000000001,0.008777000000000002
GIN,Guinea,Africa,2015,8.790000000000001,0.008790000000000001
GIN,Guinea,Africa,2016,8.604000000000001,0.008604
GIN,Guinea,Africa,2017,10.325000000000001,0.010325
GIN,Guinea,Africa,2018,11.857000000000003,0.011857000000000003
GIN,Guinea,Africa,2019,13.443,0.013443
GIN,Guinea,Africa,2020,14.089,0.014089
GIN,Guinea,Africa,2021,16.32,0.01632
GIN,Guinea,Africa,2022,19.588999999999995,0.019588999999999995
GIN,Guinea,Africa,2023,22.088999999999995,0.022088999999999994
GIN,Guinea,Africa,2024,24.233,0.024233
GIN,Guinea,Africa,2025,27.215,0.027215
GIN,Guinea,Africa,2026,29.93,0.02993
GIN,Guinea,Africa,2027,32.898,0.032898000000000004
GIN,Guinea,Africa,2028,36.242000000000004,0.036242
GIN,Guinea,Africa,2029,40.102000000000004,0.040102000000000006
GIN,Guinea,Africa,2030,43.876999999999995,0.04387699999999999
GIN,Guinea,Africa,2031,47.534000000000006,0.04753400000000001
GNB,Guinea-Bissau,Africa,1980,0.28900000000000003,2.8900000000000003e-4
GNB,Guinea-Bissau,Africa,1981,0.37,3.7e-4
GNB,Guinea-Bissau,Africa,1982,0.4210000000000001,4.210000000000001e-4
GNB,Guinea-Bissau,Africa,1983,0.47500000000000003,4.7500000000000005e-4
GNB,Guinea-Bissau,Africa,1984,0.32999999999999996,3.2999999999999994e-4
GNB,Guinea-Bissau,Africa,1985,0.4850000000000001,4.850000000000001e-4
GNB,Guinea-Bissau,Africa,1986,0.47400000000000003,4.7400000000000003e-4
GNB,Guinea-Bissau,Africa,1987,0.401,4.0100000000000004e-4
GNB,Guinea-Bissau,Africa,1988,0.374,3.74e-4
GNB,Guinea-Bissau,Africa,1989,0.449,4.49e-4
GNB,Guinea-Bissau,Africa,1990,0.548,5.480000000000001e-4
GNB,Guinea-Bissau,Africa,1991,0.772,7.72e-4
GNB,Guinea-Bissau,Africa,1992,0.8460000000000001,8.460000000000001e-4
GNB,Guinea-Bissau,Africa,1993,0.653,6.53e-4
GNB,Guinea-Bissau,Africa,1994,0.36100000000000004,3.6100000000000005e-4
GNB,Guinea-Bissau,Africa,1995,0.778,7.78e-4
GNB,Guinea-Bissau,Africa,1996,0.741,7.41e-4
GNB,Guinea-Bissau,Africa,1997,0.704,7.04e-4
GNB,Guinea-Bissau,Africa,1998,0.592,5.92e-4
GNB,Guinea-Bissau,Africa,1999,0.5800000000000001,5.800000000000001e-4
GNB,Guinea-Bissau,Africa,2000,0.392,3.9200000000000004e-4
GNB,Guinea-Bissau,Africa,2001,0.41300000000000003,4.13e-4
GNB,Guinea-Bissau,Africa,2002,0.4660000000000001,4.660000000000001e-4
GNB,Guinea-Bissau,Africa,2003,0.553,5.53e-4
GNB,Guinea-Bissau,Africa,2004,0.582,5.819999999999999e-4
GNB,Guinea-Bissau,Africa,2005,0.64,6.4e-4
GNB,Guinea-Bissau,Africa,2006,0.635,6.35e-4
GNB,Guinea-Bissau,Africa,2007,0.753,7.53e-4
GNB,Guinea-Bissau,Africa,2008,0.9530000000000001,9.530000000000001e-4
GNB,Guinea-Bissau,Africa,2009,0.889,8.89e-4
GNB,Guinea-Bissau,Africa,2010,0.941,9.41e-4
GNB,Guinea-Bissau,Africa,2011,1.157,0.001157
GNB,Guinea-Bissau,Africa,2012,1.05,0.0010500000000000002
GNB,Guinea-Bissau,Africa,2013,1.11,0.00111
GNB,Guinea-Bissau,Africa,2014,1.1359999999999997,0.0011359999999999996
GNB,Guinea-Bissau,Africa,2015,1.153,0.001153
GNB,Guinea-Bissau,Africa,2016,1.2449999999999999,0.0012449999999999998
GNB,Guinea-Bissau,Africa,2017,1.4689999999999999,0.0014689999999999998
GNB,Guinea-Bissau,Africa,2018,1.5549999999999997,0.0015549999999999997
GNB,Guinea-Bissau,Africa,2019,1.4869999999999999,0.0014869999999999998
GNB,Guinea-Bissau,Africa,2020,1.5229999999999997,0.0015229999999999996
GNB,Guinea-Bissau,Africa,2021,1.722,0.001722
GNB,Guinea-Bissau,Africa,2022,1.7209999999999999,0.0017209999999999999
GNB,Guinea-Bissau,Africa,2023,2.005,0.002005
GNB,Guinea-Bissau,Africa,2024,2.186,0.002186
GNB,Guinea-Bissau,Africa,2025,2.648,0.002648
GNB,Guinea-Bissau,Africa,2026,2.985,0.002985
GNB,Guinea-Bissau,Africa,2027,3.214,0.003214
GNB,Guinea-Bissau,Africa,2028,3.444,0.003444
GNB,Guinea-Bissau,Africa,2029,3.697,0.003697
GNB,Guinea-Bissau,Africa,2030,3.9709999999999996,0.003971
GNB,Guinea-Bissau,Africa,2031,4.232,0.0042320000000000005
GUY,Guyana,Americas,1980,0.8420000000000001,8.420000000000001e-4
GUY,Guyana,Americas,1981,0.808,8.08e-4
GUY,Guyana,Americas,1982,0.6919999999999998,6.919999999999998e-4
GUY,Guyana,Americas,1983,0.703,7.03e-4
GUY,Guyana,Americas,1984,0.654,6.540000000000001e-4
GUY,Guyana,Americas,1985,0.6969999999999998,6.969999999999998e-4
GUY,Guyana,Americas,1986,0.7889999999999999,7.889999999999999e-4
GUY,Guyana,Americas,1987,0.728,7.28e-4
GUY,Guyana,Americas,1988,0.8280000000000001,8.280000000000001e-4
GUY,Guyana,Americas,1989,0.8320000000000001,8.320000000000001e-4
GUY,Guyana,Americas,1990,0.6849999999999999,6.85e-4
GUY,Guyana,Americas,1991,0.744,7.44e-4
GUY,Guyana,Americas,1992,0.823,8.23e-4
GUY,Guyana,Americas,1993,1.0029999999999997,0.0010029999999999998
GUY,Guyana,Americas,1994,1.1759999999999997,0.0011759999999999997
GUY,Guyana,Americas,1995,1.332,0.001332
GUY,Guyana,Americas,1996,1.4949999999999999,0.0014949999999999998
GUY,Guyana,Americas,1997,1.587,0.0015869999999999999
GUY,Guyana,Americas,1998,1.5,0.0015
GUY,Guyana,Americas,1999,1.488,0.001488
GUY,Guyana,Americas,2000,1.4969999999999999,0.0014969999999999998
GUY,Guyana,Americas,2001,1.504,0.001504
GUY,Guyana,Americas,2002,1.5549999999999997,0.0015549999999999997
GUY,Guyana,Americas,2003,1.592,0.001592
GUY,Guyana,Americas,2004,1.657,0.001657
GUY,Guyana,Americas,2005,1.712,0.001712
GUY,Guyana,Americas,2006,1.899,0.001899
GUY,Guyana,Americas,2007,2.225,0.002225
GUY,Guyana,Americas,2008,2.4909999999999997,0.0024909999999999997
GUY,Guyana,Americas,2009,2.5959999999999996,0.0025959999999999998
GUY,Guyana,Americas,2010,2.889,0.0028889999999999996
GUY,Guyana,Americas,2011,3.328,0.003328
GUY,Guyana,Americas,2012,4.062999999999999,0.004062999999999999
GUY,Guyana,Americas,2013,4.167999999999999,0.004167999999999999
GUY,Guyana,Americas,2014,4.127999999999999,0.004127999999999999
GUY,Guyana,Americas,2015,4.28,0.00428
GUY,Guyana,Americas,2016,4.483,0.004483
GUY,Guyana,Americas,2017,4.748,0.0047480000000000005
GUY,Guyana,Americas,2018,4.788,0.004788000000000001
GUY,Guyana,Americas,2019,5.1739999999999995,0.005174
GUY,Guyana,Americas,2020,5.471000000000001,0.005471000000000001
GUY,Guyana,Americas,2021,8.040999999999999,0.008040999999999998
GUY,Guyana,Americas,2022,14.717999999999998,0.014717999999999998
GUY,Guyana,Americas,2023,16.919,0.016919
GUY,Guyana,Americas,2024,24.659,0.024659
GUY,Guyana,Americas,2025,27.097,0.027097000000000003
GUY,Guyana,Americas,2026,33.961000000000006,0.033961000000000005
GUY,Guyana,Americas,2027,39.150999999999996,0.039151
GUY,Guyana,Americas,2028,43.66900000000001,0.04366900000000001
GUY,Guyana,Americas,2029,48.473000000000006,0.04847300000000001
GUY,Guyana,Americas,2030,50.425000000000004,0.050425000000000005
GUY,Guyana,Americas,2031,53.153999999999996,0.05315399999999999
HTI,Haiti,Americas,1980,2.664,0.002664
HTI,Haiti,Americas,1981,2.9319999999999995,0.0029319999999999997
HTI,Haiti,Americas,1982,3.05,0.0030499999999999998
HTI,Haiti,Americas,1983,3.273,0.0032730000000000003
HTI,Haiti,Americas,1984,3.627,0.0036269999999999996
HTI,Haiti,Americas,1985,4.027999999999999,0.004027999999999999
HTI,Haiti,Americas,1986,4.475,0.004475
HTI,Haiti,Americas,1987,2.205,0.002205
HTI,Haiti,Americas,1988,1.45,0.00145
HTI,Haiti,Americas,1989,1.34,0.00134
HTI,Haiti,Americas,1990,1.706,0.001706
HTI,Haiti,Americas,1991,1.53,0.0015300000000000001
HTI,Haiti,Americas,1992,0.918,9.180000000000001e-4
HTI,Haiti,Americas,1993,1.107,0.001107
HTI,Haiti,Americas,1994,3.054,0.003054
HTI,Haiti,Americas,1995,4.846,0.0048460000000000005
HTI,Haiti,Americas,1996,5,0.005
HTI,Haiti,Americas,1997,5.748,0.0057480000000000005
HTI,Haiti,Americas,1998,6.408,0.0064080000000000005
HTI,Haiti,Americas,1999,7.147999999999999,0.007147999999999999
HTI,Haiti,Americas,2000,6.81,0.006809999999999999
HTI,Haiti,Americas,2001,6.285,0.006285
HTI,Haiti,Americas,2002,6.063999999999999,0.006063999999999999
HTI,Haiti,Americas,2003,4.865999999999999,0.004865999999999999
HTI,Haiti,Americas,2004,6.037,0.006037
HTI,Haiti,Americas,2005,7.185999999999999,0.007185999999999999
HTI,Haiti,Americas,2006,7.507,0.007507
HTI,Haiti,Americas,2007,9.522,0.009522000000000001
HTI,Haiti,Americas,2008,10.488,0.010487999999999999
HTI,Haiti,Americas,2009,11.598,0.011598
HTI,Haiti,Americas,2010,11.852000000000002,0.011852000000000001
HTI,Haiti,Americas,2011,13.009,0.013009
HTI,Haiti,Americas,2012,13.709,0.013708999999999999
HTI,Haiti,Americas,2013,14.904,0.014904
HTI,Haiti,Americas,2014,15.136999999999999,0.015137
HTI,Haiti,Americas,2015,14.831,0.014830999999999999
HTI,Haiti,Americas,2016,13.996,0.013996
HTI,Haiti,Americas,2017,15.036,0.015035999999999999
HTI,Haiti,Americas,2018,16.454,0.016454
HTI,Haiti,Americas,2019,14.787,0.014787000000000002
HTI,Haiti,Americas,2020,14.508000000000001,0.014508
HTI,Haiti,Americas,2021,21.017,0.021017
HTI,Haiti,Americas,2022,19.826,0.019826
HTI,Haiti,Americas,2023,19.603000000000005,0.019603000000000006
HTI,Haiti,Americas,2024,25.284999999999997,0.025284999999999995
HTI,Haiti,Americas,2025,32.102000000000004,0.032102000000000006
HTI,Haiti,Americas,2026,39.18,0.03918
HTI,Haiti,Americas,2027,45.098000000000006,0.045098000000000006
HTI,Haiti,Americas,2028,47.515,0.047515
HTI,Haiti,Americas,2029,48.388,0.048388
HTI,Haiti,Americas,2030,48.882,0.048881999999999995
HTI,Haiti,Americas,2031,50.588,0.050588
HND,Honduras,Americas,1980,3.968,0.003968
HND,Honduras,Americas,1981,4.044,0.004044
HND,Honduras,Americas,1982,4.2669999999999995,0.004266999999999999
HND,Honduras,Americas,1983,4.477,0.004477
HND,Honduras,Americas,1984,4.915,0.004915
HND,Honduras,Americas,1985,5.278,0.005278
HND,Honduras,Americas,1986,5.677999999999999,0.005677999999999999
HND,Honduras,Americas,1987,6.190999999999999,0.006190999999999999
HND,Honduras,Americas,1988,6.877,0.0068769999999999994
HND,Honduras,Americas,1989,7.877,0.007877
HND,Honduras,Americas,1990,4.923,0.004923
HND,Honduras,Americas,1991,4.649,0.004649
HND,Honduras,Americas,1992,4.944,0.004944
HND,Honduras,Americas,1993,4.961,0.004961
HND,Honduras,Americas,1994,4.6419999999999995,0.004641999999999999
HND,Honduras,Americas,1995,5.415,0.005415
HND,Honduras,Americas,1996,5.217,0.005216999999999999
HND,Honduras,Americas,1997,5.736,0.005736
HND,Honduras,Americas,1998,6.365999999999999,0.006365999999999998
HND,Honduras,Americas,1999,6.417,0.006417
HND,Honduras,Americas,2000,7.103999999999999,0.007103999999999999
HND,Honduras,Americas,2001,7.651999999999999,0.007651999999999999
HND,Honduras,Americas,2002,7.856999999999999,0.007857
HND,Honduras,Americas,2003,8.229,0.008228999999999998
HND,Honduras,Americas,2004,8.866000000000003,0.008866000000000002
HND,Honduras,Americas,2005,9.755,0.009755000000000002
HND,Honduras,Americas,2006,10.917,0.010917
HND,Honduras,Americas,2007,12.361000000000002,0.012361000000000002
HND,Honduras,Americas,2008,13.884,0.013884
HND,Honduras,Americas,2009,14.586,0.014586
HND,Honduras,Americas,2010,15.837,0.015837
HND,Honduras,Americas,2011,17.71,0.01771
HND,Honduras,Americas,2012,18.523,0.018523
HND,Honduras,Americas,2013,18.494,0.018494
HND,Honduras,Americas,2014,19.753,0.019753
HND,Honduras,Americas,2015,20.978,0.020978
HND,Honduras,Americas,2016,21.712,0.021712
HND,Honduras,Americas,2017,23.138000000000005,0.023138000000000006
HND,Honduras,Americas,2018,24.067,0.024067
HND,Honduras,Americas,2019,24.882999999999996,0.024882999999999995
HND,Honduras,Americas,2020,23.35,0.023350000000000003
HND,Honduras,Americas,2021,28.146,0.028146
HND,Honduras,Americas,2022,31.424999999999997,0.031424999999999995
HND,Honduras,Americas,2023,34.355999999999995,0.034356
HND,Honduras,Americas,2024,37.1,0.0371
HND,Honduras,Americas,2025,39.694,0.039694
HND,Honduras,Americas,2026,41.505,0.041505
HND,Honduras,Americas,2027,43.88399999999999,0.04388399999999999
HND,Honduras,Americas,2028,46.445,0.046445
HND,Honduras,Americas,2029,49.155,0.049155000000000004
HND,Honduras,Americas,2030,52.023,0.052023
HND,Honduras,Americas,2031,55.059000000000005,0.055059000000000004
HKG,Hong Kong SAR China,Asia,1980,28.861999999999995,0.028861999999999995
HKG,Hong Kong SAR China,Asia,1981,31.055,0.031055
HKG,Hong Kong SAR China,Asia,1982,32.29100000000001,0.032291000000000014
HKG,Hong Kong SAR China,Asia,1983,29.907,0.029907
HKG,Hong Kong SAR China,Asia,1984,33.510999999999996,0.033511
HKG,Hong Kong SAR China,Asia,1985,35.7,0.0357
HKG,Hong Kong SAR China,Asia,1986,41.076,0.041076
HKG,Hong Kong SAR China,Asia,1987,50.62300000000001,0.050623000000000015
HKG,Hong Kong SAR China,Asia,1988,59.708000000000006,0.059708000000000004
HKG,Hong Kong SAR China,Asia,1989,68.79,0.06879
HKG,Hong Kong SAR China,Asia,1990,76.929,0.076929
HKG,Hong Kong SAR China,Asia,1991,88.96,0.08896
HKG,Hong Kong SAR China,Asia,1992,104.272,0.104272
HKG,Hong Kong SAR China,Asia,1993,120.354,0.120354
HKG,Hong Kong SAR China,Asia,1994,135.812,0.13581200000000002
HKG,Hong Kong SAR China,Asia,1995,144.65200000000002,0.144652
HKG,Hong Kong SAR China,Asia,1996,159.718,0.159718
HKG,Hong Kong SAR China,Asia,1997,177.34900000000002,0.177349
HKG,Hong Kong SAR China,Asia,1998,168.85800000000003,0.16885800000000004
HKG,Hong Kong SAR China,Asia,1999,165.73399999999998,0.165734
HKG,Hong Kong SAR China,Asia,2000,171.64299999999997,0.17164299999999996
HKG,Hong Kong SAR China,Asia,2001,169.38100000000003,0.16938100000000003
HKG,Hong Kong SAR China,Asia,2002,166.336,0.166336
HKG,Hong Kong SAR China,Asia,2003,161.37,0.16137
HKG,Hong Kong SAR China,Asia,2004,169.085,0.169085
HKG,Hong Kong SAR China,Asia,2005,181.556,0.18155600000000002
HKG,Hong Kong SAR China,Asia,2006,193.515,0.193515
HKG,Hong Kong SAR China,Asia,2007,211.583,0.211583
HKG,Hong Kong SAR China,Asia,2008,219.27899999999997,0.21927899999999997
HKG,Hong Kong SAR China,Asia,2009,214.048,0.214048
HKG,Hong Kong SAR China,Asia,2010,228.63899999999998,0.22863899999999998
HKG,Hong Kong SAR China,Asia,2011,248.51399999999998,0.24851399999999998
HKG,Hong Kong SAR China,Asia,2012,262.629,0.262629
HKG,Hong Kong SAR China,Asia,2013,275.697,0.275697
HKG,Hong Kong SAR China,Asia,2014,291.4599999999999,0.29145999999999994
HKG,Hong Kong SAR China,Asia,2015,309.38599999999997,0.309386
HKG,Hong Kong SAR China,Asia,2016,320.86,0.32086000000000003
HKG,Hong Kong SAR China,Asia,2017,341.27099999999996,0.34127099999999994
HKG,Hong Kong SAR China,Asia,2018,361.73099999999994,0.3617309999999999
HKG,Hong Kong SAR China,Asia,2019,363.075,0.363075
HKG,Hong Kong SAR China,Asia,2020,344.9409999999999,0.34494099999999994
HKG,Hong Kong SAR China,Asia,2021,368.954,0.368954
HKG,Hong Kong SAR China,Asia,2022,358.6739999999999,0.35867399999999994
HKG,Hong Kong SAR China,Asia,2023,380.762,0.380762
HKG,Hong Kong SAR China,Asia,2024,408.3690000000001,0.4083690000000001
HKG,Hong Kong SAR China,Asia,2025,427.31,0.42731
HKG,Hong Kong SAR China,Asia,2026,450.1379999999999,0.4501379999999999
HKG,Hong Kong SAR China,Asia,2027,469.5249999999999,0.4695249999999999
HKG,Hong Kong SAR China,Asia,2028,490.629,0.49062900000000004
HKG,Hong Kong SAR China,Asia,2029,513.2800000000001,0.5132800000000001
HKG,Hong Kong SAR China,Asia,2030,536.918,0.536918
HKG,Hong Kong SAR China,Asia,2031,562.3589999999999,0.5623589999999999
HUN,Hungary,Europe,1980,23.117000000000004,0.023117000000000006
HUN,Hungary,Europe,1981,23.706,0.023705999999999998
HUN,Hungary,Europe,1982,24.142,0.024142
HUN,Hungary,Europe,1983,21.91,0.02191
HUN,Hungary,Europe,1984,21.242999999999995,0.021242999999999995
HUN,Hungary,Europe,1985,21.511,0.021511
HUN,Hungary,Europe,1986,24.778,0.024777999999999998
HUN,Hungary,Europe,1987,27.233,0.027233
HUN,Hungary,Europe,1988,29.8,0.0298
HUN,Hungary,Europe,1989,30.42299999999999,0.03042299999999999
HUN,Hungary,Europe,1990,34.478,0.034478
HUN,Hungary,Europe,1991,34.867000000000004,0.034867
HUN,Hungary,Europe,1992,38.857,0.038857
HUN,Hungary,Europe,1993,40.256,0.040256
HUN,Hungary,Europe,1994,43.308,0.043308
HUN,Hungary,Europe,1995,46.578,0.046578
HUN,Hungary,Europe,1996,46.833999999999996,0.046833999999999994
HUN,Hungary,Europe,1997,47.399,0.047399000000000004
HUN,Hungary,Europe,1998,48.784000000000006,0.04878400000000001
HUN,Hungary,Europe,1999,49.160000000000004,0.04916
HUN,Hungary,Europe,2000,47.276,0.047276000000000006
HUN,Hungary,Europe,2001,53.80000000000001,0.053800000000000014
HUN,Hungary,Europe,2002,67.63599999999998,0.06763599999999999
HUN,Hungary,Europe,2003,85.19,0.08519
HUN,Hungary,Europe,2004,104.015,0.104015
HUN,Hungary,Europe,2005,113.098,0.113098
HUN,Hungary,Europe,2006,115.604,0.115604
HUN,Hungary,Europe,2007,140.12300000000002,0.14012300000000003
HUN,Hungary,Europe,2008,158.228,0.158228
HUN,Hungary,Europe,2009,130.80700000000002,0.130807
HUN,Hungary,Europe,2010,131.899,0.131899
HUN,Hungary,Europe,2011,141.713,0.141713
HUN,Hungary,Europe,2012,128.47,0.12847
HUN,Hungary,Europe,2013,135.646,0.135646
HUN,Hungary,Europe,2014,141.12900000000002,0.14112900000000003
HUN,Hungary,Europe,2015,125.24400000000001,0.12524400000000002
HUN,Hungary,Europe,2016,128.984,0.12898400000000002
HUN,Hungary,Europe,2017,143.335,0.14333500000000002
HUN,Hungary,Europe,2018,161.185,0.161185
HUN,Hungary,Europe,2019,164.92700000000002,0.16492700000000002
HUN,Hungary,Europe,2020,158.46800000000002,0.15846800000000003
HUN,Hungary,Europe,2021,183.28300000000002,0.18328300000000003
HUN,Hungary,Europe,2022,177.784,0.177784
HUN,Hungary,Europe,2023,213.315,0.213315
HUN,Hungary,Europe,2024,222.87800000000001,0.22287800000000002
HUN,Hungary,Europe,2025,246.89100000000002,0.24689100000000003
HUN,Hungary,Europe,2026,271.122,0.27112200000000003
HUN,Hungary,Europe,2027,284.46199999999993,0.28446199999999994
HUN,Hungary,Europe,2028,298.26099999999997,0.29826099999999994
HUN,Hungary,Europe,2029,313.4599999999999,0.3134599999999999
HUN,Hungary,Europe,2030,329.605,0.32960500000000004
HUN,Hungary,Europe,2031,346.3589999999999,0.3463589999999999
ISL,Iceland,Europe,1980,3.528,0.003528
ISL,Iceland,Europe,1981,3.642,0.003642
ISL,Iceland,Europe,1982,3.347,0.003347
ISL,Iceland,Europe,1983,2.8759999999999994,0.0028759999999999997
ISL,Iceland,Europe,1984,2.9709999999999996,0.0029709999999999997
ISL,Iceland,Europe,1985,3.0959999999999996,0.003096
ISL,Iceland,Europe,1986,4.132,0.004131999999999999
ISL,Iceland,Europe,1987,5.733,0.005732999999999999
ISL,Iceland,Europe,1988,6.344999999999999,0.006344999999999999
ISL,Iceland,Europe,1989,5.881,0.005881
ISL,Iceland,Europe,1990,6.709,0.006709
ISL,Iceland,Europe,1991,7.1739999999999995,0.007174
ISL,Iceland,Europe,1992,7.343,0.007343
ISL,Iceland,Europe,1993,6.439000000000001,0.006439000000000001
ISL,Iceland,Europe,1994,6.610999999999999,0.006610999999999999
ISL,Iceland,Europe,1995,7.373,0.007373
ISL,Iceland,Europe,1996,7.686999999999999,0.007686999999999999
ISL,Iceland,Europe,1997,7.717,0.007717
ISL,Iceland,Europe,1998,8.638000000000002,0.008638000000000002
ISL,Iceland,Europe,1999,9.107999999999999,0.009107999999999998
ISL,Iceland,Europe,2000,9.139999999999999,0.009139999999999999
ISL,Iceland,Europe,2001,8.323,0.008323
ISL,Iceland,Europe,2002,9.416,0.009416
ISL,Iceland,Europe,2003,11.565000000000001,0.011565
ISL,Iceland,Europe,2004,13.964,0.013964
ISL,Iceland,Europe,2005,17.146,0.017146
ISL,Iceland,Europe,2006,17.672,0.017672
ISL,Iceland,Europe,2007,21.959999999999997,0.021959999999999997
ISL,Iceland,Europe,2008,18.247999999999998,0.018247999999999997
ISL,Iceland,Europe,2009,13.213000000000001,0.013213
ISL,Iceland,Europe,2010,13.923,0.013923
ISL,Iceland,Europe,2011,15.394,0.015394
ISL,Iceland,Europe,2012,14.944,0.014944
ISL,Iceland,Europe,2013,16.244,0.016244
ISL,Iceland,Europe,2014,18.052,0.018052
ISL,Iceland,Europe,2015,17.7,0.0177
ISL,Iceland,Europe,2016,21.084,0.021084
ISL,Iceland,Europe,2017,25.06,0.02506
ISL,Iceland,Europe,2018,26.678,0.026678
ISL,Iceland,Europe,2019,24.985999999999997,0.024985999999999998
ISL,Iceland,Europe,2020,22.035,0.022035
ISL,Iceland,Europe,2021,26.235,0.026234999999999998
ISL,Iceland,Europe,2022,29.175999999999995,0.029175999999999994
ISL,Iceland,Europe,2023,31.702,0.031702
ISL,Iceland,Europe,2024,33.187000000000005,0.03318700000000001
ISL,Iceland,Europe,2025,38.583000000000006,0.038583000000000006
ISL,Iceland,Europe,2026,43.80000000000001,0.04380000000000001
ISL,Iceland,Europe,2027,45.96800000000001,0.04596800000000001
ISL,Iceland,Europe,2028,48.085,0.048085
ISL,Iceland,Europe,2029,50.330000000000005,0.05033000000000001
ISL,Iceland,Europe,2030,52.69500000000001,0.052695000000000006
ISL,Iceland,Europe,2031,55.162000000000006,0.055162
IND,India,Asia,1980,186.17,0.18616999999999997
IND,India,Asia,1981,193.15300000000002,0.19315300000000002
IND,India,Asia,1982,200.035,0.200035
IND,India,Asia,1983,218.218,0.218218
IND,India,Asia,1984,211.84300000000002,0.21184300000000003
IND,India,Asia,1985,233.52,0.23352
IND,India,Asia,1986,248.39800000000002,0.24839800000000004
IND,India,Asia,1987,278.8639999999999,0.27886399999999995
IND,India,Asia,1988,294.47899999999987,0.2944789999999999
IND,India,Asia,1989,296.043,0.296043
IND,India,Asia,1990,320.97899999999987,0.32097899999999985
IND,India,Asia,1991,270.105,0.27010500000000004
IND,India,Asia,1992,288.2099999999999,0.2882099999999999
IND,India,Asia,1993,279.29499999999996,0.27929499999999996
IND,India,Asia,1994,327.2749999999999,0.3272749999999999
IND,India,Asia,1995,360.28099999999995,0.36028099999999996
IND,India,Asia,1996,392.90199999999993,0.3929019999999999
IND,India,Asia,1997,415.8949999999999,0.4158949999999999
IND,India,Asia,1998,421.378,0.421378
IND,India,Asia,1999,458.821,0.45882100000000003
IND,India,Asia,2000,468.39599999999996,0.468396
IND,India,Asia,2001,485.44,0.48544
IND,India,Asia,2002,514.9379999999999,0.5149379999999999
IND,India,Asia,2003,607.701,0.607701
IND,India,Asia,2004,709.1519999999999,0.7091519999999999
IND,India,Asia,2005,820.385,0.820385
IND,India,Asia,2006,940.26,0.94026
IND,India,Asia,2007,1216.736,1.216736
IND,India,Asia,2008,1198.895,1.198895
IND,India,Asia,2009,1341.889,1.3418889999999999
IND,India,Asia,2010,1675.615,1.675615
IND,India,Asia,2011,1823.052,1.823052
IND,India,Asia,2012,1822.8619999999999,1.8228619999999998
IND,India,Asia,2013,1847.019,1.847019
IND,India,Asia,2014,2023.1429999999998,2.0231429999999997
IND,India,Asia,2015,2081.604,2.081604
IND,India,Asia,2016,2264.818,2.264818
IND,India,Asia,2017,2609.908,2.609908
IND,India,Asia,2018,2653.495,2.653495
IND,India,Asia,2019,2776.3360000000002,2.776336
IND,India,Asia,2020,2611.9530000000004,2.6119530000000006
IND,India,Asia,2021,3084.517,3.084517
IND,India,Asia,2022,3249.939,3.249939
IND,India,Asia,2023,3500.906,3.500906
IND,India,Asia,2024,3760.8140000000003,3.7608140000000003
IND,India,Asia,2025,3916.3120000000004,3.9163120000000005
IND,India,Asia,2026,4153.191000000001,4.1531910000000005
IND,India,Asia,2027,4579.0830000000005,4.579083000000001
IND,India,Asia,2028,5058.754,5.0587539999999995
IND,India,Asia,2029,5599.432,5.599432
IND,India,Asia,2030,6173.385,6.173385000000001
IND,India,Asia,2031,6792.432,6.792432
IDN,Indonesia,Asia,1980,99.296,0.09929600000000001
IDN,Indonesia,Asia,1981,110.848,0.110848
IDN,Indonesia,Asia,1982,113.79900000000002,0.11379900000000003
IDN,Indonesia,Asia,1983,103.149,0.103149
IDN,Indonesia,Asia,1984,107.218,0.10721800000000001
IDN,Indonesia,Asia,1985,107.062,0.107062
IDN,Indonesia,Asia,1986,101.22,0.10122
IDN,Indonesia,Asia,1987,95.21400000000001,0.09521400000000001
IDN,Indonesia,Asia,1988,107.279,0.107279
IDN,Indonesia,Asia,1989,122.582,0.122582
IDN,Indonesia,Asia,1990,138.258,0.13825800000000002
IDN,Indonesia,Asia,1991,154.55800000000002,0.15455800000000003
IDN,Indonesia,Asia,1992,168.28,0.16828
IDN,Indonesia,Asia,1993,190.91299999999998,0.19091299999999997
IDN,Indonesia,Asia,1994,213.727,0.213727
IDN,Indonesia,Asia,1995,244.227,0.244227
IDN,Indonesia,Asia,1996,274.72199999999987,0.27472199999999986
IDN,Indonesia,Asia,1997,260.68,0.26068
IDN,Indonesia,Asia,1998,115.32299999999998,0.11532299999999998
IDN,Indonesia,Asia,1999,169.15800000000002,0.169158
IDN,Indonesia,Asia,2000,179.48200000000003,0.17948200000000003
IDN,Indonesia,Asia,2001,174.507,0.174507
IDN,Indonesia,Asia,2002,212.80700000000002,0.21280700000000002
IDN,Indonesia,Asia,2003,255.346,0.255346
IDN,Indonesia,Asia,2004,279.344,0.279344
IDN,Indonesia,Asia,2005,310.91999999999996,0.31092
IDN,Indonesia,Asia,2006,396.5179999999999,0.3965179999999999
IDN,Indonesia,Asia,2007,470.09199999999987,0.47009199999999984
IDN,Indonesia,Asia,2008,558.291,0.5582910000000001
IDN,Indonesia,Asia,2009,578.577,0.578577
IDN,Indonesia,Asia,2010,755.094,0.755094
IDN,Indonesia,Asia,2011,892.9689999999999,0.8929689999999999
IDN,Indonesia,Asia,2012,917.87,0.91787
IDN,Indonesia,Asia,2013,912.524,0.912524
IDN,Indonesia,Asia,2014,890.8149999999999,0.8908149999999999
IDN,Indonesia,Asia,2015,860.8539999999999,0.8608539999999999
IDN,Indonesia,Asia,2016,931.8769999999998,0.9318769999999998
IDN,Indonesia,Asia,2017,1015.619,1.015619
IDN,Indonesia,Asia,2018,1042.272,1.0422719999999999
IDN,Indonesia,Asia,2019,1119.1,1.1191
IDN,Indonesia,Asia,2020,1059.055,1.059055
IDN,Indonesia,Asia,2021,1186.51,1.18651
IDN,Indonesia,Asia,2022,1319.1009999999999,1.3191009999999999
IDN,Indonesia,Asia,2023,1371.167,1.371167
IDN,Indonesia,Asia,2024,1396.302,1.396302
IDN,Indonesia,Asia,2025,1445.6419999999998,1.4456419999999999
IDN,Indonesia,Asia,2026,1539.8719999999998,1.539872
IDN,Indonesia,Asia,2027,1659.491,1.659491
IDN,Indonesia,Asia,2028,1790.06,1.79006
IDN,Indonesia,Asia,2029,1930.127,1.930127
IDN,Indonesia,Asia,2030,2081.9110000000005,2.0819110000000007
IDN,Indonesia,Asia,2031,2245.8120000000004,2.2458120000000004
IRN,Iran,Asia,1980,116.976,0.116976
IRN,Iran,Asia,1981,123.85199999999999,0.12385199999999999
IRN,Iran,Asia,1982,153.53300000000002,0.153533
IRN,Iran,Asia,1983,191.52200000000002,0.19152200000000003
IRN,Iran,Asia,1984,197.372,0.19737200000000002
IRN,Iran,Asia,1985,220.341,0.220341
IRN,Iran,Asia,1986,254.98700000000002,0.254987
IRN,Iran,Asia,1987,338.089,0.338089
IRN,Iran,Asia,1988,380.6979999999999,0.3806979999999999
IRN,Iran,Asia,1989,463.0729999999999,0.4630729999999999
IRN,Iran,Asia,1990,709.094,0.709094
IRN,Iran,Asia,1991,371.09699999999987,0.37109699999999984
IRN,Iran,Asia,1992,61.598000000000006,0.06159800000000001
IRN,Iran,Asia,1993,78.65599999999999,0.07865599999999999
IRN,Iran,Asia,1994,97.415,0.097415
IRN,Iran,Asia,1995,140.28,0.14028
IRN,Iran,Asia,1996,192.871,0.19287100000000001
IRN,Iran,Asia,1997,224.73299999999998,0.224733
IRN,Iran,Asia,1998,250.194,0.25019399999999997
IRN,Iran,Asia,1999,335.73699999999997,0.33573699999999995
IRN,Iran,Asia,2000,447.805,0.447805
IRN,Iran,Asia,2001,403.9429999999999,0.40394299999999994
IRN,Iran,Asia,2002,161.93200000000002,0.16193200000000002
IRN,Iran,Asia,2003,193.34,0.19334
IRN,Iran,Asia,2004,230.618,0.230618
IRN,Iran,Asia,2005,276.3829999999999,0.27638299999999993
IRN,Iran,Asia,2006,326.45,0.32644999999999996
IRN,Iran,Asia,2007,430.4649999999999,0.43046499999999993
IRN,Iran,Asia,2008,498.71199999999993,0.49871199999999993
IRN,Iran,Asia,2009,509.095,0.5090950000000001
IRN,Iran,Asia,2010,598.5659999999999,0.5985659999999999
IRN,Iran,Asia,2011,722.13,0.72213
IRN,Iran,Asia,2012,487.11,0.48711
IRN,Iran,Asia,2013,494.5439999999999,0.49454399999999993
IRN,Iran,Asia,2014,532.0559999999999,0.532056
IRN,Iran,Asia,2015,471.41499999999996,0.471415
IRN,Iran,Asia,2016,477.575,0.47757499999999997
IRN,Iran,Asia,2017,507.8,0.5078
IRN,Iran,Asia,2018,343.71299999999997,0.343713
IRN,Iran,Asia,2019,252.142,0.252142
IRN,Iran,Asia,2020,209.51,0.20951
IRN,Iran,Asia,2021,307.33699999999993,0.3073369999999999
IRN,Iran,Asia,2022,403.254,0.403254
IRN,Iran,Asia,2023,421.5470000000001,0.42154700000000006
IRN,Iran,Asia,2024,416.676,0.416676
IRN,Iran,Asia,2025,371.196,0.371196
IRN,Iran,Asia,2026,300.29299999999995,0.300293
IRN,Iran,Asia,2027,313.3299999999999,0.31332999999999994
IRN,Iran,Asia,2028,323.13,0.32313
IRN,Iran,Asia,2029,335.48599999999993,0.33548599999999995
IRN,Iran,Asia,2030,349.52699999999993,0.3495269999999999
IRN,Iran,Asia,2031,363.9529999999999,0.3639529999999999
IRQ,Iraq,Asia,2000,25.984,0.025984
IRQ,Iraq,Asia,2001,21.113000000000003,0.021113000000000003
IRQ,Iraq,Asia,2002,21.062999999999995,0.021062999999999995
IRQ,Iraq,Asia,2003,15.800000000000002,0.0158
IRQ,Iraq,Asia,2004,36.642,0.036642
IRQ,Iraq,Asia,2005,50.065000000000005,0.050065000000000005
IRQ,Iraq,Asia,2006,65.144,0.06514400000000001
IRQ,Iraq,Asia,2007,88.833,0.088833
IRQ,Iraq,Asia,2008,131.61399999999998,0.13161399999999998
IRQ,Iraq,Asia,2009,111.66,0.11166
IRQ,Iraq,Asia,2010,138.517,0.138517
IRQ,Iraq,Asia,2011,185.75,0.18575
IRQ,Iraq,Asia,2012,218.032,0.218032
IRQ,Iraq,Asia,2013,234.638,0.234638
IRQ,Iraq,Asia,2014,234.651,0.234651
IRQ,Iraq,Asia,2015,177.634,0.177634
IRQ,Iraq,Asia,2016,168.429,0.168429
IRQ,Iraq,Asia,2017,190.048,0.190048
IRQ,Iraq,Asia,2018,230.18900000000002,0.23018900000000003
IRQ,Iraq,Asia,2019,236.68200000000002,0.236682
IRQ,Iraq,Asia,2020,182.576,0.182576
IRQ,Iraq,Asia,2021,210.75300000000001,0.21075300000000002
IRQ,Iraq,Asia,2022,288.0590000000001,0.28805900000000007
IRQ,Iraq,Asia,2023,270.79899999999986,0.27079899999999985
IRQ,Iraq,Asia,2024,286.52299999999997,0.28652299999999997
IRQ,Iraq,Asia,2025,264.1669999999999,0.26416699999999993
IRQ,Iraq,Asia,2026,264.78399999999993,0.2647839999999999
IRQ,Iraq,Asia,2027,292.77699999999993,0.29277699999999995
IRQ,Iraq,Asia,2028,305.53099999999995,0.30553099999999994
IRQ,Iraq,Asia,2029,321.41499999999996,0.32141499999999995
IRQ,Iraq,Asia,2030,339.825,0.339825
IRQ,Iraq,Asia,2031,360.51099999999997,0.36051099999999997
IRL,Ireland,Europe,1980,21.424999999999997,0.021424999999999996
IRL,Ireland,Europe,1981,20.42299999999999,0.02042299999999999
IRL,Ireland,Europe,1982,21.313,0.021313
IRL,Ireland,Europe,1983,20.618000000000002,0.020618
IRL,Ireland,Europe,1984,19.882999999999996,0.019882999999999994
IRL,Ireland,Europe,1985,21.168,0.021168
IRL,Ireland,Europe,1986,28.515999999999995,0.028515999999999996
IRL,Ireland,Europe,1987,33.660000000000004,0.03366
IRL,Ireland,Europe,1988,36.875,0.036875
IRL,Ireland,Europe,1989,38.03,0.03803
IRL,Ireland,Europe,1990,48.19900000000001,0.04819900000000001
IRL,Ireland,Europe,1991,48.839999999999996,0.048839999999999995
IRL,Ireland,Europe,1992,54.910999999999994,0.054910999999999995
IRL,Ireland,Europe,1993,51.364000000000004,0.05136400000000001
IRL,Ireland,Europe,1994,55.843,0.055843000000000004
IRL,Ireland,Europe,1995,69.26,0.06926
IRL,Ireland,Europe,1996,75.928,0.075928
IRL,Ireland,Europe,1997,82.957,0.08295699999999999
IRL,Ireland,Europe,1998,90.30499999999999,0.090305
IRL,Ireland,Europe,1999,98.993,0.098993
IRL,Ireland,Europe,2000,100.253,0.100253
IRL,Ireland,Europe,2001,109.347,0.109347
IRL,Ireland,Europe,2002,128.505,0.128505
IRL,Ireland,Europe,2003,164.63,0.16463
IRL,Ireland,Europe,2004,194.28300000000002,0.194283
IRL,Ireland,Europe,2005,211.99300000000002,0.21199300000000001
IRL,Ireland,Europe,2006,232.19299999999998,0.23219299999999998
IRL,Ireland,Europe,2007,270.112,0.270112
IRL,Ireland,Europe,2008,275.41699999999986,0.27541699999999986
IRL,Ireland,Europe,2009,236.187,0.236187
IRL,Ireland,Europe,2010,221.914,0.221914
IRL,Ireland,Europe,2011,240.934,0.240934
IRL,Ireland,Europe,2012,227.066,0.227066
IRL,Ireland,Europe,2013,242.92800000000003,0.24292800000000003
IRL,Ireland,Europe,2014,266.5590000000001,0.2665590000000001
IRL,Ireland,Europe,2015,302.1329999999999,0.30213299999999993
IRL,Ireland,Europe,2016,305.3469999999999,0.3053469999999999
IRL,Ireland,Europe,2017,348.232,0.34823200000000004
IRL,Ireland,Europe,2018,395.9599999999999,0.3959599999999999
IRL,Ireland,Europe,2019,407.2559999999999,0.4072559999999999
IRL,Ireland,Europe,2020,435.659,0.435659
IRL,Ireland,Europe,2021,530.747,0.530747
IRL,Ireland,Europe,2022,548.7730000000001,0.5487730000000002
IRL,Ireland,Europe,2023,567.5369999999999,0.567537
IRL,Ireland,Europe,2024,608.974,0.608974
IRL,Ireland,Europe,2025,718.14,0.71814
IRL,Ireland,Europe,2026,779.381,0.779381
IRL,Ireland,Europe,2027,808.5499999999998,0.8085499999999999
IRL,Ireland,Europe,2028,838.255,0.838255
IRL,Ireland,Europe,2029,864.923,0.864923
IRL,Ireland,Europe,2030,893.8159999999999,0.8938159999999999
IRL,Ireland,Europe,2031,924.0629999999999,0.9240629999999999
ISR,Israel,Asia,1980,25.042999999999996,0.025042999999999996
ISR,Israel,Asia,1981,26.534,0.026534
ISR,Israel,Asia,1982,28.438,0.028437999999999998
ISR,Israel,Asia,1983,31.716,0.031716
ISR,Israel,Asia,1984,30.025,0.030025
ISR,Israel,Asia,1985,27.905999999999995,0.027905999999999997
ISR,Israel,Asia,1986,34.354,0.034354
ISR,Israel,Asia,1987,41.033,0.041033
ISR,Israel,Asia,1988,50.830000000000005,0.05083000000000001
ISR,Israel,Asia,1989,51.71800000000001,0.051718000000000014
ISR,Israel,Asia,1990,61.027,0.061027
ISR,Israel,Asia,1991,69.228,0.069228
ISR,Israel,Asia,1992,77.357,0.077357
ISR,Israel,Asia,1993,77.748,0.07774800000000001
ISR,Israel,Asia,1994,88.751,0.08875100000000001
ISR,Israel,Asia,1995,105.432,0.105432
ISR,Israel,Asia,1996,115.054,0.115054
ISR,Israel,Asia,1997,119.39100000000002,0.11939100000000002
ISR,Israel,Asia,1998,120.469,0.12046899999999999
ISR,Israel,Asia,1999,121.32899999999998,0.12132899999999998
ISR,Israel,Asia,2000,136.40900000000002,0.13640900000000003
ISR,Israel,Asia,2001,134.89100000000002,0.134891
ISR,Israel,Asia,2002,125.215,0.125215
ISR,Israel,Asia,2003,131.278,0.13127799999999998
ISR,Israel,Asia,2004,139.92600000000002,0.13992600000000002
ISR,Israel,Asia,2005,147.346,0.147346
ISR,Israel,Asia,2006,158.706,0.15870599999999999
ISR,Israel,Asia,2007,184.45,0.18444999999999998
ISR,Israel,Asia,2008,220.95100000000002,0.220951
ISR,Israel,Asia,2009,213.111,0.213111
ISR,Israel,Asia,2010,239.37300000000002,0.23937300000000003
ISR,Israel,Asia,2011,267.73899999999986,0.26773899999999984
ISR,Israel,Asia,2012,263.1720000000001,0.2631720000000001
ISR,Israel,Asia,2013,298.045,0.298045
ISR,Israel,Asia,2014,314.377,0.314377
ISR,Israel,Asia,2015,302.839,0.302839
ISR,Israel,Asia,2016,321.083,0.321083
ISR,Israel,Asia,2017,357.361,0.357361
ISR,Israel,Asia,2018,375.47099999999995,0.37547099999999994
ISR,Israel,Asia,2019,399.209,0.399209
ISR,Israel,Asia,2020,410.90899999999993,0.4109089999999999
ISR,Israel,Asia,2021,489.73599999999993,0.48973599999999995
ISR,Israel,Asia,2022,525.159,0.525159
ISR,Israel,Asia,2023,513.394,0.513394
ISR,Israel,Asia,2024,542.2850000000001,0.5422850000000001
ISR,Israel,Asia,2025,610.7780000000001,0.6107780000000002
ISR,Israel,Asia,2026,719.8479999999998,0.7198479999999998
ISR,Israel,Asia,2027,761.0579999999999,0.7610579999999999
ISR,Israel,Asia,2028,799.158,0.799158
ISR,Israel,Asia,2029,837.1269999999998,0.8371269999999998
ISR,Israel,Asia,2030,875.796,0.875796
ISR,Israel,Asia,2031,916.264,0.916264
ITA,Italy,Europe,1980,479.96699999999987,0.47996699999999987
ITA,Italy,Europe,1981,435.267,0.435267
ITA,Italy,Europe,1982,430.1689999999999,0.4301689999999999
ITA,Italy,Europe,1983,446.399,0.446399
ITA,Italy,Europe,1984,441.048,0.441048
ITA,Italy,Europe,1985,455.45699999999994,0.45545699999999995
ITA,Italy,Europe,1986,645.071,0.6450710000000001
ITA,Italy,Europe,1987,809.6319999999998,0.8096319999999998
ITA,Italy,Europe,1988,897.006,0.897006
ITA,Italy,Europe,1989,932.9309999999999,0.932931
ITA,Italy,Europe,1990,1164.328,1.164328
ITA,Italy,Europe,1991,1229.898,1.229898
ITA,Italy,Europe,1992,1305.099,1.305099
ITA,Italy,Europe,1993,1049.47,1.0494700000000001
ITA,Italy,Europe,1994,1082.455,1.082455
ITA,Italy,Europe,1995,1177.987,1.1779870000000001
ITA,Italy,Europe,1996,1315.135,1.315135
ITA,Italy,Europe,1997,1246.3419999999999,1.2463419999999998
ITA,Italy,Europe,1998,1274.3819999999998,1.274382
ITA,Italy,Europe,1999,1256.25,1.25625
ITA,Italy,Europe,2000,1150.1689999999999,1.1501689999999998
ITA,Italy,Europe,2001,1172.05,1.17205
ITA,Italy,Europe,2002,1280.84,1.28084
ITA,Italy,Europe,2003,1582.5339999999999,1.5825339999999999
ITA,Italy,Europe,2004,1811.987,1.811987
ITA,Italy,Europe,2005,1866.013,1.866013
ITA,Italy,Europe,2006,1958.667,1.958667
ITA,Italy,Europe,2007,2222.7879999999996,2.2227879999999995
ITA,Italy,Europe,2008,2417.2449999999994,2.4172449999999994
ITA,Italy,Europe,2009,2207.085,2.207085
ITA,Italy,Europe,2010,2146.6869999999994,2.1466869999999996
ITA,Italy,Europe,2011,2306.569,2.306569
ITA,Italy,Europe,2012,2099.259,2.099259
ITA,Italy,Europe,2013,2153.257,2.153257
ITA,Italy,Europe,2014,2173.8160000000003,2.1738160000000004
ITA,Italy,Europe,2015,1845.615,1.845615
ITA,Italy,Europe,2016,1886.59,1.88659
ITA,Italy,Europe,2017,1970.025,1.9700250000000001
ITA,Italy,Europe,2018,2100.387,2.100387
ITA,Italy,Europe,2019,2019.829,2.019829
ITA,Italy,Europe,2020,1905.9560000000001,1.9059560000000002
ITA,Italy,Europe,2021,2180.657,2.180657
ITA,Italy,Europe,2022,2105.723,2.105723
ITA,Italy,Europe,2023,2317.55,2.31755
ITA,Italy,Europe,2024,2382.718,2.3827179999999997
ITA,Italy,Europe,2025,2550.111,2.550111
ITA,Italy,Europe,2026,2738.1639999999998,2.738164
ITA,Italy,Europe,2027,2805.918,2.805918
ITA,Italy,Europe,2028,2887.378,2.887378
ITA,Italy,Europe,2029,2965.3130000000006,2.9653130000000005
ITA,Italy,Europe,2030,3045.633,3.0456329999999996
ITA,Italy,Europe,2031,3127.67,3.12767
JAM,Jamaica,Americas,1980,2.631,0.0026309999999999997
JAM,Jamaica,Americas,1981,2.8909999999999996,0.0028909999999999995
JAM,Jamaica,Americas,1982,3.3189999999999995,0.0033189999999999995
JAM,Jamaica,Americas,1983,2.9499999999999997,0.00295
JAM,Jamaica,Americas,1984,2.174,0.0021739999999999997
JAM,Jamaica,Americas,1985,2.045,0.002045
JAM,Jamaica,Americas,1986,2.4309999999999996,0.0024309999999999996
JAM,Jamaica,Americas,1987,2.741,0.002741
JAM,Jamaica,Americas,1988,3.267,0.003267
JAM,Jamaica,Americas,1989,3.7880000000000003,0.003788
JAM,Jamaica,Americas,1990,4.784,0.004784
JAM,Jamaica,Americas,1991,4.395999999999999,0.004395999999999999
JAM,Jamaica,Americas,1992,4.44,0.00444
JAM,Jamaica,Americas,1993,5.581,0.005581
JAM,Jamaica,Americas,1994,5.593999999999999,0.005593999999999999
JAM,Jamaica,Americas,1995,6.719,0.006719
JAM,Jamaica,Americas,1996,7.586,0.007586000000000001
JAM,Jamaica,Americas,1997,8.617999999999999,0.008617999999999999
JAM,Jamaica,Americas,1998,9.015,0.009015
JAM,Jamaica,Americas,1999,9.117999999999999,0.009118
JAM,Jamaica,Americas,2000,9.3,0.009300000000000001
JAM,Jamaica,Americas,2001,9.433000000000002,0.009433000000000002
JAM,Jamaica,Americas,2002,9.971,0.009971
JAM,Jamaica,Americas,2003,9.675,0.009675000000000001
JAM,Jamaica,Americas,2004,10.439,0.010439
JAM,Jamaica,Americas,2005,11.524000000000001,0.011524000000000001
JAM,Jamaica,Americas,2006,12.256,0.012256
JAM,Jamaica,Americas,2007,13.215,0.013215
JAM,Jamaica,Americas,2008,14.099,0.014099
JAM,Jamaica,Americas,2009,12.421000000000001,0.012421000000000001
JAM,Jamaica,Americas,2010,13.535,0.013535
JAM,Jamaica,Americas,2011,14.787,0.014787000000000002
JAM,Jamaica,Americas,2012,15.149,0.015149
JAM,Jamaica,Americas,2013,14.582000000000003,0.014582000000000003
JAM,Jamaica,Americas,2014,14.225,0.014225
JAM,Jamaica,Americas,2015,14.927,0.014927
JAM,Jamaica,Americas,2016,14.931000000000001,0.014931000000000002
JAM,Jamaica,Americas,2017,15.726,0.015726
JAM,Jamaica,Americas,2018,16.766999999999996,0.016766999999999997
JAM,Jamaica,Americas,2019,17.002,0.017002
JAM,Jamaica,Americas,2020,15.079000000000002,0.015079000000000002
JAM,Jamaica,Americas,2021,15.982000000000001,0.015982
JAM,Jamaica,Americas,2022,18.71,0.01871
JAM,Jamaica,Americas,2023,21.298999999999996,0.021298999999999995
JAM,Jamaica,Americas,2024,21.9,0.0219
JAM,Jamaica,Americas,2025,22.313,0.022313
JAM,Jamaica,Americas,2026,23.028,0.023028
JAM,Jamaica,Americas,2027,23.932,0.023932
JAM,Jamaica,Americas,2028,24.838,0.024838000000000002
JAM,Jamaica,Americas,2029,25.717,0.025717
JAM,Jamaica,Americas,2030,26.579999999999995,0.026579999999999996
JAM,Jamaica,Americas,2031,27.471999999999998,0.027471999999999996
JPN,Japan,Asia,1980,1155.1819999999998,1.1551819999999997
JPN,Japan,Asia,1981,1273.6719999999998,1.2736719999999997
JPN,Japan,Asia,1982,1185.2060000000001,1.1852060000000002
JPN,Japan,Asia,1983,1299.897,1.2998969999999999
JPN,Japan,Asia,1984,1376.575,1.376575
JPN,Japan,Asia,1985,1459.625,1.459625
JPN,Japan,Asia,1986,2168.525,2.1685250000000003
JPN,Japan,Asia,1987,2639.715,2.6397150000000003
JPN,Japan,Asia,1988,3197.143,3.197143
JPN,Japan,Asia,1989,3180.501,3.180501
JPN,Japan,Asia,1990,3258.697,3.258697
JPN,Japan,Asia,1991,3731.419,3.731419
JPN,Japan,Asia,1992,4071.656,4.071656
JPN,Japan,Asia,1993,4640.603,4.6406030000000005
JPN,Japan,Asia,1994,5104.062000000001,5.104062000000001
JPN,Japan,Asia,1995,5639.651000000001,5.639651000000001
JPN,Japan,Asia,1996,5021.4439999999995,5.021444
JPN,Japan,Asia,1997,4579.782999999999,4.579782999999999
JPN,Japan,Asia,1998,4150.360000000001,4.150360000000001
JPN,Japan,Asia,1999,4688.982,4.688982
JPN,Japan,Asia,2000,5042.3820000000005,5.042382000000001
JPN,Japan,Asia,2001,4438.791,4.438791
JPN,Japan,Asia,2002,4245.946,4.245946
JPN,Japan,Asia,2003,4573.415,4.573415
JPN,Japan,Asia,2004,4941.505,4.941505
JPN,Japan,Asia,2005,4875.649,4.875649
JPN,Japan,Asia,2006,4648.058,4.648058
JPN,Japan,Asia,2007,4624.668000000001,4.624668000000001
JPN,Japan,Asia,2008,5160.198,5.160198
JPN,Japan,Asia,2009,5336.7660000000005,5.336766000000001
JPN,Japan,Asia,2010,5811.576999999999,5.811576999999999
JPN,Japan,Asia,2011,6279.423000000001,6.279423
JPN,Japan,Asia,2012,6333.803000000001,6.3338030000000005
JPN,Japan,Asia,2013,5272.2970000000005,5.272297000000001
JPN,Japan,Asia,2014,4985.764,4.9857640000000005
JPN,Japan,Asia,2015,4534.437999999999,4.534437999999999
JPN,Japan,Asia,2016,5110.357,5.110357
JPN,Japan,Asia,2017,5038.232,5.038232
JPN,Japan,Asia,2018,5154.293000000001,5.154293000000001
JPN,Japan,Asia,2019,5245.755,5.245755
JPN,Japan,Asia,2020,5189.197,5.189197
JPN,Japan,Asia,2021,5225.933999999999,5.225934
JPN,Japan,Asia,2022,4447.976,4.447976
JPN,Japan,Asia,2023,4384.854,4.384854000000001
JPN,Japan,Asia,2024,4190.008,4.190008
JPN,Japan,Asia,2025,4435.163000000001,4.435163000000001
JPN,Japan,Asia,2026,4379.253000000001,4.379253
JPN,Japan,Asia,2027,4561.624000000001,4.561624000000001
JPN,Japan,Asia,2028,4744.089,4.744089
JPN,Japan,Asia,2029,4872.753000000001,4.872753
JPN,Japan,Asia,2030,5002.1810000000005,5.002181
JPN,Japan,Asia,2031,5128.325000000001,5.128325000000001
JOR,Jordan,Asia,1980,4.343999999999999,0.004344
JOR,Jordan,Asia,1981,4.878,0.004878
JOR,Jordan,Asia,1982,5.206,0.0052060000000000006
JOR,Jordan,Asia,1983,5.471000000000001,0.005471000000000001
JOR,Jordan,Asia,1984,5.526999999999999,0.005526999999999999
JOR,Jordan,Asia,1985,5.559,0.005559000000000001
JOR,Jordan,Asia,1986,7.118999999999999,0.007118999999999999
JOR,Jordan,Asia,1987,7.504,0.007503999999999999
JOR,Jordan,Asia,1988,7.03,0.007030000000000001
JOR,Jordan,Asia,1989,4.726999999999999,0.004726999999999999
JOR,Jordan,Asia,1990,4.624999999999999,0.004624999999999999
JOR,Jordan,Asia,1991,4.83,0.00483
JOR,Jordan,Asia,1992,5.968,0.005968
JOR,Jordan,Asia,1993,6.202,0.006202
JOR,Jordan,Asia,1994,6.982,0.006982
JOR,Jordan,Asia,1995,7.466,0.007466
JOR,Jordan,Asia,1996,7.792,0.0077919999999999994
JOR,Jordan,Asia,1997,8.162,0.008162
JOR,Jordan,Asia,1998,9.017000000000001,0.009017
JOR,Jordan,Asia,1999,9.293999999999999,0.009293999999999998
JOR,Jordan,Asia,2000,9.636999999999999,0.009636999999999998
JOR,Jordan,Asia,2001,10.237999999999998,0.010237999999999997
JOR,Jordan,Asia,2002,11.015000000000002,0.011015000000000002
JOR,Jordan,Asia,2003,11.681000000000001,0.011681
JOR,Jordan,Asia,2004,13.002000000000002,0.013002000000000003
JOR,Jordan,Asia,2005,14.507,0.014506999999999999
JOR,Jordan,Asia,2006,17.446999999999996,0.017446999999999997
JOR,Jordan,Asia,2007,19.835,0.019835000000000002
JOR,Jordan,Asia,2008,25.64,0.02564
JOR,Jordan,Asia,2009,27.461999999999996,0.027461999999999997
JOR,Jordan,Asia,2010,30.202999999999996,0.030202999999999997
JOR,Jordan,Asia,2011,32.64,0.03264
JOR,Jordan,Asia,2012,34.903000000000006,0.034903000000000003
JOR,Jordan,Asia,2013,37.927,0.037927
JOR,Jordan,Asia,2014,40.592000000000006,0.040592
JOR,Jordan,Asia,2015,42.45399999999999,0.04245399999999999
JOR,Jordan,Asia,2016,43.75,0.04375
JOR,Jordan,Asia,2017,45.6,0.0456
JOR,Jordan,Asia,2018,47.503,0.047503000000000004
JOR,Jordan,Asia,2019,48.709,0.048709
JOR,Jordan,Asia,2020,48,0.048
JOR,Jordan,Asia,2021,50.775000000000006,0.05077500000000001
JOR,Jordan,Asia,2022,53.59300000000001,0.05359300000000001
JOR,Jordan,Asia,2023,56.203,0.056203
JOR,Jordan,Asia,2024,58.701,0.058701
JOR,Jordan,Asia,2025,61.69200000000001,0.06169200000000001
JOR,Jordan,Asia,2026,64.909,0.06490900000000001
JOR,Jordan,Asia,2027,68.46,0.06846
JOR,Jordan,Asia,2028,72.13599999999998,0.07213599999999998
JOR,Jordan,Asia,2029,76.009,0.07600900000000001
JOR,Jordan,Asia,2030,80.09,0.08009000000000001
JOR,Jordan,Asia,2031,84.39,0.08439
KAZ,Kazakhstan,Asia,1992,2.8749999999999996,0.0028749999999999995
KAZ,Kazakhstan,Asia,1993,5.151999999999999,0.0051519999999999995
KAZ,Kazakhstan,Asia,1994,11.881,0.011881000000000001
KAZ,Kazakhstan,Asia,1995,16.639,0.016639
KAZ,Kazakhstan,Asia,1996,21.035,0.021035
KAZ,Kazakhstan,Asia,1997,22.166,0.022166
KAZ,Kazakhstan,Asia,1998,22.135000000000005,0.022135000000000005
KAZ,Kazakhstan,Asia,1999,16.871,0.016870999999999997
KAZ,Kazakhstan,Asia,2000,18.292,0.018292000000000003
KAZ,Kazakhstan,Asia,2001,22.153,0.022153
KAZ,Kazakhstan,Asia,2002,24.637000000000004,0.024637000000000003
KAZ,Kazakhstan,Asia,2003,30.834000000000003,0.030834000000000004
KAZ,Kazakhstan,Asia,2004,43.152,0.043152
KAZ,Kazakhstan,Asia,2005,57.12500000000001,0.05712500000000001
KAZ,Kazakhstan,Asia,2006,81.003,0.081003
KAZ,Kazakhstan,Asia,2007,104.85,0.10485
KAZ,Kazakhstan,Asia,2008,133.442,0.133442
KAZ,Kazakhstan,Asia,2009,115.309,0.115309
KAZ,Kazakhstan,Asia,2010,148.047,0.14804699999999998
KAZ,Kazakhstan,Asia,2011,192.626,0.192626
KAZ,Kazakhstan,Asia,2012,207.999,0.207999
KAZ,Kazakhstan,Asia,2013,236.635,0.23663499999999998
KAZ,Kazakhstan,Asia,2014,221.416,0.221416
KAZ,Kazakhstan,Asia,2015,184.38800000000003,0.18438800000000002
KAZ,Kazakhstan,Asia,2016,137.278,0.13727799999999998
KAZ,Kazakhstan,Asia,2017,166.806,0.166806
KAZ,Kazakhstan,Asia,2018,179.34,0.17934
KAZ,Kazakhstan,Asia,2019,181.667,0.181667
KAZ,Kazakhstan,Asia,2020,171.08200000000002,0.171082
KAZ,Kazakhstan,Asia,2021,197.112,0.19711199999999998
KAZ,Kazakhstan,Asia,2022,225.496,0.225496
KAZ,Kazakhstan,Asia,2023,261.8399999999999,0.2618399999999999
KAZ,Kazakhstan,Asia,2024,291.47999999999996,0.29147999999999996
KAZ,Kazakhstan,Asia,2025,302.7459999999999,0.3027459999999999
KAZ,Kazakhstan,Asia,2026,360.45599999999996,0.36045599999999994
KAZ,Kazakhstan,Asia,2027,385.96599999999995,0.385966
KAZ,Kazakhstan,Asia,2028,410.77099999999996,0.41077099999999994
KAZ,Kazakhstan,Asia,2029,439.14,0.43914
KAZ,Kazakhstan,Asia,2030,468.83199999999994,0.4688319999999999
KAZ,Kazakhstan,Asia,2031,501.6840000000001,0.5016840000000001
KEN,Kenya,Africa,1980,13.449,0.013449
KEN,Kenya,Africa,1981,12.667,0.012667
KEN,Kenya,Africa,1982,12.196,0.012196
KEN,Kenya,Africa,1983,11.279,0.011278999999999999
KEN,Kenya,Africa,1984,11.703000000000001,0.011703000000000002
KEN,Kenya,Africa,1985,11.646,0.011646
KEN,Kenya,Africa,1986,13.832000000000003,0.013832000000000002
KEN,Kenya,Africa,1987,15.163,0.015163
KEN,Kenya,Africa,1988,15.720999999999998,0.015721
KEN,Kenya,Africa,1989,15.586,0.015586000000000001
KEN,Kenya,Africa,1990,16.219,0.016219
KEN,Kenya,Africa,1991,15.315000000000001,0.015315
KEN,Kenya,Africa,1992,15.084,0.015084
KEN,Kenya,Africa,1993,10.479000000000001,0.010479
KEN,Kenya,Africa,1994,12.546000000000001,0.012546000000000002
KEN,Kenya,Africa,1995,15.905000000000001,0.015905000000000002
KEN,Kenya,Africa,1996,18.064,0.018064
KEN,Kenya,Africa,1997,18.3,0.0183
KEN,Kenya,Africa,1998,20.63,0.02063
KEN,Kenya,Africa,1999,18.594,0.018594000000000003
KEN,Kenya,Africa,2000,18.206,0.018206
KEN,Kenya,Africa,2001,18.697,0.018697
KEN,Kenya,Africa,2002,19.03,0.019030000000000002
KEN,Kenya,Africa,2003,21.390999999999995,0.021390999999999993
KEN,Kenya,Africa,2004,22.789999999999996,0.022789999999999994
KEN,Kenya,Africa,2005,26.307,0.026306999999999997
KEN,Kenya,Africa,2006,29.668,0.029668
KEN,Kenya,Africa,2007,36.708000000000006,0.036708000000000005
KEN,Kenya,Africa,2008,41.058,0.041058
KEN,Kenya,Africa,2009,42.346999999999994,0.042346999999999996
KEN,Kenya,Africa,2010,45.406000000000006,0.04540600000000001
KEN,Kenya,Africa,2011,46.555,0.046555
KEN,Kenya,Africa,2012,56.407000000000004,0.056407000000000006
KEN,Kenya,Africa,2013,61.703,0.061703
KEN,Kenya,Africa,2014,68.395,0.068395
KEN,Kenya,Africa,2015,70.36999999999999,0.07036999999999999
KEN,Kenya,Africa,2016,74.816,0.07481600000000001
KEN,Kenya,Africa,2017,81.965,0.08196500000000001
KEN,Kenya,Africa,2018,92.21100000000001,0.09221100000000002
KEN,Kenya,Africa,2019,100.32799999999999,0.10032799999999999
KEN,Kenya,Africa,2020,100.922,0.100922
KEN,Kenya,Africa,2021,109.87499999999999,0.10987499999999999
KEN,Kenya,Africa,2022,114.733,0.114733
KEN,Kenya,Africa,2023,108.206,0.108206
KEN,Kenya,Africa,2024,119.307,0.119307
KEN,Kenya,Africa,2025,136.455,0.13645500000000002
KEN,Kenya,Africa,2026,147.265,0.14726499999999998
KEN,Kenya,Africa,2027,154.74399999999997,0.15474399999999996
KEN,Kenya,Africa,2028,161.99200000000002,0.16199200000000002
KEN,Kenya,Africa,2029,171.53300000000002,0.17153300000000002
KEN,Kenya,Africa,2030,183.62800000000001,0.183628
KEN,Kenya,Africa,2031,196.04299999999998,0.19604299999999997
KIR,Kiribati,Oceania,1980,0.033,3.3e-5
KIR,Kiribati,Oceania,1981,0.034999999999999996,3.5e-5
KIR,Kiribati,Oceania,1982,0.033,3.3e-5
KIR,Kiribati,Oceania,1983,0.031,3.1e-5
KIR,Kiribati,Oceania,1984,0.034,3.4e-5
KIR,Kiribati,Oceania,1985,0.026000000000000002,2.6000000000000002e-5
KIR,Kiribati,Oceania,1986,0.026000000000000002,2.6000000000000002e-5
KIR,Kiribati,Oceania,1987,0.03,2.9999999999999997e-5
KIR,Kiribati,Oceania,1988,0.038,3.8e-5
KIR,Kiribati,Oceania,1989,0.038,3.8e-5
KIR,Kiribati,Oceania,1990,0.037,3.7e-5
KIR,Kiribati,Oceania,1991,0.041,4.1e-5
KIR,Kiribati,Oceania,1992,0.062,6.2e-5
KIR,Kiribati,Oceania,1993,0.059000000000000004,5.9000000000000004e-5
KIR,Kiribati,Oceania,1994,0.067,6.7e-5
KIR,Kiribati,Oceania,1995,0.06899999999999999,6.9e-5
KIR,Kiribati,Oceania,1996,0.081,8.1e-5
KIR,Kiribati,Oceania,1997,0.08,8e-5
KIR,Kiribati,Oceania,1998,0.075,7.5e-5
KIR,Kiribati,Oceania,1999,0.077,7.7e-5
KIR,Kiribati,Oceania,2000,0.075,7.5e-5
KIR,Kiribati,Oceania,2001,0.065,6.500000000000001e-5
KIR,Kiribati,Oceania,2002,0.075,7.5e-5
KIR,Kiribati,Oceania,2003,0.097,9.7e-5
KIR,Kiribati,Oceania,2004,0.10400000000000001,1.0400000000000001e-4
KIR,Kiribati,Oceania,2005,0.114,1.14e-4
KIR,Kiribati,Oceania,2006,0.112,1.12e-4
KIR,Kiribati,Oceania,2007,0.138,1.3800000000000002e-4
KIR,Kiribati,Oceania,2008,0.15000000000000002,1.5000000000000001e-4
KIR,Kiribati,Oceania,2009,0.14200000000000002,1.42e-4
KIR,Kiribati,Oceania,2010,0.166,1.66e-4
KIR,Kiribati,Oceania,2011,0.196,1.9600000000000002e-4
KIR,Kiribati,Oceania,2012,0.20700000000000002,2.0700000000000002e-4
KIR,Kiribati,Oceania,2013,0.202,2.02e-4
KIR,Kiribati,Oceania,2014,0.201,2.01e-4
KIR,Kiribati,Oceania,2015,0.192,1.92e-4
KIR,Kiribati,Oceania,2016,0.20700000000000002,2.0700000000000002e-4
KIR,Kiribati,Oceania,2017,0.223,2.23e-4
KIR,Kiribati,Oceania,2018,0.234,2.3400000000000002e-4
KIR,Kiribati,Oceania,2019,0.234,2.3400000000000002e-4
KIR,Kiribati,Oceania,2020,0.222,2.22e-4
KIR,Kiribati,Oceania,2021,0.28600000000000003,2.86e-4
KIR,Kiribati,Oceania,2022,0.272,2.72e-4
KIR,Kiribati,Oceania,2023,0.29200000000000004,2.9200000000000005e-4
KIR,Kiribati,Oceania,2024,0.343,3.4300000000000004e-4
KIR,Kiribati,Oceania,2025,0.349,3.4899999999999997e-4
KIR,Kiribati,Oceania,2026,0.401,4.0100000000000004e-4
KIR,Kiribati,Oceania,2027,0.41700000000000004,4.1700000000000005e-4
KIR,Kiribati,Oceania,2028,0.4310000000000001,4.310000000000001e-4
KIR,Kiribati,Oceania,2029,0.447,4.47e-4
KIR,Kiribati,Oceania,2030,0.464,4.64e-4
KIR,Kiribati,Oceania,2031,0.48000000000000004,4.8e-4
KWT,Kuwait,Asia,1981,25.248999999999995,0.025248999999999994
KWT,Kuwait,Asia,1982,21.58299999999999,0.02158299999999999
KWT,Kuwait,Asia,1983,20.871,0.020870999999999997
KWT,Kuwait,Asia,1984,21.7,0.0217
KWT,Kuwait,Asia,1985,21.444999999999997,0.021444999999999995
KWT,Kuwait,Asia,1986,17.904,0.017904
KWT,Kuwait,Asia,1987,22.368,0.022368
KWT,Kuwait,Asia,1988,20.69,0.02069
KWT,Kuwait,Asia,1989,24.313,0.024312999999999998
KWT,Kuwait,Asia,1990,18.239,0.018239000000000002
KWT,Kuwait,Asia,1991,10.790999999999999,0.010790999999999999
KWT,Kuwait,Asia,1992,19.871,0.019871
KWT,Kuwait,Asia,1993,23.954999999999995,0.023954999999999994
KWT,Kuwait,Asia,1994,24.859000000000005,0.024859000000000006
KWT,Kuwait,Asia,1995,27.186,0.027186
KWT,Kuwait,Asia,1996,31.491,0.031491
KWT,Kuwait,Asia,1997,30.35,0.030350000000000002
KWT,Kuwait,Asia,1998,25.940999999999995,0.025940999999999995
KWT,Kuwait,Asia,1999,30.126,0.030126
KWT,Kuwait,Asia,2000,37.714000000000006,0.037714000000000004
KWT,Kuwait,Asia,2001,34.906000000000006,0.034906000000000006
KWT,Kuwait,Asia,2002,38.12900000000001,0.03812900000000001
KWT,Kuwait,Asia,2003,47.869,0.047869
KWT,Kuwait,Asia,2004,59.439,0.059439
KWT,Kuwait,Asia,2005,80.799,0.08079900000000001
KWT,Kuwait,Asia,2006,101.548,0.101548
KWT,Kuwait,Asia,2007,114.60799999999999,0.11460799999999999
KWT,Kuwait,Asia,2008,147.39100000000002,0.14739100000000002
KWT,Kuwait,Asia,2009,105.992,0.105992
KWT,Kuwait,Asia,2010,115.40100000000001,0.115401
KWT,Kuwait,Asia,2011,154.02,0.15402000000000002
KWT,Kuwait,Asia,2012,174.066,0.174066
KWT,Kuwait,Asia,2013,174.17899999999997,0.17417899999999997
KWT,Kuwait,Asia,2014,162.695,0.162695
KWT,Kuwait,Asia,2015,114.60599999999998,0.11460599999999999
KWT,Kuwait,Asia,2016,109.399,0.109399
KWT,Kuwait,Asia,2017,120.68799999999999,0.12068799999999999
KWT,Kuwait,Asia,2018,138.655,0.138655
KWT,Kuwait,Asia,2019,140.85500000000002,0.140855
KWT,Kuwait,Asia,2020,111.048,0.11104800000000001
KWT,Kuwait,Asia,2021,148.346,0.148346
KWT,Kuwait,Asia,2022,183.53900000000002,0.183539
KWT,Kuwait,Asia,2023,165.474,0.16547399999999998
KWT,Kuwait,Asia,2024,160.90200000000002,0.16090200000000002
KWT,Kuwait,Asia,2025,157.835,0.157835
KWT,Kuwait,Asia,2026,172.92,0.17292
KWT,Kuwait,Asia,2027,174.74599999999998,0.17474599999999998
KWT,Kuwait,Asia,2028,180.084,0.180084
KWT,Kuwait,Asia,2029,186.64,0.18663999999999997
KWT,Kuwait,Asia,2030,193.40900000000002,0.19340900000000003
KWT,Kuwait,Asia,2031,200.267,0.200267
KGZ,Kyrgyzstan,Asia,1992,0.917,9.170000000000001e-4
KGZ,Kyrgyzstan,Asia,1993,0.6649999999999999,6.649999999999999e-4
KGZ,Kyrgyzstan,Asia,1994,1.108,0.001108
KGZ,Kyrgyzstan,Asia,1995,1.4929999999999999,0.001493
KGZ,Kyrgyzstan,Asia,1996,1.822,0.001822
KGZ,Kyrgyzstan,Asia,1997,1.7669999999999997,0.0017669999999999997
KGZ,Kyrgyzstan,Asia,1998,1.6299999999999997,0.0016299999999999997
KGZ,Kyrgyzstan,Asia,1999,1.242,0.001242
KGZ,Kyrgyzstan,Asia,2000,1.368,0.001368
KGZ,Kyrgyzstan,Asia,2001,1.5249999999999997,0.0015249999999999997
KGZ,Kyrgyzstan,Asia,2002,1.606,0.001606
KGZ,Kyrgyzstan,Asia,2003,1.9199999999999995,0.0019199999999999994
KGZ,Kyrgyzstan,Asia,2004,2.214,0.002214
KGZ,Kyrgyzstan,Asia,2005,2.4589999999999996,0.002459
KGZ,Kyrgyzstan,Asia,2006,2.8369999999999997,0.0028369999999999997
KGZ,Kyrgyzstan,Asia,2007,3.8069999999999995,0.0038069999999999996
KGZ,Kyrgyzstan,Asia,2008,5.139,0.005139
KGZ,Kyrgyzstan,Asia,2009,4.6899999999999995,0.00469
KGZ,Kyrgyzstan,Asia,2010,4.794,0.004794
KGZ,Kyrgyzstan,Asia,2011,6.1979999999999995,0.0061979999999999995
KGZ,Kyrgyzstan,Asia,2012,6.603999999999999,0.006604
KGZ,Kyrgyzstan,Asia,2013,7.335,0.007335
KGZ,Kyrgyzstan,Asia,2014,7.467,0.007467
KGZ,Kyrgyzstan,Asia,2015,6.677999999999999,0.006677999999999999
KGZ,Kyrgyzstan,Asia,2016,6.812999999999999,0.006812999999999999
KGZ,Kyrgyzstan,Asia,2017,7.703,0.007703000000000001
KGZ,Kyrgyzstan,Asia,2018,8.270999999999999,0.008270999999999999
KGZ,Kyrgyzstan,Asia,2019,9.372000000000003,0.009372000000000004
KGZ,Kyrgyzstan,Asia,2020,8.283000000000001,0.008283
KGZ,Kyrgyzstan,Asia,2021,9.256,0.009256
KGZ,Kyrgyzstan,Asia,2022,12.269,0.012269
KGZ,Kyrgyzstan,Asia,2023,15.187000000000001,0.015187
KGZ,Kyrgyzstan,Asia,2024,18.175,0.018175
KGZ,Kyrgyzstan,Asia,2025,21.567,0.021567
KGZ,Kyrgyzstan,Asia,2026,23.606000000000005,0.023606000000000005
KGZ,Kyrgyzstan,Asia,2027,25.412,0.025412
KGZ,Kyrgyzstan,Asia,2028,27.228,0.027228000000000002
KGZ,Kyrgyzstan,Asia,2029,29.097,0.029097
KGZ,Kyrgyzstan,Asia,2030,30.855,0.030855
KGZ,Kyrgyzstan,Asia,2031,32.491,0.032491
LAO,Laos,Asia,1980,1.9129999999999998,0.0019129999999999998
LAO,Laos,Asia,1981,1.118,0.001118
LAO,Laos,Asia,1982,1.119,0.001119
LAO,Laos,Asia,1983,2.047,0.002047
LAO,Laos,Asia,1984,2.9299999999999997,0.00293
LAO,Laos,Asia,1985,3.685,0.003685
LAO,Laos,Asia,1986,2.577,0.002577
LAO,Laos,Asia,1987,1.8149999999999997,0.0018149999999999998
LAO,Laos,Asia,1988,1.1819999999999997,0.0011819999999999997
LAO,Laos,Asia,1989,1.46,0.00146
LAO,Laos,Asia,1990,1.742,0.001742
LAO,Laos,Asia,1991,2.0529999999999995,0.0020529999999999997
LAO,Laos,Asia,1992,2.3539999999999996,0.0023539999999999998
LAO,Laos,Asia,1993,2.6519999999999997,0.002652
LAO,Laos,Asia,1994,3.081,0.003081
LAO,Laos,Asia,1995,3.5789999999999997,0.0035789999999999997
LAO,Laos,Asia,1996,3.726,0.003726
LAO,Laos,Asia,1997,3.5149999999999997,0.003515
LAO,Laos,Asia,1998,1.334,0.0013340000000000001
LAO,Laos,Asia,1999,1.4149999999999998,0.0014149999999999998
LAO,Laos,Asia,2000,1.72,0.00172
LAO,Laos,Asia,2001,1.7569999999999997,0.0017569999999999997
LAO,Laos,Asia,2002,1.844,0.0018440000000000002
LAO,Laos,Asia,2003,2.26,0.00226
LAO,Laos,Asia,2004,2.651,0.0026509999999999997
LAO,Laos,Asia,2005,3.0789999999999997,0.0030789999999999997
LAO,Laos,Asia,2006,3.9339999999999997,0.003934
LAO,Laos,Asia,2007,4.757,0.004757
LAO,Laos,Asia,2008,5.946,0.005946
LAO,Laos,Asia,2009,6.431000000000001,0.006431000000000001
LAO,Laos,Asia,2010,7.506,0.0075060000000000005
LAO,Laos,Asia,2011,8.964,0.008964
LAO,Laos,Asia,2012,10.194,0.010194000000000002
LAO,Laos,Asia,2013,11.972000000000001,0.011972000000000002
LAO,Laos,Asia,2014,13.266,0.013266
LAO,Laos,Asia,2015,14.418000000000001,0.014418
LAO,Laos,Asia,2016,15.904,0.015904
LAO,Laos,Asia,2017,17.055,0.017055
LAO,Laos,Asia,2018,18.131000000000004,0.018131000000000005
LAO,Laos,Asia,2019,18.77,0.01877
LAO,Laos,Asia,2020,18.511,0.018511
LAO,Laos,Asia,2021,18.533,0.018533
LAO,Laos,Asia,2022,15.120999999999999,0.015120999999999999
LAO,Laos,Asia,2023,14.993,0.014993000000000001
LAO,Laos,Asia,2024,15.792,0.015792
LAO,Laos,Asia,2025,17.822,0.017821999999999998
LAO,Laos,Asia,2026,18.959,0.018959
LAO,Laos,Asia,2027,20.087,0.020087
LAO,Laos,Asia,2028,21.238,0.021238
LAO,Laos,Asia,2029,22.319,0.022319
LAO,Laos,Asia,2030,23.412,0.023412
LAO,Laos,Asia,2031,24.521999999999995,0.024521999999999995
LVA,Latvia,Europe,1992,1.641,0.001641
LVA,Latvia,Europe,1993,2.643,0.002643
LVA,Latvia,Europe,1994,4.391,0.004391
LVA,Latvia,Europe,1995,5.242,0.005242
LVA,Latvia,Europe,1996,5.799,0.005799
LVA,Latvia,Europe,1997,6.351,0.006351
LVA,Latvia,Europe,1998,6.977,0.0069770000000000006
LVA,Latvia,Europe,1999,7.324999999999999,0.007324999999999999
LVA,Latvia,Europe,2000,7.764999999999999,0.0077649999999999985
LVA,Latvia,Europe,2001,8.192,0.008192
LVA,Latvia,Europe,2002,9.256,0.009256
LVA,Latvia,Europe,2003,11.249,0.011249
LVA,Latvia,Europe,2004,13.831,0.013831
LVA,Latvia,Europe,2005,16.332,0.016332
LVA,Latvia,Europe,2006,20.452999999999996,0.020452999999999995
LVA,Latvia,Europe,2007,29.462999999999997,0.029462999999999996
LVA,Latvia,Europe,2008,34.296000000000014,0.034296000000000014
LVA,Latvia,Europe,2009,25.758,0.025758
LVA,Latvia,Europe,2010,23.509,0.023509
LVA,Latvia,Europe,2011,26.832,0.026832
LVA,Latvia,Europe,2012,27.136,0.027136
LVA,Latvia,Europe,2013,29.157000000000004,0.029157000000000002
LVA,Latvia,Europe,2014,30.284999999999997,0.030284999999999996
LVA,Latvia,Europe,2015,26.347,0.026347000000000002
LVA,Latvia,Europe,2016,27.11,0.02711
LVA,Latvia,Europe,2017,29.381,0.029381
LVA,Latvia,Europe,2018,33.26300000000001,0.033263000000000015
LVA,Latvia,Europe,2019,33.103,0.033103
LVA,Latvia,Europe,2020,33.352999999999994,0.033352999999999994
LVA,Latvia,Europe,2021,38.209,0.038209
LVA,Latvia,Europe,2022,38.033,0.038033000000000004
LVA,Latvia,Europe,2023,42.79200000000001,0.04279200000000001
LVA,Latvia,Europe,2024,43.988,0.043988
LVA,Latvia,Europe,2025,48.591,0.048591
LVA,Latvia,Europe,2026,53.686,0.053686
LVA,Latvia,Europe,2027,56.741,0.056741
LVA,Latvia,Europe,2028,59.800999999999995,0.05980099999999999
LVA,Latvia,Europe,2029,62.785000000000004,0.06278500000000001
LVA,Latvia,Europe,2030,65.87199999999999,0.06587199999999999
LVA,Latvia,Europe,2031,69.13199999999999,0.06913199999999999
LBN,Lebanon,Asia,1980,4.02,0.004019999999999999
LBN,Lebanon,Asia,1981,3.843,0.003843
LBN,Lebanon,Asia,1982,2.621,0.002621
LBN,Lebanon,Asia,1983,3.6109999999999998,0.0036109999999999996
LBN,Lebanon,Asia,1984,4.269,0.004269
LBN,Lebanon,Asia,1985,3.566,0.0035659999999999997
LBN,Lebanon,Asia,1986,2.78,0.00278
LBN,Lebanon,Asia,1987,3.254,0.003254
LBN,Lebanon,Asia,1988,3.269,0.003269
LBN,Lebanon,Asia,1989,2.682,0.002682
LBN,Lebanon,Asia,1990,2.8009999999999997,0.0028009999999999997
LBN,Lebanon,Asia,1991,4.3919999999999995,0.004391999999999999
LBN,Lebanon,Asia,1992,5.472,0.005472
LBN,Lebanon,Asia,1993,7.435,0.007435
LBN,Lebanon,Asia,1994,8.988000000000001,0.008988000000000001
LBN,Lebanon,Asia,1995,10.971,0.010971
LBN,Lebanon,Asia,1996,12.824,0.012824
LBN,Lebanon,Asia,1997,15.535,0.015535
LBN,Lebanon,Asia,1998,17.059,0.017059
LBN,Lebanon,Asia,1999,17.174,0.017174
LBN,Lebanon,Asia,2000,17.018,0.017018000000000002
LBN,Lebanon,Asia,2001,17.361,0.017361
LBN,Lebanon,Asia,2002,18.837000000000003,0.018837000000000003
LBN,Lebanon,Asia,2003,19.485999999999997,0.019485999999999996
LBN,Lebanon,Asia,2004,21.16,0.02116
LBN,Lebanon,Asia,2005,21.497,0.021497
LBN,Lebanon,Asia,2006,22.023,0.022023
LBN,Lebanon,Asia,2007,24.827000000000005,0.024827000000000005
LBN,Lebanon,Asia,2008,29.119000000000003,0.029119000000000003
LBN,Lebanon,Asia,2009,35.400000000000006,0.03540000000000001
LBN,Lebanon,Asia,2010,38.443999999999996,0.03844399999999999
LBN,Lebanon,Asia,2011,39.927,0.039927
LBN,Lebanon,Asia,2012,44.015,0.044015
LBN,Lebanon,Asia,2013,46.868,0.046868
LBN,Lebanon,Asia,2014,48.068000000000005,0.04806800000000001
LBN,Lebanon,Asia,2015,49.893,0.049893
LBN,Lebanon,Asia,2016,50.618,0.050618
LBN,Lebanon,Asia,2017,52.879999999999995,0.052879999999999996
LBN,Lebanon,Asia,2018,55.290000000000006,0.055290000000000006
LBN,Lebanon,Asia,2019,50.983000000000004,0.05098300000000001
LBN,Lebanon,Asia,2020,23.626,0.023626
LBN,Lebanon,Asia,2021,20.521999999999995,0.020521999999999995
LBN,Lebanon,Asia,2022,25.674,0.025674
LBN,Lebanon,Asia,2023,24.491,0.024491
LBN,Lebanon,Asia,2024,29.339,0.029338999999999997
LBN,Lebanon,Asia,2025,34.497,0.034497
LSO,Lesotho,Africa,1980,0.4280000000000001,4.280000000000001e-4
LSO,Lesotho,Africa,1981,0.43500000000000005,4.3500000000000006e-4
LSO,Lesotho,Africa,1982,0.36200000000000004,3.62e-4
LSO,Lesotho,Africa,1983,0.401,4.0100000000000004e-4
LSO,Lesotho,Africa,1984,0.36000000000000004,3.6e-4
LSO,Lesotho,Africa,1985,0.28800000000000003,2.88e-4
LSO,Lesotho,Africa,1986,0.33099999999999996,3.3099999999999997e-4
LSO,Lesotho,Africa,1987,0.43400000000000005,4.3400000000000003e-4
LSO,Lesotho,Africa,1988,0.496,4.96e-4
LSO,Lesotho,Africa,1989,0.519,5.19e-4
LSO,Lesotho,Africa,1990,0.635,6.35e-4
LSO,Lesotho,Africa,1991,0.743,7.43e-4
LSO,Lesotho,Africa,1992,0.8630000000000001,8.63e-4
LSO,Lesotho,Africa,1993,0.8650000000000001,8.650000000000001e-4
LSO,Lesotho,Africa,1994,0.915,9.15e-4
LSO,Lesotho,Africa,1995,1.032,0.001032
LSO,Lesotho,Africa,1996,0.977,9.77e-4
LSO,Lesotho,Africa,1997,1.0269999999999997,0.0010269999999999997
LSO,Lesotho,Africa,1998,0.949,9.49e-4
LSO,Lesotho,Africa,1999,0.9370000000000002,9.370000000000001e-4
LSO,Lesotho,Africa,2000,0.922,9.220000000000001e-4
LSO,Lesotho,Africa,2001,0.774,7.740000000000001e-4
LSO,Lesotho,Africa,2002,0.8560000000000001,8.560000000000001e-4
LSO,Lesotho,Africa,2003,1.256,0.001256
LSO,Lesotho,Africa,2004,1.598,0.001598
LSO,Lesotho,Africa,2005,1.73,0.00173
LSO,Lesotho,Africa,2006,1.72,0.00172
LSO,Lesotho,Africa,2007,1.7589999999999997,0.0017589999999999997
LSO,Lesotho,Africa,2008,1.6519999999999997,0.0016519999999999996
LSO,Lesotho,Africa,2009,1.9369999999999998,0.001937
LSO,Lesotho,Africa,2010,2.3559999999999994,0.0023559999999999996
LSO,Lesotho,Africa,2011,2.5709999999999997,0.002571
LSO,Lesotho,Africa,2012,2.465,0.0024649999999999997
LSO,Lesotho,Africa,2013,2.3449999999999998,0.002345
LSO,Lesotho,Africa,2014,2.4769999999999994,0.0024769999999999996
LSO,Lesotho,Africa,2015,2.202,0.002202
LSO,Lesotho,Africa,2016,2.206,0.002206
LSO,Lesotho,Africa,2017,2.424,0.002424
LSO,Lesotho,Africa,2018,2.4719999999999995,0.0024719999999999994
LSO,Lesotho,Africa,2019,2.323,0.002323
LSO,Lesotho,Africa,2020,2.0919999999999996,0.0020919999999999997
LSO,Lesotho,Africa,2021,2.443,0.002443
LSO,Lesotho,Africa,2022,2.275,0.002275
LSO,Lesotho,Africa,2023,2.227,0.002227
LSO,Lesotho,Africa,2024,2.514,0.0025139999999999997
LSO,Lesotho,Africa,2025,2.8539999999999996,0.0028539999999999998
LSO,Lesotho,Africa,2026,2.9719999999999995,0.0029719999999999994
LSO,Lesotho,Africa,2027,3.0959999999999996,0.003096
LSO,Lesotho,Africa,2028,3.24,0.0032400000000000003
LSO,Lesotho,Africa,2029,3.3939999999999997,0.003394
LSO,Lesotho,Africa,2030,3.5569999999999995,0.0035569999999999994
LSO,Lesotho,Africa,2031,3.743,0.003743
LBR,Liberia,Africa,2000,0.8630000000000001,8.63e-4
LBR,Liberia,Africa,2001,0.904,9.040000000000001e-4
LBR,Liberia,Africa,2002,0.943,9.429999999999999e-4
LBR,Liberia,Africa,2003,0.713,7.13e-4
LBR,Liberia,Africa,2004,0.897,8.97e-4
LBR,Liberia,Africa,2005,0.944,9.44e-4
LBR,Liberia,Africa,2006,1.109,0.001109
LBR,Liberia,Africa,2007,1.344,0.0013440000000000001
LBR,Liberia,Africa,2008,1.6759999999999997,0.0016759999999999998
LBR,Liberia,Africa,2009,1.7649999999999997,0.0017649999999999996
LBR,Liberia,Africa,2010,1.966,0.001966
LBR,Liberia,Africa,2011,2.3399999999999994,0.002339999999999999
LBR,Liberia,Africa,2012,2.675,0.002675
LBR,Liberia,Africa,2013,3.044,0.003044
LBR,Liberia,Africa,2014,3.09,0.00309
LBR,Liberia,Africa,2015,3.0919999999999996,0.0030919999999999997
LBR,Liberia,Africa,2016,3.256,0.0032559999999999998
LBR,Liberia,Africa,2017,3.3209999999999997,0.0033209999999999997
LBR,Liberia,Africa,2018,3.2640000000000002,0.0032640000000000004
LBR,Liberia,Africa,2019,3.08,0.0030800000000000003
LBR,Liberia,Africa,2020,3.0369999999999995,0.0030369999999999993
LBR,Liberia,Africa,2021,3.509,0.003509
LBR,Liberia,Africa,2022,3.9739999999999998,0.003974
LBR,Liberia,Africa,2023,4.39,0.00439
LBR,Liberia,Africa,2024,4.778,0.004777999999999999
LBR,Liberia,Africa,2025,5.216,0.005216
LBR,Liberia,Africa,2026,5.6419999999999995,0.0056419999999999994
LBR,Liberia,Africa,2027,6.052999999999999,0.006052999999999999
LBR,Liberia,Africa,2028,6.469,0.006469
LBR,Liberia,Africa,2029,6.919,0.006919
LBR,Liberia,Africa,2030,7.416,0.007416000000000001
LBR,Liberia,Africa,2031,7.976000000000001,0.007976
LBY,Libya,Africa,1980,40.190000000000005,0.040190000000000003
LBY,Libya,Africa,1981,34.720000000000006,0.03472000000000001
LBY,Libya,Africa,1982,34.616,0.034616
LBY,Libya,Africa,1983,32.988,0.032987999999999996
LBY,Libya,Africa,1984,30.89,0.03089
LBY,Libya,Africa,1985,30.384,0.030384
LBY,Libya,Africa,1986,24.756,0.024756
LBY,Libya,Africa,1987,23.009,0.023009
LBY,Libya,Africa,1988,25.87,0.02587
LBY,Libya,Africa,1989,27.446,0.027446
LBY,Libya,Africa,1990,31.627,0.031627
LBY,Libya,Africa,1991,34.995000000000005,0.034995000000000005
LBY,Libya,Africa,1992,35.458999999999996,0.035459
LBY,Libya,Africa,1993,31.912,0.031911999999999996
LBY,Libya,Africa,1994,29.719,0.029719000000000002
LBY,Libya,Africa,1995,33.73900000000001,0.03373900000000001
LBY,Libya,Africa,1996,36.827000000000005,0.036827000000000006
LBY,Libya,Africa,1997,37.702000000000005,0.037702000000000006
LBY,Libya,Africa,1998,30.920999999999996,0.030920999999999997
LBY,Libya,Africa,1999,37.12900000000001,0.03712900000000001
LBY,Libya,Africa,2000,39.498000000000005,0.039498000000000005
LBY,Libya,Africa,2001,35.206,0.035206
LBY,Libya,Africa,2002,21.128,0.021128
LBY,Libya,Africa,2003,27.026,0.027026
LBY,Libya,Africa,2004,34.053999999999995,0.034053999999999994
LBY,Libya,Africa,2005,48.852,0.048852
LBY,Libya,Africa,2006,60.094,0.060094
LBY,Libya,Africa,2007,68.21100000000001,0.06821100000000001
LBY,Libya,Africa,2008,86.804,0.086804
LBY,Libya,Africa,2009,60.767,0.060767
LBY,Libya,Africa,2010,75.381,0.075381
LBY,Libya,Africa,2011,48.17,0.048170000000000004
LBY,Libya,Africa,2012,92.542,0.092542
LBY,Libya,Africa,2013,75.35499999999999,0.07535499999999999
LBY,Libya,Africa,2014,57.38399999999999,0.05738399999999999
LBY,Libya,Africa,2015,48.71800000000001,0.04871800000000001
LBY,Libya,Africa,2016,49.913000000000004,0.049913000000000006
LBY,Libya,Africa,2017,67.15299999999999,0.06715299999999999
LBY,Libya,Africa,2018,76.68199999999999,0.07668199999999999
LBY,Libya,Africa,2019,69.237,0.06923699999999999
LBY,Libya,Africa,2020,46.893,0.046893000000000004
LBY,Libya,Africa,2021,35.216,0.035216000000000004
LBY,Libya,Africa,2022,43.281000000000006,0.04328100000000001
LBY,Libya,Africa,2023,43.958,0.043958
LBY,Libya,Africa,2024,49.349000000000004,0.049349000000000004
LBY,Libya,Africa,2025,44.732000000000006,0.04473200000000001
LBY,Libya,Africa,2026,52.452999999999996,0.05245299999999999
LBY,Libya,Africa,2027,50.082,0.050082
LBY,Libya,Africa,2028,49.772000000000006,0.049772000000000004
LBY,Libya,Africa,2029,49.842,0.049842
LBY,Libya,Africa,2030,49.76300000000001,0.049763000000000016
LBY,Libya,Africa,2031,49.473000000000006,0.049473
LIE,Liechtenstein,Europe,2000,2.719,0.002719
LIE,Liechtenstein,Europe,2001,2.725,0.002725
LIE,Liechtenstein,Europe,2002,2.927,0.002927
LIE,Liechtenstein,Europe,2003,3.3349999999999995,0.0033349999999999994
LIE,Liechtenstein,Europe,2004,3.759,0.0037589999999999998
LIE,Liechtenstein,Europe,2005,3.989,0.0039889999999999995
LIE,Liechtenstein,Europe,2006,4.365999999999999,0.004365999999999998
LIE,Liechtenstein,Europe,2007,5.038,0.005038
LIE,Liechtenstein,Europe,2008,5.551,0.005551
LIE,Liechtenstein,Europe,2009,4.891,0.004891
LIE,Liechtenstein,Europe,2010,5.536,0.005535999999999999
LIE,Liechtenstein,Europe,2011,6.238,0.0062380000000000005
LIE,Liechtenstein,Europe,2012,5.909,0.005909
LIE,Liechtenstein,Europe,2013,6.273,0.006273
LIE,Liechtenstein,Europe,2014,6.533,0.006533000000000001
LIE,Liechtenstein,Europe,2015,6.153999999999999,0.006153999999999999
LIE,Liechtenstein,Europe,2016,6.117999999999999,0.006117999999999999
LIE,Liechtenstein,Europe,2017,6.375,0.006375
LIE,Liechtenstein,Europe,2018,6.692999999999999,0.006692999999999998
LIE,Liechtenstein,Europe,2019,6.437,0.006437
LIE,Liechtenstein,Europe,2020,6.405,0.006405
LIE,Liechtenstein,Europe,2021,7.913,0.007913
LIE,Liechtenstein,Europe,2022,7.427,0.007427
LIE,Liechtenstein,Europe,2023,8.238999999999999,0.008239
LIE,Liechtenstein,Europe,2024,8.465000000000003,0.008465000000000004
LIE,Liechtenstein,Europe,2025,8.991000000000001,0.008991
LIE,Liechtenstein,Europe,2026,9.442,0.009442
LIE,Liechtenstein,Europe,2027,9.690999999999999,0.009690999999999998
LIE,Liechtenstein,Europe,2028,10.040999999999999,0.010040999999999998
LIE,Liechtenstein,Europe,2029,10.450000000000001,0.010450000000000001
LIE,Liechtenstein,Europe,2030,10.876000000000003,0.010876000000000004
LIE,Liechtenstein,Europe,2031,11.319000000000003,0.011319000000000003
LTU,Lithuania,Europe,1995,6.742,0.006742
LTU,Lithuania,Europe,1996,8.440000000000001,0.008440000000000001
LTU,Lithuania,Europe,1997,10.159000000000002,0.010159000000000003
LTU,Lithuania,Europe,1998,11.284,0.011284
LTU,Lithuania,Europe,1999,11.017000000000001,0.011017
LTU,Lithuania,Europe,2000,11.540999999999999,0.011541
LTU,Lithuania,Europe,2001,12.26,0.01226
LTU,Lithuania,Europe,2002,14.283000000000001,0.014283
LTU,Lithuania,Europe,2003,18.800999999999995,0.018800999999999995
LTU,Lithuania,Europe,2004,22.71,0.02271
LTU,Lithuania,Europe,2005,26.118000000000002,0.026118000000000002
LTU,Lithuania,Europe,2006,30.138000000000005,0.030138000000000005
LTU,Lithuania,Europe,2007,39.76500000000001,0.03976500000000001
LTU,Lithuania,Europe,2008,48.004000000000005,0.048004000000000005
LTU,Lithuania,Europe,2009,37.591,0.037591
LTU,Lithuania,Europe,2010,36.69300000000001,0.03669300000000001
LTU,Lithuania,Europe,2011,43.201,0.043201
LTU,Lithuania,Europe,2012,42.73600000000001,0.04273600000000001
LTU,Lithuania,Europe,2013,46.321000000000005,0.04632100000000001
LTU,Lithuania,Europe,2014,48.388,0.048388
LTU,Lithuania,Europe,2015,41.548,0.041548
LTU,Lithuania,Europe,2016,42.952,0.042952
LTU,Lithuania,Europe,2017,47.745000000000005,0.047745
LTU,Lithuania,Europe,2018,54.29500000000001,0.05429500000000001
LTU,Lithuania,Europe,2019,55.132000000000005,0.05513200000000001
LTU,Lithuania,Europe,2020,57.352,0.057352
LTU,Lithuania,Europe,2021,67.10299999999998,0.06710299999999998
LTU,Lithuania,Europe,2022,70.687,0.070687
LTU,Lithuania,Europe,2023,80.392,0.08039199999999999
LTU,Lithuania,Europe,2024,85.48200000000001,0.08548200000000002
LTU,Lithuania,Europe,2025,94.927,0.09492700000000001
LTU,Lithuania,Europe,2026,105.90700000000001,0.10590700000000002
LTU,Lithuania,Europe,2027,110.453,0.11045300000000001
LTU,Lithuania,Europe,2028,116.583,0.11658299999999999
LTU,Lithuania,Europe,2029,122.104,0.122104
LTU,Lithuania,Europe,2030,128.58800000000002,0.12858800000000004
LTU,Lithuania,Europe,2031,134.66,0.13466
LUX,Luxembourg,Europe,1980,6.434,0.0064340000000000005
LUX,Luxembourg,Europe,1981,5.549,0.005549
LUX,Luxembourg,Europe,1982,4.5569999999999995,0.004556999999999999
LUX,Luxembourg,Europe,1983,4.473,0.0044729999999999995
LUX,Luxembourg,Europe,1984,4.384999999999999,0.004384999999999999
LUX,Luxembourg,Europe,1985,4.544,0.004543999999999999
LUX,Luxembourg,Europe,1986,6.610999999999999,0.006610999999999999
LUX,Luxembourg,Europe,1987,8.210999999999999,0.008210999999999998
LUX,Luxembourg,Europe,1988,9.301,0.009301
LUX,Luxembourg,Europe,1989,9.903,0.009903
LUX,Luxembourg,Europe,1990,12.627999999999998,0.012627999999999999
LUX,Luxembourg,Europe,1991,13.683,0.013682999999999999
LUX,Luxembourg,Europe,1992,15.328000000000001,0.015328000000000001
LUX,Luxembourg,Europe,1993,15.713999999999999,0.015714
LUX,Luxembourg,Europe,1994,17.48699999999999,0.017486999999999992
LUX,Luxembourg,Europe,1995,20.571000000000005,0.020571000000000006
LUX,Luxembourg,Europe,1996,20.463999999999995,0.020463999999999996
LUX,Luxembourg,Europe,1997,18.427999999999997,0.018427999999999996
LUX,Luxembourg,Europe,1998,19.263,0.019263000000000002
LUX,Luxembourg,Europe,1999,21.088999999999995,0.021088999999999997
LUX,Luxembourg,Europe,2000,21.239999999999995,0.021239999999999995
LUX,Luxembourg,Europe,2001,21.388,0.021388
LUX,Luxembourg,Europe,2002,23.633,0.023632999999999998
LUX,Luxembourg,Europe,2003,29.66,0.02966
LUX,Luxembourg,Europe,2004,35.04900000000001,0.035049000000000004
LUX,Luxembourg,Europe,2005,37.69300000000001,0.03769300000000001
LUX,Luxembourg,Europe,2006,42.912,0.042912
LUX,Luxembourg,Europe,2007,51.59300000000001,0.051593000000000014
LUX,Luxembourg,Europe,2008,58.838,0.058838
LUX,Luxembourg,Europe,2009,54.408,0.054408
LUX,Luxembourg,Europe,2010,56.260000000000005,0.056260000000000004
LUX,Luxembourg,Europe,2011,61.685,0.061685000000000004
LUX,Luxembourg,Europe,2012,59.81399999999999,0.05981399999999999
LUX,Luxembourg,Europe,2013,65.204,0.065204
LUX,Luxembourg,Europe,2014,68.82299999999998,0.06882299999999998
LUX,Luxembourg,Europe,2015,60.078,0.060078000000000006
LUX,Luxembourg,Europe,2016,62.2,0.062200000000000005
LUX,Luxembourg,Europe,2017,65.68899999999998,0.06568899999999998
LUX,Luxembourg,Europe,2018,71.118,0.071118
LUX,Luxembourg,Europe,2019,69.87999999999998,0.06987999999999998
LUX,Luxembourg,Europe,2020,73.612,0.073612
LUX,Luxembourg,Europe,2021,86.44400000000002,0.08644400000000002
LUX,Luxembourg,Europe,2022,80.865,0.08086499999999999
LUX,Luxembourg,Europe,2023,88.814,0.08881399999999999
LUX,Luxembourg,Europe,2024,93.252,0.093252
LUX,Luxembourg,Europe,2025,101.1,0.1011
LUX,Luxembourg,Europe,2026,110.41700000000002,0.11041700000000002
LUX,Luxembourg,Europe,2027,114.475,0.114475
LUX,Luxembourg,Europe,2028,119.15199999999999,0.11915199999999998
LUX,Luxembourg,Europe,2029,124.119,0.124119
LUX,Luxembourg,Europe,2030,129.281,0.129281
LUX,Luxembourg,Europe,2031,134.618,0.134618
MAC,Macao SAR China,Asia,2001,6.859999999999999,0.00686
MAC,Macao SAR China,Asia,2002,7.372,0.007372
MAC,Macao SAR China,Asia,2003,8.247000000000002,0.008247
MAC,Macao SAR China,Asia,2004,10.643,0.010643000000000001
MAC,Macao SAR China,Asia,2005,12.16,0.01216
MAC,Macao SAR China,Asia,2006,14.874000000000002,0.014874000000000002
MAC,Macao SAR China,Asia,2007,18.439999999999998,0.018439999999999998
MAC,Macao SAR China,Asia,2008,21.027,0.021027
MAC,Macao SAR China,Asia,2009,21.588999999999995,0.021588999999999994
MAC,Macao SAR China,Asia,2010,28.244,0.028244
MAC,Macao SAR China,Asia,2011,36.846999999999994,0.03684699999999999
MAC,Macao SAR China,Asia,2012,43.19300000000001,0.04319300000000001
MAC,Macao SAR China,Asia,2013,51.559000000000005,0.05155900000000001
MAC,Macao SAR China,Asia,2014,54.931000000000004,0.05493100000000001
MAC,Macao SAR China,Asia,2015,44.940999999999995,0.044940999999999995
MAC,Macao SAR China,Asia,2016,44.965,0.044965000000000005
MAC,Macao SAR China,Asia,2017,50.29700000000001,0.05029700000000001
MAC,Macao SAR China,Asia,2018,55.076,0.055076
MAC,Macao SAR China,Asia,2019,55.025000000000006,0.055025000000000004
MAC,Macao SAR China,Asia,2020,25.279999999999998,0.025279999999999997
MAC,Macao SAR China,Asia,2021,30.634000000000004,0.030634000000000005
MAC,Macao SAR China,Asia,2022,24.93,0.02493
MAC,Macao SAR China,Asia,2023,45.627,0.045627
MAC,Macao SAR China,Asia,2024,49.467000000000006,0.049467000000000004
MAC,Macao SAR China,Asia,2025,52.061,0.052061
MAC,Macao SAR China,Asia,2026,54.22800000000001,0.054228000000000005
MAC,Macao SAR China,Asia,2027,56.809999999999995,0.05680999999999999
MAC,Macao SAR China,Asia,2028,59.648,0.05964800000000001
MAC,Macao SAR China,Asia,2029,62.540000000000006,0.06254000000000001
MAC,Macao SAR China,Asia,2030,65.547,0.065547
MAC,Macao SAR China,Asia,2031,68.63899999999998,0.06863899999999998
MDG,Madagascar,Africa,1980,5.202,0.005202
MDG,Madagascar,Africa,1981,4.759,0.004759
MDG,Madagascar,Africa,1982,4.785,0.004785
MDG,Madagascar,Africa,1983,4.685999999999999,0.004685999999999999
MDG,Madagascar,Africa,1984,3.9059999999999997,0.0039059999999999997
MDG,Madagascar,Africa,1985,3.8029999999999995,0.0038029999999999995
MDG,Madagascar,Africa,1986,4.347999999999999,0.004347999999999999
MDG,Madagascar,Africa,1987,3.213,0.003213
MDG,Madagascar,Africa,1988,3.189,0.003189
MDG,Madagascar,Africa,1989,3.1759999999999997,0.0031759999999999996
MDG,Madagascar,Africa,1990,3.9309999999999996,0.003931
MDG,Madagascar,Africa,1991,3.255,0.003255
MDG,Madagascar,Africa,1992,3.715,0.003715
MDG,Madagascar,Africa,1993,4.062999999999999,0.004062999999999999
MDG,Madagascar,Africa,1994,3.522,0.003522
MDG,Madagascar,Africa,1995,3.8379999999999996,0.003838
MDG,Madagascar,Africa,1996,4.932,0.004932000000000001
MDG,Madagascar,Africa,1997,4.262999999999999,0.004262999999999999
MDG,Madagascar,Africa,1998,4.402,0.0044020000000000005
MDG,Madagascar,Africa,1999,4.278,0.004278
MDG,Madagascar,Africa,2000,4.628999999999999,0.004628999999999999
MDG,Madagascar,Africa,2001,5.438,0.005438
MDG,Madagascar,Africa,2002,5.351999999999999,0.005351999999999999
MDG,Madagascar,Africa,2003,6.372,0.006372
MDG,Madagascar,Africa,2004,5.0649999999999995,0.005064999999999999
MDG,Madagascar,Africa,2005,5.859,0.005859
MDG,Madagascar,Africa,2006,6.395999999999999,0.006395999999999999
MDG,Madagascar,Africa,2007,8.525,0.008525
MDG,Madagascar,Africa,2008,10.725,0.010725
MDG,Madagascar,Africa,2009,9.617,0.009617
MDG,Madagascar,Africa,2010,9.983,0.009983
MDG,Madagascar,Africa,2011,11.552000000000001,0.011552000000000002
MDG,Madagascar,Africa,2012,11.579000000000002,0.011579000000000002
MDG,Madagascar,Africa,2013,12.424000000000001,0.012424000000000001
MDG,Madagascar,Africa,2014,12.523,0.012523
MDG,Madagascar,Africa,2015,11.323,0.011323
MDG,Madagascar,Africa,2016,11.849,0.011849
MDG,Madagascar,Africa,2017,13.176,0.013176
MDG,Madagascar,Africa,2018,13.76,0.01376
MDG,Madagascar,Africa,2019,14.105,0.014105000000000001
MDG,Madagascar,Africa,2020,13.051,0.013051
MDG,Madagascar,Africa,2021,14.355000000000002,0.014355000000000001
MDG,Madagascar,Africa,2022,15.342000000000002,0.015342000000000001
MDG,Madagascar,Africa,2023,16.037,0.016037
MDG,Madagascar,Africa,2024,17.593,0.017593
MDG,Madagascar,Africa,2025,19.556,0.019556
MDG,Madagascar,Africa,2026,21.185,0.021185
MDG,Madagascar,Africa,2027,22.92599999999999,0.02292599999999999
MDG,Madagascar,Africa,2028,25.256,0.025256
MDG,Madagascar,Africa,2029,27.861,0.027861
MDG,Madagascar,Africa,2030,30.747999999999998,0.030747999999999998
MDG,Madagascar,Africa,2031,33.637,0.033637
MWI,Malawi,Africa,1980,3.022,0.003022
MWI,Malawi,Africa,1981,3.022,0.003022
MWI,Malawi,Africa,1982,2.881,0.002881
MWI,Malawi,Africa,1983,2.9859999999999998,0.002986
MWI,Malawi,Africa,1984,2.949,0.002949
MWI,Malawi,Africa,1985,2.762,0.002762
MWI,Malawi,Africa,1986,2.883,0.002883
MWI,Malawi,Africa,1987,2.8339999999999996,0.0028339999999999997
MWI,Malawi,Africa,1988,3.258,0.003258
MWI,Malawi,Africa,1989,3.715,0.003715
MWI,Malawi,Africa,1990,4.2219999999999995,0.004221999999999999
MWI,Malawi,Africa,1991,5.38,0.00538
MWI,Malawi,Africa,1992,4.393999999999999,0.0043939999999999995
MWI,Malawi,Africa,1993,5.056,0.005056
MWI,Malawi,Africa,1994,2.9299999999999997,0.00293
MWI,Malawi,Africa,1995,3.4119999999999995,0.0034119999999999997
MWI,Malawi,Africa,1996,5.569,0.005569
MWI,Malawi,Africa,1997,6.504,0.006503999999999999
MWI,Malawi,Africa,1998,4.275,0.004275
MWI,Malawi,Africa,1999,4.336,0.0043360000000000004
MWI,Malawi,Africa,2000,4.257,0.0042569999999999995
MWI,Malawi,Africa,2001,4.177999999999999,0.004177999999999999
MWI,Malawi,Africa,2002,4.922,0.004921999999999999
MWI,Malawi,Africa,2003,4.520999999999999,0.004520999999999999
MWI,Malawi,Africa,2004,4.894999999999999,0.004894999999999998
MWI,Malawi,Africa,2005,5.147999999999999,0.005147999999999999
MWI,Malawi,Africa,2006,5.629999999999999,0.005629999999999999
MWI,Malawi,Africa,2007,6.24,0.00624
MWI,Malawi,Africa,2008,7.492,0.007492
MWI,Malawi,Africa,2009,8.722999999999999,0.008722999999999998
MWI,Malawi,Africa,2010,9.796000000000001,0.009796000000000001
MWI,Malawi,Africa,2011,11.240999999999998,0.011240999999999998
MWI,Malawi,Africa,2012,8.421000000000001,0.008421000000000001
MWI,Malawi,Africa,2013,7.647999999999999,0.0076479999999999985
MWI,Malawi,Africa,2014,8.526000000000002,0.008526000000000002
MWI,Malawi,Africa,2015,9.014000000000001,0.009014000000000001
MWI,Malawi,Africa,2016,7.733,0.007732999999999999
MWI,Malawi,Africa,2017,8.943000000000001,0.008943000000000001
MWI,Malawi,Africa,2018,9.882000000000001,0.009882000000000002
MWI,Malawi,Africa,2019,11.031,0.011031000000000001
MWI,Malawi,Africa,2020,11.847,0.011847
MWI,Malawi,Africa,2021,12.475000000000001,0.012475000000000002
MWI,Malawi,Africa,2022,12.531,0.012531
MWI,Malawi,Africa,2023,13.439,0.013439
MWI,Malawi,Africa,2024,11.790000000000001,0.01179
MWI,Malawi,Africa,2025,15.047,0.015047000000000001
MWI,Malawi,Africa,2026,18.152,0.018152
MWI,Malawi,Africa,2027,20.982999999999997,0.020982999999999998
MWI,Malawi,Africa,2028,24.194,0.024194
MWI,Malawi,Africa,2029,27.567,0.027567
MWI,Malawi,Africa,2030,31.42599999999999,0.03142599999999999
MWI,Malawi,Africa,2031,33.357,0.033357
MYS,Malaysia,Asia,1980,26.757,0.026757000000000003
MYS,Malaysia,Asia,1981,27.321000000000005,0.027321000000000005
MYS,Malaysia,Asia,1982,29.278,0.029278
MYS,Malaysia,Asia,1983,32.745000000000005,0.032745
MYS,Malaysia,Asia,1984,37.086999999999996,0.037086999999999995
MYS,Malaysia,Asia,1985,34.09,0.03409
MYS,Malaysia,Asia,1986,30.303,0.030303
MYS,Malaysia,Asia,1987,34.529,0.034529000000000004
MYS,Malaysia,Asia,1988,37.845,0.037845
MYS,Malaysia,Asia,1989,41.678000000000004,0.04167800000000001
MYS,Malaysia,Asia,1990,47.245000000000005,0.047245
MYS,Malaysia,Asia,1991,53.519000000000005,0.053519000000000004
MYS,Malaysia,Asia,1992,64.427,0.06442700000000001
MYS,Malaysia,Asia,1993,72.857,0.072857
MYS,Malaysia,Asia,1994,81.15599999999999,0.08115599999999999
MYS,Malaysia,Asia,1995,96.60599999999998,0.09660599999999998
MYS,Malaysia,Asia,1996,109.846,0.109846
MYS,Malaysia,Asia,1997,109.116,0.109116
MYS,Malaysia,Asia,1998,78.63899999999998,0.07863899999999999
MYS,Malaysia,Asia,1999,86.203,0.086203
MYS,Malaysia,Asia,2000,102.149,0.102149
MYS,Malaysia,Asia,2001,101.054,0.101054
MYS,Malaysia,Asia,2002,109.833,0.109833
MYS,Malaysia,Asia,2003,120.025,0.120025
MYS,Malaysia,Asia,2004,135.869,0.135869
MYS,Malaysia,Asia,2005,150.345,0.150345
MYS,Malaysia,Asia,2006,170.41,0.17041
MYS,Malaysia,Asia,2007,202.73299999999998,0.20273299999999997
MYS,Malaysia,Asia,2008,241.947,0.241947
MYS,Malaysia,Asia,2009,211.847,0.211847
MYS,Malaysia,Asia,2010,258.641,0.258641
MYS,Malaysia,Asia,2011,302.1840000000001,0.30218400000000006
MYS,Malaysia,Asia,2012,318.91,0.31891
MYS,Malaysia,Asia,2013,327.8690000000001,0.3278690000000001
MYS,Malaysia,Asia,2014,342.868,0.342868
MYS,Malaysia,Asia,2015,301.355,0.30135500000000004
MYS,Malaysia,Asia,2016,301.2559999999999,0.3012559999999999
MYS,Malaysia,Asia,2017,319.1089999999999,0.3191089999999999
MYS,Malaysia,Asia,2018,358.78299999999996,0.35878299999999996
MYS,Malaysia,Asia,2019,365.178,0.365178
MYS,Malaysia,Asia,2020,337.45599999999996,0.337456
MYS,Malaysia,Asia,2021,373.785,0.37378500000000003
MYS,Malaysia,Asia,2022,407.8299999999999,0.4078299999999999
MYS,Malaysia,Asia,2023,399.949,0.399949
MYS,Malaysia,Asia,2024,422.22699999999986,0.42222699999999985
MYS,Malaysia,Asia,2025,472.1929999999999,0.4721929999999999
MYS,Malaysia,Asia,2026,516.428,0.516428
MYS,Malaysia,Asia,2027,552.8549999999999,0.5528549999999999
MYS,Malaysia,Asia,2028,591.087,0.591087
MYS,Malaysia,Asia,2029,630.528,0.630528
MYS,Malaysia,Asia,2030,672.494,0.672494
MYS,Malaysia,Asia,2031,716.4459999999999,0.7164459999999999
MDV,Maldives,Asia,1980,0.063,6.3e-5
MDV,Maldives,Asia,1981,0.07299999999999998,7.299999999999999e-5
MDV,Maldives,Asia,1982,0.08699999999999998,8.699999999999997e-5
MDV,Maldives,Asia,1983,0.094,9.4e-5
MDV,Maldives,Asia,1984,0.113,1.1300000000000001e-4
MDV,Maldives,Asia,1985,0.134,1.34e-4
MDV,Maldives,Asia,1986,0.15800000000000003,1.5800000000000002e-4
MDV,Maldives,Asia,1987,0.14900000000000002,1.4900000000000002e-4
MDV,Maldives,Asia,1988,0.17800000000000002,1.7800000000000002e-4
MDV,Maldives,Asia,1989,0.201,2.01e-4
MDV,Maldives,Asia,1990,0.231,2.31e-4
MDV,Maldives,Asia,1991,0.262,2.62e-4
MDV,Maldives,Asia,1992,0.30600000000000005,3.0600000000000007e-4
MDV,Maldives,Asia,1993,0.346,3.4599999999999995e-4
MDV,Maldives,Asia,1994,0.382,3.82e-4
MDV,Maldives,Asia,1995,0.4660000000000001,4.660000000000001e-4
MDV,Maldives,Asia,1996,0.527,5.27e-4
MDV,Maldives,Asia,1997,0.652,6.52e-4
MDV,Maldives,Asia,1998,0.6929999999999998,6.929999999999998e-4
MDV,Maldives,Asia,1999,0.756,7.56e-4
MDV,Maldives,Asia,2000,0.801,8.010000000000001e-4
MDV,Maldives,Asia,2001,0.767,7.67e-4
MDV,Maldives,Asia,2002,0.8280000000000001,8.280000000000001e-4
MDV,Maldives,Asia,2003,1.052,0.001052
MDV,Maldives,Asia,2004,1.2269999999999999,0.0012269999999999998
MDV,Maldives,Asia,2005,1.163,0.001163
MDV,Maldives,Asia,2006,1.575,0.001575
MDV,Maldives,Asia,2007,1.868,0.001868
MDV,Maldives,Asia,2008,2.272,0.0022719999999999997
MDV,Maldives,Asia,2009,2.3449999999999998,0.002345
MDV,Maldives,Asia,2010,2.588,0.002588
MDV,Maldives,Asia,2011,2.629,0.002629
MDV,Maldives,Asia,2012,2.885,0.002885
MDV,Maldives,Asia,2013,3.286,0.003286
MDV,Maldives,Asia,2014,3.69,0.00369
MDV,Maldives,Asia,2015,4.117999999999999,0.004117999999999999
MDV,Maldives,Asia,2016,4.397999999999999,0.004397999999999999
MDV,Maldives,Asia,2017,4.809,0.004809
MDV,Maldives,Asia,2018,5.397999999999999,0.005397999999999999
MDV,Maldives,Asia,2019,5.716,0.005716000000000001
MDV,Maldives,Asia,2020,3.706,0.003706
MDV,Maldives,Asia,2021,5.24,0.00524
MDV,Maldives,Asia,2022,6.167999999999999,0.006167999999999999
MDV,Maldives,Asia,2023,6.610999999999999,0.006610999999999999
MDV,Maldives,Asia,2024,7.052,0.007051999999999999
MDV,Maldives,Asia,2025,7.664999999999999,0.007664999999999999
MDV,Maldives,Asia,2026,8.129999999999999,0.008129999999999998
MDV,Maldives,Asia,2027,8.673,0.008673
MDV,Maldives,Asia,2028,9.213999999999999,0.009213999999999998
MDV,Maldives,Asia,2029,9.776000000000002,0.009776000000000002
MDV,Maldives,Asia,2030,10.369000000000002,0.010369000000000001
MDV,Maldives,Asia,2031,11.033000000000001,0.011033000000000001
MLI,Mali,Africa,1980,2.704,0.0027040000000000002
MLI,Mali,Africa,1981,2.235,0.002235
MLI,Mali,Africa,1982,1.6799999999999997,0.0016799999999999996
MLI,Mali,Africa,1983,1.4969999999999999,0.0014969999999999998
MLI,Mali,Africa,1984,1.3879999999999997,0.0013879999999999997
MLI,Mali,Africa,1985,1.594,0.0015940000000000001
MLI,Mali,Africa,1986,2.126,0.002126
MLI,Mali,Africa,1987,2.449,0.002449
MLI,Mali,Africa,1988,2.7119999999999997,0.0027119999999999996
MLI,Mali,Africa,1989,3.3099999999999996,0.0033099999999999996
MLI,Mali,Africa,1990,3.248,0.003248
MLI,Mali,Africa,1991,3.589,0.003589
MLI,Mali,Africa,1992,3.689,0.003689
MLI,Mali,Africa,1993,3.637,0.003637
MLI,Mali,Africa,1994,2.708,0.0027080000000000003
MLI,Mali,Africa,1995,3.3389999999999995,0.0033389999999999995
MLI,Mali,Africa,1996,3.722,0.003722
MLI,Mali,Africa,1997,3.383,0.003383
MLI,Mali,Africa,1998,3.868,0.003868
MLI,Mali,Africa,1999,4.069,0.004069
MLI,Mali,Africa,2000,3.4819999999999998,0.003482
MLI,Mali,Africa,2001,4.054999999999999,0.004054999999999999
MLI,Mali,Africa,2002,4.631,0.004631000000000001
MLI,Mali,Africa,2003,5.521999999999999,0.005521999999999999
MLI,Mali,Africa,2004,6.408,0.0064080000000000005
MLI,Mali,Africa,2005,7.376,0.007376000000000001
MLI,Mali,Africa,2006,8.086,0.008086
MLI,Mali,Africa,2007,9.669,0.009669
MLI,Mali,Africa,2008,11.474,0.011474
MLI,Mali,Africa,2009,11.909000000000002,0.011909000000000003
MLI,Mali,Africa,2010,12.438,0.012438000000000001
MLI,Mali,Africa,2011,15.461,0.015461
MLI,Mali,Africa,2012,14.816000000000003,0.014816000000000003
MLI,Mali,Africa,2013,15.753,0.015753
MLI,Mali,Africa,2014,17.1,0.0171
MLI,Mali,Africa,2015,15.592000000000002,0.015592000000000002
MLI,Mali,Africa,2016,16.764999999999997,0.016765
MLI,Mali,Africa,2017,18.334000000000003,0.018334000000000003
MLI,Mali,Africa,2018,20.418,0.020418
MLI,Mali,Africa,2019,20.521,0.020521
MLI,Mali,Africa,2020,20.777,0.020777
MLI,Mali,Africa,2021,23.061,0.023061
MLI,Mali,Africa,2022,22.657000000000004,0.022657000000000004
MLI,Mali,Africa,2023,24.817000000000004,0.024817000000000002
MLI,Mali,Africa,2024,26.777,0.026777000000000002
MLI,Mali,Africa,2025,30.05,0.03005
MLI,Mali,Africa,2026,33.846999999999994,0.033846999999999995
MLI,Mali,Africa,2027,36.408,0.036408
MLI,Mali,Africa,2028,39.073,0.039073000000000004
MLI,Mali,Africa,2029,41.92400000000001,0.04192400000000001
MLI,Mali,Africa,2030,45.001000000000005,0.045001000000000006
MLI,Mali,Africa,2031,48.303000000000004,0.048303000000000006
MLT,Malta,Europe,1995,3.3529999999999998,0.0033529999999999996
MLT,Malta,Europe,1996,3.4189999999999996,0.0034189999999999997
MLT,Malta,Europe,1997,3.461,0.0034609999999999997
MLT,Malta,Europe,1998,3.667,0.0036669999999999997
MLT,Malta,Europe,1999,3.827,0.003827
MLT,Malta,Europe,2000,4.042,0.004042
MLT,Malta,Europe,2001,4.072,0.004072
MLT,Malta,Europe,2002,4.462,0.004462
MLT,Malta,Europe,2003,5.424999999999999,0.005424999999999999
MLT,Malta,Europe,2004,6.109,0.006109
MLT,Malta,Europe,2005,6.3919999999999995,0.006391999999999999
MLT,Malta,Europe,2006,6.783,0.006783
MLT,Malta,Europe,2007,7.972,0.007972
MLT,Malta,Europe,2008,9.171000000000001,0.009171
MLT,Malta,Europe,2009,8.760000000000002,0.008760000000000002
MLT,Malta,Europe,2010,9.104000000000001,0.009104000000000001
MLT,Malta,Europe,2011,9.787999999999998,0.009787999999999998
MLT,Malta,Europe,2012,9.616000000000001,0.009616000000000001
MLT,Malta,Europe,2013,10.797,0.010797000000000001
MLT,Malta,Europe,2014,11.891,0.011891
MLT,Malta,Europe,2015,11.342000000000002,0.011342000000000003
MLT,Malta,Europe,2016,12.022,0.012022
MLT,Malta,Europe,2017,14.156000000000002,0.014156000000000002
MLT,Malta,Europe,2018,16.161,0.016161000000000002
MLT,Malta,Europe,2019,16.34,0.01634
MLT,Malta,Europe,2020,16.392,0.016392
MLT,Malta,Europe,2021,19.742999999999995,0.019742999999999997
MLT,Malta,Europe,2022,18.954,0.018954000000000002
MLT,Malta,Europe,2023,22.632,0.022632000000000003
MLT,Malta,Europe,2024,25.035,0.025035
MLT,Malta,Europe,2025,27.756,0.027756
MLT,Malta,Europe,2026,30.712,0.030712
MLT,Malta,Europe,2027,32.449000000000005,0.032449000000000006
MLT,Malta,Europe,2028,34.333000000000006,0.034333
MLT,Malta,Europe,2029,36.407000000000004,0.036407
MLT,Malta,Europe,2030,38.63,0.038630000000000005
MLT,Malta,Europe,2031,41,0.041
MHL,Marshall Islands,Oceania,1997,0.11,1.1e-4
MHL,Marshall Islands,Oceania,1998,0.112,1.12e-4
MHL,Marshall Islands,Oceania,1999,0.113,1.1300000000000001e-4
MHL,Marshall Islands,Oceania,2000,0.115,1.15e-4
MHL,Marshall Islands,Oceania,2001,0.12300000000000001,1.23e-4
MHL,Marshall Islands,Oceania,2002,0.132,1.32e-4
MHL,Marshall Islands,Oceania,2003,0.131,1.31e-4
MHL,Marshall Islands,Oceania,2004,0.133,1.33e-4
MHL,Marshall Islands,Oceania,2005,0.138,1.3800000000000002e-4
MHL,Marshall Islands,Oceania,2006,0.14300000000000002,1.43e-4
MHL,Marshall Islands,Oceania,2007,0.15000000000000002,1.5000000000000001e-4
MHL,Marshall Islands,Oceania,2008,0.14700000000000002,1.4700000000000002e-4
MHL,Marshall Islands,Oceania,2009,0.15100000000000002,1.51e-4
MHL,Marshall Islands,Oceania,2010,0.161,1.61e-4
MHL,Marshall Islands,Oceania,2011,0.17200000000000001,1.72e-4
MHL,Marshall Islands,Oceania,2012,0.181,1.8099999999999998e-4
MHL,Marshall Islands,Oceania,2013,0.186,1.86e-4
MHL,Marshall Islands,Oceania,2014,0.186,1.86e-4
MHL,Marshall Islands,Oceania,2015,0.184,1.84e-4
MHL,Marshall Islands,Oceania,2016,0.202,2.02e-4
MHL,Marshall Islands,Oceania,2017,0.21400000000000002,2.1400000000000002e-4
MHL,Marshall Islands,Oceania,2018,0.22,2.2e-4
MHL,Marshall Islands,Oceania,2019,0.233,2.3300000000000003e-4
MHL,Marshall Islands,Oceania,2020,0.24200000000000002,2.4200000000000003e-4
MHL,Marshall Islands,Oceania,2021,0.261,2.61e-4
MHL,Marshall Islands,Oceania,2022,0.259,2.59e-4
MHL,Marshall Islands,Oceania,2023,0.264,2.64e-4
MHL,Marshall Islands,Oceania,2024,0.28500000000000003,2.8500000000000004e-4
MHL,Marshall Islands,Oceania,2025,0.308,3.08e-4
MHL,Marshall Islands,Oceania,2026,0.342,3.42e-4
MHL,Marshall Islands,Oceania,2027,0.36800000000000005,3.6800000000000005e-4
MHL,Marshall Islands,Oceania,2028,0.384,3.84e-4
MHL,Marshall Islands,Oceania,2029,0.4,4e-4
MHL,Marshall Islands,Oceania,2030,0.41600000000000004,4.1600000000000003e-4
MHL,Marshall Islands,Oceania,2031,0.43300000000000005,4.3300000000000006e-4
MRT,Mauritania,Africa,1990,1.7929999999999997,0.0017929999999999997
MRT,Mauritania,Africa,1991,2.0549999999999997,0.0020549999999999995
MRT,Mauritania,Africa,1992,2.164,0.002164
MRT,Mauritania,Africa,1993,1.847,0.001847
MRT,Mauritania,Africa,1994,1.9449999999999998,0.001945
MRT,Mauritania,Africa,1995,2.0919999999999996,0.0020919999999999997
MRT,Mauritania,Africa,1996,2.1319999999999997,0.0021319999999999998
MRT,Mauritania,Africa,1997,2.0719999999999996,0.0020719999999999996
MRT,Mauritania,Africa,1998,2.027,0.002027
MRT,Mauritania,Africa,1999,1.986,0.001986
MRT,Mauritania,Africa,2000,1.78,0.0017800000000000001
MRT,Mauritania,Africa,2001,1.746,0.001746
MRT,Mauritania,Africa,2002,1.7769999999999997,0.0017769999999999997
MRT,Mauritania,Africa,2003,2.0509999999999997,0.002051
MRT,Mauritania,Africa,2004,2.3619999999999997,0.0023619999999999995
MRT,Mauritania,Africa,2005,2.9359999999999995,0.0029359999999999994
MRT,Mauritania,Africa,2006,4.009,0.004009
MRT,Mauritania,Africa,2007,4.327999999999999,0.004327999999999999
MRT,Mauritania,Africa,2008,5.137999999999999,0.005137999999999999
MRT,Mauritania,Africa,2009,4.724999999999999,0.004724999999999999
MRT,Mauritania,Africa,2010,5.637,0.005637
MRT,Mauritania,Africa,2011,6.782,0.006782
MRT,Mauritania,Africa,2012,6.721,0.006721
MRT,Mauritania,Africa,2013,7.331,0.007331000000000001
MRT,Mauritania,Africa,2014,6.614999999999999,0.006614999999999999
MRT,Mauritania,Africa,2015,6.1819999999999995,0.006181999999999999
MRT,Mauritania,Africa,2016,6.414,0.0064139999999999996
MRT,Mauritania,Africa,2017,6.825999999999999,0.006825999999999999
MRT,Mauritania,Africa,2018,7.472,0.007472
MRT,Mauritania,Africa,2019,7.893999999999999,0.007894
MRT,Mauritania,Africa,2020,8.464,0.008464000000000001
MRT,Mauritania,Africa,2021,9.126000000000001,0.009126
MRT,Mauritania,Africa,2022,9.564,0.009564
MRT,Mauritania,Africa,2023,10.723999999999998,0.010724
MRT,Mauritania,Africa,2024,11.003,0.011003
MRT,Mauritania,Africa,2025,12.289,0.012289
MRT,Mauritania,Africa,2026,14.352000000000002,0.014352000000000002
MRT,Mauritania,Africa,2027,15.095000000000002,0.015095000000000003
MRT,Mauritania,Africa,2028,15.966000000000003,0.015966000000000004
MRT,Mauritania,Africa,2029,16.881999999999998,0.016881999999999998
MRT,Mauritania,Africa,2030,17.378,0.017378
MRT,Mauritania,Africa,2031,17.042,0.017042
MUS,Mauritius,Africa,1980,1.242,0.001242
MUS,Mauritius,Africa,1981,1.179,0.0011790000000000001
MUS,Mauritius,Africa,1982,1.131,0.001131
MUS,Mauritius,Africa,1983,1.1980000000000002,0.0011980000000000003
MUS,Mauritius,Africa,1984,1.108,0.001108
MUS,Mauritius,Africa,1985,1.122,0.0011220000000000002
MUS,Mauritius,Africa,1986,1.5149999999999997,0.0015149999999999996
MUS,Mauritius,Africa,1987,1.9189999999999998,0.001919
MUS,Mauritius,Africa,1988,2.225,0.002225
MUS,Mauritius,Africa,1989,2.286,0.002286
MUS,Mauritius,Africa,1990,2.743,0.0027429999999999998
MUS,Mauritius,Africa,1991,3.0169999999999995,0.0030169999999999993
MUS,Mauritius,Africa,1992,3.3979999999999997,0.0033979999999999995
MUS,Mauritius,Africa,1993,3.502,0.003502
MUS,Mauritius,Africa,1994,3.887,0.003887
MUS,Mauritius,Africa,1995,4.439000000000001,0.004439000000000001
MUS,Mauritius,Africa,1996,4.59,0.0045899999999999995
MUS,Mauritius,Africa,1997,4.31,0.00431
MUS,Mauritius,Africa,1998,4.353999999999999,0.004353999999999999
MUS,Mauritius,Africa,1999,4.5969999999999995,0.0045969999999999995
MUS,Mauritius,Africa,2000,4.935,0.004934999999999999
MUS,Mauritius,Africa,2001,4.882,0.004882
MUS,Mauritius,Africa,2002,5.122999999999999,0.005122999999999999
MUS,Mauritius,Africa,2003,6.154999999999999,0.006154999999999999
MUS,Mauritius,Africa,2004,6.962,0.0069619999999999994
MUS,Mauritius,Africa,2005,6.866999999999999,0.006866999999999999
MUS,Mauritius,Africa,2006,7.122999999999999,0.007122999999999999
MUS,Mauritius,Africa,2007,8.260000000000002,0.008260000000000002
MUS,Mauritius,Africa,2008,10.125,0.010125
MUS,Mauritius,Africa,2009,9.252,0.009252
MUS,Mauritius,Africa,2010,10.137999999999998,0.010137999999999998
MUS,Mauritius,Africa,2011,11.673,0.011673
MUS,Mauritius,Africa,2012,11.826000000000002,0.011826000000000001
MUS,Mauritius,Africa,2013,12.293000000000001,0.012293000000000002
MUS,Mauritius,Africa,2014,13.074,0.013074
MUS,Mauritius,Africa,2015,12.007,0.012007
MUS,Mauritius,Africa,2016,12.594000000000001,0.012594000000000001
MUS,Mauritius,Africa,2017,13.713999999999999,0.013713999999999999
MUS,Mauritius,Africa,2018,14.736,0.014736
MUS,Mauritius,Africa,2019,14.436,0.014436
MUS,Mauritius,Africa,2020,11.408000000000001,0.011408000000000001
MUS,Mauritius,Africa,2021,11.484,0.011484
MUS,Mauritius,Africa,2022,12.908000000000001,0.012908000000000001
MUS,Mauritius,Africa,2023,14.101,0.014101
MUS,Mauritius,Africa,2024,14.986000000000002,0.014986000000000003
MUS,Mauritius,Africa,2025,16.126,0.016126
MUS,Mauritius,Africa,2026,17.119000000000003,0.017119000000000002
MUS,Mauritius,Africa,2027,18.241,0.018241
MUS,Mauritius,Africa,2028,19.418,0.019417999999999998
MUS,Mauritius,Africa,2029,20.640999999999995,0.020640999999999996
MUS,Mauritius,Africa,2030,21.916,0.021916
MUS,Mauritius,Africa,2031,23.271,0.023271
MEX,Mexico,Americas,1980,242.15300000000002,0.242153
MEX,Mexico,Americas,1981,311.012,0.311012
MEX,Mexico,Americas,1982,225.706,0.225706
MEX,Mexico,Americas,1983,184.01,0.18400999999999998
MEX,Mexico,Americas,1984,217.001,0.217001
MEX,Mexico,Americas,1985,230.272,0.230272
MEX,Mexico,Americas,1986,159.434,0.159434
MEX,Mexico,Americas,1987,174.84,0.17484
MEX,Mexico,Americas,1988,213.893,0.213893
MEX,Mexico,Americas,1989,260.663,0.26066300000000003
MEX,Mexico,Americas,1990,307.613,0.307613
MEX,Mexico,Americas,1991,368.77199999999993,0.36877199999999993
MEX,Mexico,Americas,1992,427.661,0.427661
MEX,Mexico,Americas,1993,530.226,0.530226
MEX,Mexico,Americas,1994,553.618,0.553618
MEX,Mexico,Americas,1995,380.182,0.380182
MEX,Mexico,Americas,1996,432.158,0.43215800000000004
MEX,Mexico,Americas,1997,523.4499999999999,0.52345
MEX,Mexico,Americas,1998,557.485,0.557485
MEX,Mexico,Americas,1999,631.24,0.63124
MEX,Mexico,Americas,2000,742.0609999999999,0.742061
MEX,Mexico,Americas,2001,796.0549999999998,0.7960549999999998
MEX,Mexico,Americas,2002,810.6659999999999,0.8106659999999999
MEX,Mexico,Americas,2003,765.5499999999998,0.7655499999999998
MEX,Mexico,Americas,2004,819.4589999999998,0.8194589999999998
MEX,Mexico,Americas,2005,917.572,0.917572
MEX,Mexico,Americas,2006,1020.265,1.020265
MEX,Mexico,Americas,2007,1102.356,1.102356
MEX,Mexico,Americas,2008,1161.5529999999999,1.1615529999999998
MEX,Mexico,Americas,2009,943.4369999999999,0.9434369999999999
MEX,Mexico,Americas,2010,1105.424,1.105424
MEX,Mexico,Americas,2011,1229.014,1.2290139999999998
MEX,Mexico,Americas,2012,1255.11,1.25511
MEX,Mexico,Americas,2013,1327.4360000000001,1.327436
MEX,Mexico,Americas,2014,1364.508,1.364508
MEX,Mexico,Americas,2015,1213.2939999999999,1.2132939999999999
MEX,Mexico,Americas,2016,1112.233,1.112233
MEX,Mexico,Americas,2017,1190.721,1.190721
MEX,Mexico,Americas,2018,1256.3,1.2563
MEX,Mexico,Americas,2019,1304.106,1.304106
MEX,Mexico,Americas,2020,1121.065,1.121065
MEX,Mexico,Americas,2021,1316.569,1.3165689999999999
MEX,Mexico,Americas,2022,1466.935,1.4669349999999999
MEX,Mexico,Americas,2023,1794.41,1.79441
MEX,Mexico,Americas,2024,1830.489,1.830489
MEX,Mexico,Americas,2025,1832.6409999999998,1.8326409999999997
MEX,Mexico,Americas,2026,2120.8550000000005,2.1208550000000006
MEX,Mexico,Americas,2027,2222.003,2.222003
MEX,Mexico,Americas,2028,2327.102,2.327102
MEX,Mexico,Americas,2029,2435.7449999999994,2.4357449999999994
MEX,Mexico,Americas,2030,2548.63,2.54863
MEX,Mexico,Americas,2031,2667.215,2.667215
FSM,Micronesia (Federated States of),Oceania,1995,0.222,2.22e-4
FSM,Micronesia (Federated States of),Oceania,1996,0.221,2.21e-4
FSM,Micronesia (Federated States of),Oceania,1997,0.20700000000000002,2.0700000000000002e-4
FSM,Micronesia (Federated States of),Oceania,1998,0.21900000000000003,2.1900000000000004e-4
FSM,Micronesia (Federated States of),Oceania,1999,0.22,2.2e-4
FSM,Micronesia (Federated States of),Oceania,2000,0.233,2.3300000000000003e-4
FSM,Micronesia (Federated States of),Oceania,2001,0.24000000000000002,2.4e-4
FSM,Micronesia (Federated States of),Oceania,2002,0.24000000000000002,2.4e-4
FSM,Micronesia (Federated States of),Oceania,2003,0.24300000000000002,2.4300000000000002e-4
FSM,Micronesia (Federated States of),Oceania,2004,0.23600000000000002,2.3600000000000002e-4
FSM,Micronesia (Federated States of),Oceania,2005,0.24700000000000003,2.4700000000000004e-4
FSM,Micronesia (Federated States of),Oceania,2006,0.25,2.5e-4
FSM,Micronesia (Federated States of),Oceania,2007,0.253,2.53e-4
FSM,Micronesia (Federated States of),Oceania,2008,0.261,2.61e-4
FSM,Micronesia (Federated States of),Oceania,2009,0.277,2.77e-4
FSM,Micronesia (Federated States of),Oceania,2010,0.29200000000000004,2.9200000000000005e-4
FSM,Micronesia (Federated States of),Oceania,2011,0.308,3.08e-4
FSM,Micronesia (Federated States of),Oceania,2012,0.324,3.24e-4
FSM,Micronesia (Federated States of),Oceania,2013,0.314,3.14e-4
FSM,Micronesia (Federated States of),Oceania,2014,0.316,3.16e-4
FSM,Micronesia (Federated States of),Oceania,2015,0.312,3.12e-4
FSM,Micronesia (Federated States of),Oceania,2016,0.327,3.2700000000000003e-4
FSM,Micronesia (Federated States of),Oceania,2017,0.36100000000000004,3.6100000000000005e-4
FSM,Micronesia (Federated States of),Oceania,2018,0.394,3.9400000000000004e-4
FSM,Micronesia (Federated States of),Oceania,2019,0.395,3.95e-4
FSM,Micronesia (Federated States of),Oceania,2020,0.373,3.73e-4
FSM,Micronesia (Federated States of),Oceania,2021,0.392,3.9200000000000004e-4
FSM,Micronesia (Federated States of),Oceania,2022,0.41500000000000004,4.1500000000000006e-4
FSM,Micronesia (Federated States of),Oceania,2023,0.443,4.43e-4
FSM,Micronesia (Federated States of),Oceania,2024,0.48100000000000004,4.8100000000000004e-4
FSM,Micronesia (Federated States of),Oceania,2025,0.502,5.02e-4
FSM,Micronesia (Federated States of),Oceania,2026,0.521,5.21e-4
FSM,Micronesia (Federated States of),Oceania,2027,0.548,5.480000000000001e-4
FSM,Micronesia (Federated States of),Oceania,2028,0.565,5.65e-4
FSM,Micronesia (Federated States of),Oceania,2029,0.583,5.83e-4
FSM,Micronesia (Federated States of),Oceania,2030,0.598,5.98e-4
FSM,Micronesia (Federated States of),Oceania,2031,0.614,6.14e-4
MDA,Moldova,Europe,1992,0.8640000000000001,8.640000000000001e-4
MDA,Moldova,Europe,1993,1.11,0.00111
MDA,Moldova,Europe,1994,1.1579999999999997,0.0011579999999999997
MDA,Moldova,Europe,1995,1.4409999999999998,0.0014409999999999998
MDA,Moldova,Europe,1996,1.6940000000000002,0.0016940000000000002
MDA,Moldova,Europe,1997,1.9279999999999995,0.0019279999999999996
MDA,Moldova,Europe,1998,1.697,0.0016970000000000002
MDA,Moldova,Europe,1999,1.1719999999999997,0.0011719999999999996
MDA,Moldova,Europe,2000,1.3149999999999997,0.0013149999999999998
MDA,Moldova,Europe,2001,1.4809999999999999,0.001481
MDA,Moldova,Europe,2002,1.6619999999999997,0.0016619999999999996
MDA,Moldova,Europe,2003,1.9809999999999999,0.0019809999999999997
MDA,Moldova,Europe,2004,2.598,0.002598
MDA,Moldova,Europe,2005,2.988,0.002988
MDA,Moldova,Europe,2006,3.408,0.003408
MDA,Moldova,Europe,2007,4.401,0.0044009999999999995
MDA,Moldova,Europe,2008,6.054999999999999,0.006054999999999999
MDA,Moldova,Europe,2009,5.438,0.005438
MDA,Moldova,Europe,2010,6.977,0.0069770000000000006
MDA,Moldova,Europe,2011,8.417000000000002,0.008417000000000001
MDA,Moldova,Europe,2012,8.707999999999998,0.008707999999999999
MDA,Moldova,Europe,2013,9.496,0.009496000000000001
MDA,Moldova,Europe,2014,9.402000000000001,0.009402
MDA,Moldova,Europe,2015,7.778,0.007777999999999999
MDA,Moldova,Europe,2016,7.981,0.007981
MDA,Moldova,Europe,2017,9.515,0.009515000000000001
MDA,Moldova,Europe,2018,11.252000000000002,0.011252000000000002
MDA,Moldova,Europe,2019,11.736999999999998,0.011737
MDA,Moldova,Europe,2020,11.530000000000001,0.01153
MDA,Moldova,Europe,2021,13.694,0.013694000000000001
MDA,Moldova,Europe,2022,14.524000000000001,0.014524
MDA,Moldova,Europe,2023,16.711,0.016711
MDA,Moldova,Europe,2024,18.207999999999995,0.018207999999999995
MDA,Moldova,Europe,2025,20.342,0.020342
MDA,Moldova,Europe,2026,21.888999999999996,0.021888999999999995
MDA,Moldova,Europe,2027,23.722999999999995,0.023722999999999994
MDA,Moldova,Europe,2028,25.721999999999998,0.025722
MDA,Moldova,Europe,2029,27.876,0.027876
MDA,Moldova,Europe,2030,30.197,0.030196999999999998
MDA,Moldova,Europe,2031,32.879000000000005,0.032879000000000005
MNG,Mongolia,Asia,1980,2.728,0.0027280000000000004
MNG,Mongolia,Asia,1981,2.8539999999999996,0.0028539999999999998
MNG,Mongolia,Asia,1982,2.963,0.002963
MNG,Mongolia,Asia,1983,3.0709999999999997,0.003071
MNG,Mongolia,Asia,1984,2.8369999999999997,0.0028369999999999997
MNG,Mongolia,Asia,1985,3.294,0.003294
MNG,Mongolia,Asia,1986,3.6359999999999997,0.0036359999999999995
MNG,Mongolia,Asia,1987,4.086,0.004086
MNG,Mongolia,Asia,1988,4.103999999999999,0.004103999999999999
MNG,Mongolia,Asia,1989,4.275,0.004275
MNG,Mongolia,Asia,1990,2.678,0.002678
MNG,Mongolia,Asia,1991,2.8209999999999997,0.0028209999999999997
MNG,Mongolia,Asia,1992,1.566,0.0015660000000000001
MNG,Mongolia,Asia,1993,0.771,7.71e-4
MNG,Mongolia,Asia,1994,0.926,9.260000000000001e-4
MNG,Mongolia,Asia,1995,1.452,0.001452
MNG,Mongolia,Asia,1996,1.348,0.001348
MNG,Mongolia,Asia,1997,1.181,0.001181
MNG,Mongolia,Asia,1998,1.125,0.001125
MNG,Mongolia,Asia,1999,1.0569999999999997,0.0010569999999999998
MNG,Mongolia,Asia,2000,1.137,0.001137
MNG,Mongolia,Asia,2001,1.268,0.001268
MNG,Mongolia,Asia,2002,1.397,0.001397
MNG,Mongolia,Asia,2003,1.595,0.001595
MNG,Mongolia,Asia,2004,1.992,0.001992
MNG,Mongolia,Asia,2005,2.523,0.002523
MNG,Mongolia,Asia,2006,3.4139999999999997,0.0034139999999999995
MNG,Mongolia,Asia,2007,4.235,0.004235
MNG,Mongolia,Asia,2008,5.622999999999999,0.0056229999999999995
MNG,Mongolia,Asia,2009,4.584,0.0045839999999999995
MNG,Mongolia,Asia,2010,7.184999999999999,0.007184999999999999
MNG,Mongolia,Asia,2011,10.41,0.01041
MNG,Mongolia,Asia,2012,12.277999999999999,0.012277999999999999
MNG,Mongolia,Asia,2013,12.582000000000003,0.012582000000000003
MNG,Mongolia,Asia,2014,12.226999999999999,0.012226999999999998
MNG,Mongolia,Asia,2015,11.620000000000001,0.011620000000000002
MNG,Mongolia,Asia,2016,11.154,0.011154
MNG,Mongolia,Asia,2017,11.481,0.011481
MNG,Mongolia,Asia,2018,13.207,0.013207
MNG,Mongolia,Asia,2019,14.206,0.014206
MNG,Mongolia,Asia,2020,13.313000000000002,0.013313000000000002
MNG,Mongolia,Asia,2021,15.286,0.015286
MNG,Mongolia,Asia,2022,17.146,0.017146
MNG,Mongolia,Asia,2023,20.315,0.020315
MNG,Mongolia,Asia,2024,23.795,0.023795
MNG,Mongolia,Asia,2025,25.37,0.02537
MNG,Mongolia,Asia,2026,28.449999999999996,0.028449999999999996
MNG,Mongolia,Asia,2027,30.604,0.030604
MNG,Mongolia,Asia,2028,32.827000000000005,0.032827
MNG,Mongolia,Asia,2029,35.203,0.035203000000000005
MNG,Mongolia,Asia,2030,37.744,0.037744
MNG,Mongolia,Asia,2031,40.473000000000006,0.04047300000000001
MNE,Montenegro,Europe,2000,0.964,9.64e-4
MNE,Montenegro,Europe,2001,1.1479999999999997,0.0011479999999999997
MNE,Montenegro,Europe,2002,1.2669999999999997,0.0012669999999999997
MNE,Montenegro,Europe,2003,1.679,0.0016790000000000002
MNE,Montenegro,Europe,2004,2.07,0.00207
MNE,Montenegro,Europe,2005,2.257,0.0022570000000000003
MNE,Montenegro,Europe,2006,2.72,0.00272
MNE,Montenegro,Europe,2007,3.683,0.0036829999999999996
MNE,Montenegro,Europe,2008,4.559,0.0045590000000000006
MNE,Montenegro,Europe,2009,4.154999999999999,0.004154999999999999
MNE,Montenegro,Europe,2010,4.14,0.00414
MNE,Montenegro,Europe,2011,4.506,0.0045060000000000005
MNE,Montenegro,Europe,2012,4.074,0.0040739999999999995
MNE,Montenegro,Europe,2013,4.422,0.004422
MNE,Montenegro,Europe,2014,4.581,0.004581
MNE,Montenegro,Europe,2015,4.011,0.004011
MNE,Montenegro,Europe,2016,4.355999999999999,0.004355999999999999
MNE,Montenegro,Europe,2017,4.802,0.004802
MNE,Montenegro,Europe,2018,5.436,0.005436
MNE,Montenegro,Europe,2019,5.484,0.005484
MNE,Montenegro,Europe,2020,4.73,0.004730000000000001
MNE,Montenegro,Europe,2021,5.826999999999999,0.005826999999999999
MNE,Montenegro,Europe,2022,6.264999999999999,0.006264999999999999
MNE,Montenegro,Europe,2023,7.645999999999999,0.007645999999999999
MNE,Montenegro,Europe,2024,8.272,0.008272
MNE,Montenegro,Europe,2025,9.228,0.009228
MNE,Montenegro,Europe,2026,10.226999999999999,0.010226999999999998
MNE,Montenegro,Europe,2027,10.808,0.010808
MNE,Montenegro,Europe,2028,11.382000000000001,0.011382000000000001
MNE,Montenegro,Europe,2029,11.994,0.011994
MNE,Montenegro,Europe,2030,12.620000000000001,0.012620000000000001
MNE,Montenegro,Europe,2031,13.281,0.013281000000000001
MAR,Morocco,Africa,1980,23.807,0.023807
MAR,Morocco,Africa,1981,19.329,0.019329
MAR,Morocco,Africa,1982,19.510000000000005,0.019510000000000007
MAR,Morocco,Africa,1983,17.635000000000005,0.017635000000000005
MAR,Morocco,Africa,1984,16.13,0.01613
MAR,Morocco,Africa,1985,16.279999999999998,0.016279999999999996
MAR,Morocco,Africa,1986,21.497,0.021497
MAR,Morocco,Africa,1987,23.713,0.023713
MAR,Morocco,Africa,1988,28.079999999999995,0.028079999999999994
MAR,Morocco,Africa,1989,28.901,0.028901
MAR,Morocco,Africa,1990,32.661,0.032661
MAR,Morocco,Africa,1991,34.940000000000005,0.034940000000000006
MAR,Morocco,Africa,1992,36.483000000000004,0.036483
MAR,Morocco,Africa,1993,34.259,0.034259
MAR,Morocco,Africa,1994,38.532000000000004,0.038532000000000004
MAR,Morocco,Africa,1995,42.23800000000001,0.042238000000000005
MAR,Morocco,Africa,1996,46.71,0.04671
MAR,Morocco,Africa,1997,42.366,0.042366
MAR,Morocco,Africa,1998,45.243,0.045243000000000005
MAR,Morocco,Africa,1999,45.055,0.045055
MAR,Morocco,Africa,2000,42.053000000000004,0.04205300000000001
MAR,Morocco,Africa,2001,42.704,0.042704
MAR,Morocco,Africa,2002,45.711000000000006,0.04571100000000001
MAR,Morocco,Africa,2003,56.345,0.056345
MAR,Morocco,Africa,2004,64.52799999999999,0.06452799999999999
MAR,Morocco,Africa,2005,67.468,0.067468
MAR,Morocco,Africa,2006,74.284,0.074284
MAR,Morocco,Africa,2007,85.539,0.085539
MAR,Morocco,Africa,2008,100.112,0.10011199999999999
MAR,Morocco,Africa,2009,100.535,0.100535
MAR,Morocco,Africa,2010,100.881,0.100881
MAR,Morocco,Africa,2011,109.705,0.109705
MAR,Morocco,Africa,2012,106.345,0.106345
MAR,Morocco,Africa,2013,115.60799999999999,0.11560799999999999
MAR,Morocco,Africa,2014,119.131,0.119131
MAR,Morocco,Africa,2015,110.41400000000002,0.11041400000000001
MAR,Morocco,Africa,2016,111.57299999999998,0.11157299999999998
MAR,Morocco,Africa,2017,118.54100000000001,0.11854100000000001
MAR,Morocco,Africa,2018,127.341,0.12734099999999998
MAR,Morocco,Africa,2019,128.92,0.12891999999999998
MAR,Morocco,Africa,2020,121.354,0.121354
MAR,Morocco,Africa,2021,142.02200000000002,0.142022
MAR,Morocco,Africa,2022,131.24499999999998,0.13124499999999997
MAR,Morocco,Africa,2023,146.05700000000002,0.14605700000000002
MAR,Morocco,Africa,2024,160.606,0.160606
MAR,Morocco,Africa,2025,182.58700000000002,0.18258700000000003
MAR,Morocco,Africa,2026,194.333,0.194333
MAR,Morocco,Africa,2027,212.83700000000002,0.21283700000000003
MAR,Morocco,Africa,2028,227.87900000000002,0.22787900000000003
MAR,Morocco,Africa,2029,245.01,0.24500999999999998
MAR,Morocco,Africa,2030,263.232,0.263232
MAR,Morocco,Africa,2031,283.41599999999994,0.28341599999999995
MOZ,Mozambique,Africa,1980,4.614999999999999,0.004614999999999999
MOZ,Mozambique,Africa,1981,3.585,0.003585
MOZ,Mozambique,Africa,1982,3.662,0.003662
MOZ,Mozambique,Africa,1983,3.28,0.00328
MOZ,Mozambique,Africa,1984,3.4169999999999994,0.0034169999999999995
MOZ,Mozambique,Africa,1985,4.516,0.004516
MOZ,Mozambique,Africa,1986,5.301,0.005301
MOZ,Mozambique,Africa,1987,2.3949999999999996,0.0023949999999999996
MOZ,Mozambique,Africa,1988,2.105,0.002105
MOZ,Mozambique,Africa,1989,2.199,0.002199
MOZ,Mozambique,Africa,1990,3.529,0.003529
MOZ,Mozambique,Africa,1991,3.8549999999999995,0.0038549999999999995
MOZ,Mozambique,Africa,1992,2.799,0.002799
MOZ,Mozambique,Africa,1993,2.883,0.002883
MOZ,Mozambique,Africa,1994,2.9579999999999997,0.0029579999999999997
MOZ,Mozambique,Africa,1995,3.062,0.0030619999999999996
MOZ,Mozambique,Africa,1996,4.03,0.004030000000000001
MOZ,Mozambique,Africa,1997,4.874,0.004874
MOZ,Mozambique,Africa,1998,5.551,0.005551
MOZ,Mozambique,Africa,1999,6.285,0.006285
MOZ,Mozambique,Africa,2000,5.931000000000001,0.0059310000000000005
MOZ,Mozambique,Africa,2001,5.6499999999999995,0.00565
MOZ,Mozambique,Africa,2002,5.951,0.005951
MOZ,Mozambique,Africa,2003,6.584,0.006584
MOZ,Mozambique,Africa,2004,7.937,0.007937
MOZ,Mozambique,Africa,2005,8.868,0.008868000000000001
MOZ,Mozambique,Africa,2006,9.510000000000002,0.009510000000000001
MOZ,Mozambique,Africa,2007,10.811,0.010811
MOZ,Mozambique,Africa,2008,12.92,0.01292
MOZ,Mozambique,Africa,2009,12.264000000000001,0.012264
MOZ,Mozambique,Africa,2010,11.412000000000003,0.011412000000000002
MOZ,Mozambique,Africa,2011,14.619,0.014619
MOZ,Mozambique,Africa,2012,16.688,0.016687999999999998
MOZ,Mozambique,Africa,2013,17.198,0.017198
MOZ,Mozambique,Africa,2014,17.978,0.017978
MOZ,Mozambique,Africa,2015,16.209,0.016209
MOZ,Mozambique,Africa,2016,12.069000000000003,0.012069000000000003
MOZ,Mozambique,Africa,2017,13.265000000000002,0.013265000000000002
MOZ,Mozambique,Africa,2018,15.017000000000001,0.015017
MOZ,Mozambique,Africa,2019,15.513,0.015513
MOZ,Mozambique,Africa,2020,14.235,0.014235
MOZ,Mozambique,Africa,2021,16.168,0.016168
MOZ,Mozambique,Africa,2022,18.884,0.018884
MOZ,Mozambique,Africa,2023,20.920999999999996,0.020920999999999995
MOZ,Mozambique,Africa,2024,22.744999999999997,0.022744999999999998
MOZ,Mozambique,Africa,2025,22.338,0.022338
MOZ,Mozambique,Africa,2026,23.275,0.023274999999999997
MOZ,Mozambique,Africa,2027,24.65,0.02465
MOZ,Mozambique,Africa,2028,25.695,0.025695
MOZ,Mozambique,Africa,2029,27.042999999999996,0.027042999999999994
MOZ,Mozambique,Africa,2030,30.901999999999997,0.030902
MOZ,Mozambique,Africa,2031,35.57,0.03557
MMR,Myanmar (Burma),Asia,1998,5.121999999999999,0.005121999999999999
MMR,Myanmar (Burma),Asia,1999,6.4,0.0064
MMR,Myanmar (Burma),Asia,2000,7.687999999999999,0.007687999999999999
MMR,Myanmar (Burma),Asia,2001,7.087,0.0070869999999999995
MMR,Myanmar (Burma),Asia,2002,6.878,0.0068780000000000004
MMR,Myanmar (Burma),Asia,2003,8.826,0.008826
MMR,Myanmar (Burma),Asia,2004,10.688,0.010688000000000001
MMR,Myanmar (Burma),Asia,2005,12.051,0.012051000000000001
MMR,Myanmar (Burma),Asia,2006,13.502000000000002,0.013502000000000002
MMR,Myanmar (Burma),Asia,2007,17.744999999999997,0.017744999999999997
MMR,Myanmar (Burma),Asia,2008,25.313,0.025313
MMR,Myanmar (Burma),Asia,2009,30.675,0.030675
MMR,Myanmar (Burma),Asia,2010,37.851,0.037850999999999996
MMR,Myanmar (Burma),Asia,2011,53.25,0.05325
MMR,Myanmar (Burma),Asia,2012,58.373999999999995,0.058373999999999995
MMR,Myanmar (Burma),Asia,2013,62.656000000000006,0.062656
MMR,Myanmar (Burma),Asia,2014,65.404,0.06540399999999999
MMR,Myanmar (Burma),Asia,2015,59.330000000000005,0.05933000000000001
MMR,Myanmar (Burma),Asia,2016,62.839000000000006,0.062839
MMR,Myanmar (Burma),Asia,2017,66.083,0.066083
MMR,Myanmar (Burma),Asia,2018,67.49100000000001,0.06749100000000001
MMR,Myanmar (Burma),Asia,2019,75.282,0.075282
MMR,Myanmar (Burma),Asia,2020,77.02599999999998,0.07702599999999998
MMR,Myanmar (Burma),Asia,2021,55.260000000000005,0.055260000000000004
MMR,Myanmar (Burma),Asia,2022,67.43700000000001,0.06743700000000001
MMR,Myanmar (Burma),Asia,2023,66.821,0.06682099999999999
MMR,Myanmar (Burma),Asia,2024,76.759,0.076759
MMR,Myanmar (Burma),Asia,2025,82.4,0.0824
MMR,Myanmar (Burma),Asia,2026,83.832,0.08383199999999999
MMR,Myanmar (Burma),Asia,2027,86.88499999999999,0.08688499999999999
MMR,Myanmar (Burma),Asia,2028,94.087,0.094087
MMR,Myanmar (Burma),Asia,2029,103.41500000000002,0.10341500000000002
MMR,Myanmar (Burma),Asia,2030,107.607,0.107607
MMR,Myanmar (Burma),Asia,2031,111.972,0.11197199999999999
NAM,Namibia,Africa,1989,2.2680000000000002,0.002268
NAM,Namibia,Africa,1990,2.568,0.002568
NAM,Namibia,Africa,1991,2.8409999999999997,0.0028409999999999998
NAM,Namibia,Africa,1992,3.296,0.003296
NAM,Namibia,Africa,1993,3.1559999999999997,0.0031559999999999995
NAM,Namibia,Africa,1994,3.5369999999999995,0.0035369999999999993
NAM,Namibia,Africa,1995,3.948,0.003948
NAM,Namibia,Africa,1996,3.9539999999999997,0.003954
NAM,Namibia,Africa,1997,4.109999999999999,0.004109999999999999
NAM,Namibia,Africa,1998,3.8319999999999994,0.0038319999999999995
NAM,Namibia,Africa,1999,3.824,0.0038239999999999997
NAM,Namibia,Africa,2000,3.941,0.003941
NAM,Namibia,Africa,2001,3.577,0.003577
NAM,Namibia,Africa,2002,3.3959999999999995,0.0033959999999999993
NAM,Namibia,Africa,2003,4.974,0.004974
NAM,Namibia,Africa,2004,6.673,0.006673
NAM,Namibia,Africa,2005,7.323999999999999,0.007323999999999999
NAM,Namibia,Africa,2006,7.711,0.007711
NAM,Namibia,Africa,2007,8.729999999999999,0.008729999999999998
NAM,Namibia,Africa,2008,8.496,0.008496
NAM,Namibia,Africa,2009,8.915000000000001,0.008915000000000001
NAM,Namibia,Africa,2010,11.281,0.011281000000000001
NAM,Namibia,Africa,2011,12.423,0.012423
NAM,Namibia,Africa,2012,13.016,0.013016
NAM,Namibia,Africa,2013,12.168000000000001,0.012168000000000002
NAM,Namibia,Africa,2014,12.434000000000001,0.012434
NAM,Namibia,Africa,2015,11.450000000000001,0.011450000000000002
NAM,Namibia,Africa,2016,10.719,0.010719
NAM,Namibia,Africa,2017,12.883000000000003,0.012883000000000002
NAM,Namibia,Africa,2018,13.676,0.013676
NAM,Namibia,Africa,2019,12.539,0.012539
NAM,Namibia,Africa,2020,10.583,0.010583
NAM,Namibia,Africa,2021,12.399000000000001,0.012399
NAM,Namibia,Africa,2022,12.564,0.012564
NAM,Namibia,Africa,2023,12.402000000000001,0.012402000000000002
NAM,Namibia,Africa,2024,13.370000000000003,0.013370000000000003
NAM,Namibia,Africa,2025,14.826000000000002,0.014826000000000002
NAM,Namibia,Africa,2026,17.314000000000004,0.017314000000000003
NAM,Namibia,Africa,2027,18.351,0.018351
NAM,Namibia,Africa,2028,19.244,0.019244
NAM,Namibia,Africa,2029,20.309,0.020309
NAM,Namibia,Africa,2030,21.367,0.021367
NAM,Namibia,Africa,2031,22.449999999999996,0.022449999999999994
NRU,Nauru,Oceania,2004,0.032,3.2e-5
NRU,Nauru,Oceania,2005,0.031,3.1e-5
NRU,Nauru,Oceania,2006,0.028999999999999998,2.8999999999999997e-5
NRU,Nauru,Oceania,2007,0.025,2.5e-5
NRU,Nauru,Oceania,2008,0.036,3.5999999999999994e-5
NRU,Nauru,Oceania,2009,0.047,4.7e-5
NRU,Nauru,Oceania,2010,0.05,5e-5
NRU,Nauru,Oceania,2011,0.06899999999999999,6.9e-5
NRU,Nauru,Oceania,2012,0.10100000000000002,1.0100000000000002e-4
NRU,Nauru,Oceania,2013,0.08899999999999997,8.899999999999997e-5
NRU,Nauru,Oceania,2014,0.097,9.7e-5
NRU,Nauru,Oceania,2015,0.076,7.6e-5
NRU,Nauru,Oceania,2016,0.10000000000000002,1.0000000000000002e-4
NRU,Nauru,Oceania,2017,0.109,1.0899999999999999e-4
NRU,Nauru,Oceania,2018,0.131,1.31e-4
NRU,Nauru,Oceania,2019,0.125,1.25e-4
NRU,Nauru,Oceania,2020,0.125,1.25e-4
NRU,Nauru,Oceania,2021,0.14900000000000002,1.4900000000000002e-4
NRU,Nauru,Oceania,2022,0.181,1.8099999999999998e-4
NRU,Nauru,Oceania,2023,0.161,1.61e-4
NRU,Nauru,Oceania,2024,0.168,1.6800000000000002e-4
NRU,Nauru,Oceania,2025,0.17600000000000002,1.7600000000000002e-4
NRU,Nauru,Oceania,2026,0.196,1.9600000000000002e-4
NRU,Nauru,Oceania,2027,0.21400000000000002,2.1400000000000002e-4
NRU,Nauru,Oceania,2028,0.223,2.23e-4
NRU,Nauru,Oceania,2029,0.233,2.3300000000000003e-4
NRU,Nauru,Oceania,2030,0.24200000000000002,2.4200000000000003e-4
NRU,Nauru,Oceania,2031,0.252,2.52e-4
NPL,Nepal,Asia,1980,2.258,0.002258
NPL,Nepal,Asia,1981,2.641,0.002641
NPL,Nepal,Asia,1982,2.669,0.002669
NPL,Nepal,Asia,1983,2.9199999999999995,0.0029199999999999994
NPL,Nepal,Asia,1984,3.089,0.003089
NPL,Nepal,Asia,1985,3.208,0.0032080000000000003
NPL,Nepal,Asia,1986,3.4909999999999997,0.0034909999999999997
NPL,Nepal,Asia,1987,3.621,0.003621
NPL,Nepal,Asia,1988,4.27,0.0042699999999999995
NPL,Nepal,Asia,1989,4.316999999999999,0.004317
NPL,Nepal,Asia,1990,4.442,0.004442
NPL,Nepal,Asia,1991,4.860999999999999,0.004860999999999999
NPL,Nepal,Asia,1992,4.417,0.004417
NPL,Nepal,Asia,1993,4.743,0.004743000000000001
NPL,Nepal,Asia,1994,4.954,0.004954
NPL,Nepal,Asia,1995,5.379,0.005378999999999999
NPL,Nepal,Asia,1996,5.544,0.0055439999999999994
NPL,Nepal,Asia,1997,6.026999999999999,0.006026999999999999
NPL,Nepal,Asia,1998,5.992,0.005992
NPL,Nepal,Asia,1999,6.163999999999999,0.0061639999999999985
NPL,Nepal,Asia,2000,6.537,0.006537
NPL,Nepal,Asia,2001,6.719,0.006719
NPL,Nepal,Asia,2002,6.815999999999999,0.006815999999999999
NPL,Nepal,Asia,2003,7.218,0.007218
NPL,Nepal,Asia,2004,8.296999999999999,0.008296999999999999
NPL,Nepal,Asia,2005,9.331000000000001,0.009331
NPL,Nepal,Asia,2006,10.316000000000003,0.010316000000000002
NPL,Nepal,Asia,2007,11.777000000000001,0.011777000000000001
NPL,Nepal,Asia,2008,14.31,0.01431
NPL,Nepal,Asia,2009,14.663,0.014663
NPL,Nepal,Asia,2010,18.253,0.018253
NPL,Nepal,Asia,2011,21.685,0.021685
NPL,Nepal,Asia,2012,21.702999999999996,0.021702999999999997
NPL,Nepal,Asia,2013,22.162,0.022161999999999998
NPL,Nepal,Asia,2014,22.721999999999998,0.022722
NPL,Nepal,Asia,2015,24.361,0.024361
NPL,Nepal,Asia,2016,24.524,0.024524
NPL,Nepal,Asia,2017,28.971999999999998,0.028971999999999998
NPL,Nepal,Asia,2018,33.112,0.033112
NPL,Nepal,Asia,2019,34.186,0.034186
NPL,Nepal,Asia,2020,33.434000000000005,0.033434000000000005
NPL,Nepal,Asia,2021,36.927,0.036927
NPL,Nepal,Asia,2022,41.183,0.041183
NPL,Nepal,Asia,2023,41.048,0.041048
NPL,Nepal,Asia,2024,42.913999999999994,0.042913999999999994
NPL,Nepal,Asia,2025,44.809999999999995,0.044809999999999996
NPL,Nepal,Asia,2026,45.843999999999994,0.045843999999999996
NPL,Nepal,Asia,2027,48.09,0.04809
NPL,Nepal,Asia,2028,52.928000000000004,0.052928
NPL,Nepal,Asia,2029,58.29400000000001,0.05829400000000001
NPL,Nepal,Asia,2030,64.16799999999999,0.06416799999999999
NPL,Nepal,Asia,2031,70.396,0.070396
NLD,Netherlands,Europe,1980,194.031,0.194031
NLD,Netherlands,Europe,1981,162.62900000000002,0.16262900000000002
NLD,Netherlands,Europe,1982,157.56,0.15756
NLD,Netherlands,Europe,1983,153.39600000000002,0.153396
NLD,Netherlands,Europe,1984,142.77899999999997,0.14277899999999996
NLD,Netherlands,Europe,1985,144.859,0.14485900000000002
NLD,Netherlands,Europe,1986,201.883,0.201883
NLD,Netherlands,Europe,1987,247.277,0.247277
NLD,Netherlands,Europe,1988,264.59599999999995,0.26459599999999994
NLD,Netherlands,Europe,1989,260.8999999999999,0.2608999999999999
NLD,Netherlands,Europe,1990,321.8589999999999,0.32185899999999995
NLD,Netherlands,Europe,1991,331.565,0.331565
NLD,Netherlands,Europe,1992,366.5199999999999,0.3665199999999999
NLD,Netherlands,Europe,1993,356.434,0.35643400000000003
NLD,Netherlands,Europe,1994,383.09099999999995,0.38309099999999996
NLD,Netherlands,Europe,1995,453.377,0.45337700000000003
NLD,Netherlands,Europe,1996,451.5079999999999,0.4515079999999999
NLD,Netherlands,Europe,1997,418.02299999999997,0.418023
NLD,Netherlands,Europe,1998,439.2149999999999,0.4392149999999999
NLD,Netherlands,Europe,1999,448.22299999999996,0.448223
NLD,Netherlands,Europe,2000,417.834,0.417834
NLD,Netherlands,Europe,2001,432.53899999999993,0.43253899999999995
NLD,Netherlands,Europe,2002,475.194,0.475194
NLD,Netherlands,Europe,2003,582.2900000000001,0.5822900000000001
NLD,Netherlands,Europe,2004,660.9249999999998,0.6609249999999999
NLD,Netherlands,Europe,2005,688.514,0.688514
NLD,Netherlands,Europe,2006,737.633,0.737633
NLD,Netherlands,Europe,2007,853.6,0.8536
NLD,Netherlands,Europe,2008,957.797,0.957797
NLD,Netherlands,Europe,2009,878,0.878
NLD,Netherlands,Europe,2010,853.1609999999998,0.8531609999999998
NLD,Netherlands,Europe,2011,912.98,0.91298
NLD,Netherlands,Europe,2012,846.225,0.846225
NLD,Netherlands,Europe,2013,883.964,0.8839640000000001
NLD,Netherlands,Europe,2014,901.7890000000001,0.9017890000000001
NLD,Netherlands,Europe,2015,775.8219999999999,0.7758219999999999
NLD,Netherlands,Europe,2016,796.944,0.796944
NLD,Netherlands,Europe,2017,847.934,0.847934
NLD,Netherlands,Europe,2018,930.155,0.930155
NLD,Netherlands,Europe,2019,929.006,0.929006
NLD,Netherlands,Europe,2020,931.814,0.9318139999999999
NLD,Netherlands,Europe,2021,1055.1729999999998,1.0551729999999997
NLD,Netherlands,Europe,2022,1047.3639999999998,1.0473639999999997
NLD,Netherlands,Europe,2023,1135.8029999999999,1.135803
NLD,Netherlands,Europe,2024,1214.562,1.214562
NLD,Netherlands,Europe,2025,1332.24,1.33224
NLD,Netherlands,Europe,2026,1449.704,1.4497039999999999
NLD,Netherlands,Europe,2027,1500.424,1.500424
NLD,Netherlands,Europe,2028,1551.3509999999999,1.551351
NLD,Netherlands,Europe,2029,1603.433,1.6034329999999999
NLD,Netherlands,Europe,2030,1654.957,1.654957
NLD,Netherlands,Europe,2031,1707.8129999999999,1.7078129999999998
NZL,New Zealand,Oceania,1980,22.550999999999995,0.022550999999999995
NZL,New Zealand,Oceania,1981,23.471999999999998,0.023471999999999996
NZL,New Zealand,Oceania,1982,23.236999999999995,0.023236999999999994
NZL,New Zealand,Oceania,1983,22.484,0.022484
NZL,New Zealand,Oceania,1984,22.377,0.022376999999999998
NZL,New Zealand,Oceania,1985,22.539,0.022539
NZL,New Zealand,Oceania,1986,27.427999999999997,0.027427999999999998
NZL,New Zealand,Oceania,1987,36.978,0.036978000000000004
NZL,New Zealand,Oceania,1988,45.505,0.045505000000000004
NZL,New Zealand,Oceania,1989,44.132000000000005,0.044132000000000005
NZL,New Zealand,Oceania,1990,45.72200000000001,0.045722000000000006
NZL,New Zealand,Oceania,1991,43.440000000000005,0.043440000000000006
NZL,New Zealand,Oceania,1992,41.515,0.041515
NZL,New Zealand,Oceania,1993,44.806999999999995,0.04480699999999999
NZL,New Zealand,Oceania,1994,52.92,0.05292
NZL,New Zealand,Oceania,1995,62.241,0.062241
NZL,New Zealand,Oceania,1996,69.1,0.0691
NZL,New Zealand,Oceania,1997,68.869,0.068869
NZL,New Zealand,Oceania,1998,56.815,0.056815
NZL,New Zealand,Oceania,1999,58.898,0.058898000000000006
NZL,New Zealand,Oceania,2000,54.127,0.054127
NZL,New Zealand,Oceania,2001,53.12800000000001,0.05312800000000001
NZL,New Zealand,Oceania,2002,62.061,0.062061
NZL,New Zealand,Oceania,2003,82.408,0.082408
NZL,New Zealand,Oceania,2004,101.599,0.10159900000000001
NZL,New Zealand,Oceania,2005,113.265,0.113265
NZL,New Zealand,Oceania,2006,109.742,0.109742
NZL,New Zealand,Oceania,2007,134.85,0.13485
NZL,New Zealand,Oceania,2008,135.61399999999998,0.13561399999999998
NZL,New Zealand,Oceania,2009,122.003,0.122003
NZL,New Zealand,Oceania,2010,145.742,0.14574199999999998
NZL,New Zealand,Oceania,2011,167.151,0.16715100000000002
NZL,New Zealand,Oceania,2012,175.315,0.175315
NZL,New Zealand,Oceania,2013,187.226,0.187226
NZL,New Zealand,Oceania,2014,200.224,0.20022399999999999
NZL,New Zealand,Oceania,2015,176.375,0.176375
NZL,New Zealand,Oceania,2016,185.978,0.185978
NZL,New Zealand,Oceania,2017,203.66299999999998,0.20366299999999998
NZL,New Zealand,Oceania,2018,209.489,0.209489
NZL,New Zealand,Oceania,2019,210.96200000000002,0.210962
NZL,New Zealand,Oceania,2020,210.84,0.21084
NZL,New Zealand,Oceania,2021,249.72,0.24972
NZL,New Zealand,Oceania,2022,245.165,0.245165
NZL,New Zealand,Oceania,2023,253.65,0.25365
NZL,New Zealand,Oceania,2024,258.827,0.258827
NZL,New Zealand,Oceania,2025,258.83199999999994,0.25883199999999995
NZL,New Zealand,Oceania,2026,278.63599999999997,0.278636
NZL,New Zealand,Oceania,2027,290.452,0.290452
NZL,New Zealand,Oceania,2028,301.93099999999987,0.3019309999999999
NZL,New Zealand,Oceania,2029,314.363,0.314363
NZL,New Zealand,Oceania,2030,327.1309999999999,0.3271309999999999
NZL,New Zealand,Oceania,2031,339.93499999999995,0.33993499999999993
NIC,Nicaragua,Americas,1980,1.832,0.001832
NIC,Nicaragua,Americas,1981,2.1559999999999997,0.0021559999999999995
NIC,Nicaragua,Americas,1982,2.4969999999999994,0.0024969999999999997
NIC,Nicaragua,Americas,1983,2.8999999999999995,0.0028999999999999994
NIC,Nicaragua,Americas,1984,3.9659999999999997,0.003966
NIC,Nicaragua,Americas,1985,3.8539999999999996,0.003854
NIC,Nicaragua,Americas,1986,5.8,0.0058
NIC,Nicaragua,Americas,1987,3.409,0.0034089999999999997
NIC,Nicaragua,Americas,1988,1.4989999999999999,0.001499
NIC,Nicaragua,Americas,1989,2.082,0.0020819999999999996
NIC,Nicaragua,Americas,1990,0.519,5.19e-4
NIC,Nicaragua,Americas,1991,3.678,0.003678
NIC,Nicaragua,Americas,1992,3.8939999999999997,0.003894
NIC,Nicaragua,Americas,1993,3.726,0.003726
NIC,Nicaragua,Americas,1994,3.8609999999999998,0.003861
NIC,Nicaragua,Americas,1995,4.14,0.00414
NIC,Nicaragua,Americas,1996,4.307999999999999,0.004307999999999999
NIC,Nicaragua,Americas,1997,4.39,0.00439
NIC,Nicaragua,Americas,1998,4.634999999999999,0.0046349999999999985
NIC,Nicaragua,Americas,1999,4.855999999999999,0.004855999999999999
NIC,Nicaragua,Americas,2000,5.109,0.005109
NIC,Nicaragua,Americas,2001,5.335,0.005335
NIC,Nicaragua,Americas,2002,5.223999999999999,0.0052239999999999995
NIC,Nicaragua,Americas,2003,5.321999999999999,0.0053219999999999995
NIC,Nicaragua,Americas,2004,5.793,0.005793
NIC,Nicaragua,Americas,2005,6.320999999999999,0.0063209999999999985
NIC,Nicaragua,Americas,2006,6.763999999999999,0.006763999999999999
NIC,Nicaragua,Americas,2007,7.423,0.007423
NIC,Nicaragua,Americas,2008,8.497000000000003,0.008497000000000003
NIC,Nicaragua,Americas,2009,8.296999999999999,0.008296999999999999
NIC,Nicaragua,Americas,2010,8.759,0.008759000000000001
NIC,Nicaragua,Americas,2011,9.774000000000001,0.009774000000000001
NIC,Nicaragua,Americas,2012,10.532,0.010532
NIC,Nicaragua,Americas,2013,10.983000000000002,0.010983000000000003
NIC,Nicaragua,Americas,2014,11.880000000000003,0.011880000000000003
NIC,Nicaragua,Americas,2015,12.757,0.012757
NIC,Nicaragua,Americas,2016,13.286,0.013286
NIC,Nicaragua,Americas,2017,13.786,0.013786
NIC,Nicaragua,Americas,2018,13.025,0.013025
NIC,Nicaragua,Americas,2019,12.713000000000001,0.012713
NIC,Nicaragua,Americas,2020,12.729999999999999,0.012729999999999998
NIC,Nicaragua,Americas,2021,14.207999999999998,0.014207999999999998
NIC,Nicaragua,Americas,2022,15.633999999999999,0.015634
NIC,Nicaragua,Americas,2023,17.813,0.017813
NIC,Nicaragua,Americas,2024,19.697,0.019697
NIC,Nicaragua,Americas,2025,22.236999999999995,0.022236999999999996
NIC,Nicaragua,Americas,2026,24.227,0.024227000000000002
NIC,Nicaragua,Americas,2027,26.258,0.026258
NIC,Nicaragua,Americas,2028,28.001,0.028001
NIC,Nicaragua,Americas,2029,29.859000000000005,0.029859000000000004
NIC,Nicaragua,Americas,2030,31.84,0.03184
NIC,Nicaragua,Americas,2031,33.952999999999996,0.033953
NER,Niger,Africa,1980,3.5309999999999997,0.003531
NER,Niger,Africa,1981,3.0559999999999996,0.0030559999999999997
NER,Niger,Africa,1982,2.8399999999999994,0.002839999999999999
NER,Niger,Africa,1983,2.538,0.002538
NER,Niger,Africa,1984,2.0559999999999996,0.0020559999999999997
NER,Niger,Africa,1985,2.027,0.002027
NER,Niger,Africa,1986,2.68,0.00268
NER,Niger,Africa,1987,3.143,0.003143
NER,Niger,Africa,1988,3.21,0.00321
NER,Niger,Africa,1989,3.068,0.003068
NER,Niger,Africa,1990,3.4909999999999997,0.0034909999999999997
NER,Niger,Africa,1991,3.271,0.003271
NER,Niger,Africa,1992,3.3719999999999994,0.0033719999999999996
NER,Niger,Africa,1993,3.041,0.003041
NER,Niger,Africa,1994,1.9349999999999998,0.0019349999999999999
NER,Niger,Africa,1995,2.296,0.002296
NER,Niger,Africa,1996,2.3969999999999994,0.0023969999999999994
NER,Niger,Africa,1997,2.285,0.002285
NER,Niger,Africa,1998,2.639,0.002639
NER,Niger,Africa,1999,2.5319999999999996,0.0025319999999999995
NER,Niger,Africa,2000,2.235,0.002235
NER,Niger,Africa,2001,2.4419999999999997,0.0024419999999999997
NER,Niger,Africa,2002,2.772,0.0027719999999999997
NER,Niger,Africa,2003,3.3819999999999997,0.0033819999999999996
NER,Niger,Africa,2004,3.746,0.003746
NER,Niger,Africa,2005,4.372,0.004372
NER,Niger,Africa,2006,4.743,0.004743000000000001
NER,Niger,Africa,2007,5.716,0.005716000000000001
NER,Niger,Africa,2008,7.279,0.007279
NER,Niger,Africa,2009,7.323999999999999,0.007323999999999999
NER,Niger,Africa,2010,7.838,0.007838
NER,Niger,Africa,2011,8.754000000000001,0.008754000000000001
NER,Niger,Africa,2012,9.412,0.009412
NER,Niger,Africa,2013,10.206,0.010206
NER,Niger,Africa,2014,10.83,0.01083
NER,Niger,Africa,2015,9.684000000000001,0.009684000000000002
NER,Niger,Africa,2016,10.350000000000001,0.010350000000000002
NER,Niger,Africa,2017,11.181000000000001,0.011181000000000002
NER,Niger,Africa,2018,12.814,0.012814
NER,Niger,Africa,2019,12.917,0.012917
NER,Niger,Africa,2020,13.764000000000001,0.013764000000000002
NER,Niger,Africa,2021,14.923,0.014923
NER,Niger,Africa,2022,15.458,0.015458
NER,Niger,Africa,2023,16.809,0.016809
NER,Niger,Africa,2024,19.866,0.019865999999999998
NER,Niger,Africa,2025,21.836,0.021835999999999998
NER,Niger,Africa,2026,24.813,0.024812999999999998
NER,Niger,Africa,2027,26.927999999999997,0.026927999999999997
NER,Niger,Africa,2028,29.039,0.029039000000000002
NER,Niger,Africa,2029,31.38,0.03138
NER,Niger,Africa,2030,33.913999999999994,0.03391399999999999
NER,Niger,Africa,2031,36.646,0.036646
NGA,Nigeria,Africa,1990,87.542,0.087542
NGA,Nigeria,Africa,1991,84.67599999999999,0.08467599999999999
NGA,Nigeria,Africa,1992,73.614,0.073614
NGA,Nigeria,Africa,1993,79.996,0.079996
NGA,Nigeria,Africa,1994,112.837,0.112837
NGA,Nigeria,Africa,1995,186.207,0.18620699999999998
NGA,Nigeria,Africa,1996,243.178,0.243178
NGA,Nigeria,Africa,1997,264.5539999999999,0.2645539999999999
NGA,Nigeria,Africa,1998,295.269,0.295269
NGA,Nigeria,Africa,1999,80.94000000000001,0.08094000000000001
NGA,Nigeria,Africa,2000,95.51,0.09551000000000001
NGA,Nigeria,Africa,2001,102.98,0.10298
NGA,Nigeria,Africa,2002,132.347,0.13234700000000002
NGA,Nigeria,Africa,2003,144.955,0.144955
NGA,Nigeria,Africa,2004,183.553,0.183553
NGA,Nigeria,Africa,2005,238.895,0.23889500000000002
NGA,Nigeria,Africa,2006,313.73699999999997,0.313737
NGA,Nigeria,Africa,2007,375.055,0.375055
NGA,Nigeria,Africa,2008,472.28299999999996,0.47228299999999995
NGA,Nigeria,Africa,2009,425.922,0.425922
NGA,Nigeria,Africa,2010,526.809,0.526809
NGA,Nigeria,Africa,2011,591.3669999999998,0.5913669999999999
NGA,Nigeria,Africa,2012,657.8539999999999,0.6578539999999999
NGA,Nigeria,Africa,2013,734.89,0.7348899999999999
NGA,Nigeria,Africa,2014,811.134,0.811134
NGA,Nigeria,Africa,2015,696.088,0.6960879999999999
NGA,Nigeria,Africa,2016,570.3509999999999,0.5703509999999998
NGA,Nigeria,Africa,2017,529.144,0.5291440000000001
NGA,Nigeria,Africa,2018,593.8969999999999,0.5938969999999999
NGA,Nigeria,Africa,2019,668.219,0.668219
NGA,Nigeria,Africa,2020,598.725,0.5987250000000001
NGA,Nigeria,Africa,2021,609.479,0.609479
NGA,Nigeria,Africa,2022,645.682,0.645682
NGA,Nigeria,Africa,2023,487.3469999999999,0.4873469999999999
NGA,Nigeria,Africa,2024,252.10899999999998,0.25210899999999997
NGA,Nigeria,Africa,2025,290.49099999999993,0.29049099999999994
NGA,Nigeria,Africa,2026,377.365,0.377365
NGA,Nigeria,Africa,2027,387.645,0.38764499999999996
NGA,Nigeria,Africa,2028,405.58199999999994,0.40558199999999994
NGA,Nigeria,Africa,2029,434.814,0.43481400000000003
NGA,Nigeria,Africa,2030,464.83599999999996,0.46483599999999997
NGA,Nigeria,Africa,2031,496.28399999999993,0.49628399999999995
MKD,North Macedonia,Europe,1992,2.443,0.002443
MKD,North Macedonia,Europe,1993,2.687,0.0026869999999999997
MKD,North Macedonia,Europe,1994,3.561,0.003561
MKD,North Macedonia,Europe,1995,4.686999999999999,0.004686999999999999
MKD,North Macedonia,Europe,1996,4.6419999999999995,0.004641999999999999
MKD,North Macedonia,Europe,1997,3.928,0.003928
MKD,North Macedonia,Europe,1998,3.7640000000000002,0.0037640000000000004
MKD,North Macedonia,Europe,1999,3.867,0.0038669999999999998
MKD,North Macedonia,Europe,2000,3.774,0.003774
MKD,North Macedonia,Europe,2001,3.709,0.003709
MKD,North Macedonia,Europe,2002,3.9909999999999997,0.003991
MKD,North Macedonia,Europe,2003,4.946,0.004946
MKD,North Macedonia,Europe,2004,5.683999999999999,0.005683999999999999
MKD,North Macedonia,Europe,2005,6.257,0.0062569999999999995
MKD,North Macedonia,Europe,2006,6.859999999999999,0.00686
MKD,North Macedonia,Europe,2007,8.337000000000002,0.008337
MKD,North Macedonia,Europe,2008,9.912,0.009912
MKD,North Macedonia,Europe,2009,9.4,0.0094
MKD,North Macedonia,Europe,2010,9.415000000000001,0.009415000000000001
MKD,North Macedonia,Europe,2011,10.499000000000002,0.010499000000000003
MKD,North Macedonia,Europe,2012,9.751000000000001,0.009751000000000001
MKD,North Macedonia,Europe,2013,10.824,0.010824
MKD,North Macedonia,Europe,2014,11.378,0.011378000000000001
MKD,North Macedonia,Europe,2015,10.067,0.010067
MKD,North Macedonia,Europe,2016,10.686,0.010686
MKD,North Macedonia,Europe,2017,11.336,0.011336
MKD,North Macedonia,Europe,2018,12.694,0.012694
MKD,North Macedonia,Europe,2019,12.609,0.012609
MKD,North Macedonia,Europe,2020,12.385000000000002,0.012385000000000002
MKD,North Macedonia,Europe,2021,14.008000000000001,0.014008000000000001
MKD,North Macedonia,Europe,2022,13.957000000000003,0.013957000000000002
MKD,North Macedonia,Europe,2023,15.864000000000003,0.015864000000000003
MKD,North Macedonia,Europe,2024,16.954,0.016954
MKD,North Macedonia,Europe,2025,19.142,0.019142
MKD,North Macedonia,Europe,2026,21.605,0.021605
MKD,North Macedonia,Europe,2027,23.12,0.02312
MKD,North Macedonia,Europe,2028,24.584999999999997,0.024584999999999996
MKD,North Macedonia,Europe,2029,25.954999999999995,0.025954999999999995
MKD,North Macedonia,Europe,2030,27.307,0.027306999999999998
MKD,North Macedonia,Europe,2031,28.671,0.028671
NOR,Norway,Europe,1980,64.17699999999999,0.064177
NOR,Norway,Europe,1981,63.393,0.063393
NOR,Norway,Europe,1982,62.452999999999996,0.062452999999999995
NOR,Norway,Europe,1983,61.418,0.061418
NOR,Norway,Europe,1984,61.866,0.061866
NOR,Norway,Europe,1985,65.21100000000001,0.06521100000000002
NOR,Norway,Europe,1986,78.438,0.07843800000000001
NOR,Norway,Europe,1987,93.91400000000002,0.09391400000000001
NOR,Norway,Europe,1988,101.498,0.101498
NOR,Norway,Europe,1989,102.227,0.102227
NOR,Norway,Europe,1990,119.344,0.11934399999999999
NOR,Norway,Europe,1991,121.149,0.121149
NOR,Norway,Europe,1992,129.999,0.129999
NOR,Norway,Europe,1993,119.841,0.11984099999999999
NOR,Norway,Europe,1994,126.32499999999999,0.126325
NOR,Norway,Europe,1995,151.085,0.151085
NOR,Norway,Europe,1996,162.42800000000003,0.16242800000000002
NOR,Norway,Europe,1997,160.01399999999998,0.160014
NOR,Norway,Europe,1998,152.95600000000002,0.152956
NOR,Norway,Europe,1999,161.305,0.161305
NOR,Norway,Europe,2000,170.61899999999997,0.17061899999999997
NOR,Norway,Europe,2001,173.592,0.17359200000000002
NOR,Norway,Europe,2002,195.36100000000002,0.195361
NOR,Norway,Europe,2003,229.19299999999998,0.22919299999999998
NOR,Norway,Europe,2004,265.6619999999999,0.2656619999999999
NOR,Norway,Europe,2005,311.41799999999995,0.311418
NOR,Norway,Europe,2006,349.77199999999993,0.3497719999999999
NOR,Norway,Europe,2007,407.817,0.407817
NOR,Norway,Europe,2008,472.0609999999999,0.4720609999999999
NOR,Norway,Europe,2009,395.663,0.395663
NOR,Norway,Europe,2010,440.1329999999999,0.44013299999999994
NOR,Norway,Europe,2011,512.8689999999999,0.5128689999999999
NOR,Norway,Europe,2012,525.084,0.525084
NOR,Norway,Europe,2013,540.133,0.5401330000000001
NOR,Norway,Europe,2014,515.8299999999999,0.5158299999999999
NOR,Norway,Europe,2015,400.6689999999999,0.40066899999999994
NOR,Norway,Europe,2016,383.28399999999993,0.38328399999999996
NOR,Norway,Europe,2017,415.673,0.415673
NOR,Norway,Europe,2018,454.589,0.454589
NOR,Norway,Europe,2019,424.245,0.424245
NOR,Norway,Europe,2020,382.253,0.382253
NOR,Norway,Europe,2021,521.592,0.52159199999999994
NOR,Norway,Europe,2022,617.3219999999999,0.6173219999999999
NOR,Norway,Europe,2023,502.1979999999999,0.5021979999999999
NOR,Norway,Europe,2024,500.88599999999997,0.5008859999999999
NOR,Norway,Europe,2025,530.756,0.530756
NOR,Norway,Europe,2026,599.4059999999998,0.5994059999999999
NOR,Norway,Europe,2027,604.144,0.604144
NOR,Norway,Europe,2028,605.423,0.605423
NOR,Norway,Europe,2029,607.524,0.607524
NOR,Norway,Europe,2030,611.7800000000001,0.6117800000000001
NOR,Norway,Europe,2031,617.687,0.617687
OMN,Oman,Asia,1980,7.269,0.007269
OMN,Oman,Asia,1981,8.849,0.008849000000000001
OMN,Oman,Asia,1982,9.285,0.009285
OMN,Oman,Asia,1983,9.732999999999999,0.009732999999999999
OMN,Oman,Asia,1984,10.726,0.010726000000000001
OMN,Oman,Asia,1985,11.916,0.011916
OMN,Oman,Asia,1986,9.433000000000002,0.009433000000000002
OMN,Oman,Asia,1987,9.89,0.009890000000000001
OMN,Oman,Asia,1988,9.613000000000001,0.009613000000000002
OMN,Oman,Asia,1989,10.742999999999999,0.010742999999999999
OMN,Oman,Asia,1990,13.395000000000001,0.013395
OMN,Oman,Asia,1991,13,0.013
OMN,Oman,Asia,1992,14.274000000000001,0.014274
OMN,Oman,Asia,1993,14.321,0.014321
OMN,Oman,Asia,1994,14.808,0.014808
OMN,Oman,Asia,1995,15.821,0.015820999999999998
OMN,Oman,Asia,1996,17.512,0.017512
OMN,Oman,Asia,1997,18.154000000000003,0.018154000000000003
OMN,Oman,Asia,1998,16.044,0.016044
OMN,Oman,Asia,1999,17.832999999999995,0.017832999999999995
OMN,Oman,Asia,2000,22.259,0.022259
OMN,Oman,Asia,2001,22.206,0.022206
OMN,Oman,Asia,2002,23.065999999999995,0.023065999999999996
OMN,Oman,Asia,2003,24.734000000000005,0.024734000000000006
OMN,Oman,Asia,2004,28.379,0.028379
OMN,Oman,Asia,2005,35.507000000000005,0.035507000000000004
OMN,Oman,Asia,2006,42.578,0.042578000000000005
OMN,Oman,Asia,2007,48.30000000000001,0.04830000000000001
OMN,Oman,Asia,2008,69.80499999999999,0.06980499999999999
OMN,Oman,Asia,2009,55.45399999999999,0.055453999999999996
OMN,Oman,Asia,2010,64.99400000000001,0.06499400000000001
OMN,Oman,Asia,2011,77.49700000000001,0.07749700000000001
OMN,Oman,Asia,2012,87.409,0.087409
OMN,Oman,Asia,2013,89.936,0.089936
OMN,Oman,Asia,2014,92.699,0.092699
OMN,Oman,Asia,2015,78.71100000000001,0.07871100000000002
OMN,Oman,Asia,2016,75.12899999999999,0.07512899999999999
OMN,Oman,Asia,2017,80.857,0.080857
OMN,Oman,Asia,2018,91.506,0.091506
OMN,Oman,Asia,2019,88.061,0.088061
OMN,Oman,Asia,2020,75.909,0.075909
OMN,Oman,Asia,2021,87.324,0.087324
OMN,Oman,Asia,2022,109.85299999999998,0.10985299999999998
OMN,Oman,Asia,2023,106.17499999999998,0.10617499999999998
OMN,Oman,Asia,2024,107.137,0.107137
OMN,Oman,Asia,2025,106.127,0.106127
OMN,Oman,Asia,2026,117.17599999999999,0.11717599999999999
OMN,Oman,Asia,2027,118.478,0.118478
OMN,Oman,Asia,2028,122.721,0.122721
OMN,Oman,Asia,2029,128.36,0.12836
OMN,Oman,Asia,2030,134.117,0.134117
OMN,Oman,Asia,2031,139.32700000000003,0.13932700000000003
PAK,Pakistan,Asia,1980,38.616,0.038616
PAK,Pakistan,Asia,1981,45.681000000000004,0.045681000000000006
PAK,Pakistan,Asia,1982,49.932,0.049932000000000004
PAK,Pakistan,Asia,1983,46.619,0.046619
PAK,Pakistan,Asia,1984,50.612,0.050612000000000004
PAK,Pakistan,Asia,1985,50.607000000000006,0.050607000000000006
PAK,Pakistan,Asia,1986,51.827000000000005,0.051827000000000005
PAK,Pakistan,Asia,1987,54.17100000000001,0.054171000000000004
PAK,Pakistan,Asia,1988,62.385,0.062384999999999996
PAK,Pakistan,Asia,1989,65.042,0.065042
PAK,Pakistan,Asia,1990,65.27599999999998,0.06527599999999999
PAK,Pakistan,Asia,1991,74.15799999999999,0.07415799999999999
PAK,Pakistan,Asia,1992,79.338,0.07933799999999999
PAK,Pakistan,Asia,1993,83.969,0.08396899999999999
PAK,Pakistan,Asia,1994,84.642,0.084642
PAK,Pakistan,Asia,1995,98.91700000000002,0.09891700000000002
PAK,Pakistan,Asia,1996,103.29600000000002,0.10329600000000003
PAK,Pakistan,Asia,1997,101.848,0.101848
PAK,Pakistan,Asia,1998,101.381,0.101381
PAK,Pakistan,Asia,1999,96.008,0.096008
PAK,Pakistan,Asia,2000,99.421,0.09942100000000001
PAK,Pakistan,Asia,2001,96.784,0.09678400000000001
PAK,Pakistan,Asia,2002,98.16899999999998,0.09816899999999998
PAK,Pakistan,Asia,2003,112.50700000000002,0.11250700000000002
PAK,Pakistan,Asia,2004,132.206,0.132206
PAK,Pakistan,Asia,2005,145.20899999999997,0.14520899999999998
PAK,Pakistan,Asia,2006,161.871,0.16187100000000001
PAK,Pakistan,Asia,2007,184.141,0.184141
PAK,Pakistan,Asia,2008,202.20399999999998,0.20220399999999997
PAK,Pakistan,Asia,2009,187.07399999999998,0.187074
PAK,Pakistan,Asia,2010,196.712,0.196712
PAK,Pakistan,Asia,2011,230.577,0.230577
PAK,Pakistan,Asia,2012,250.094,0.250094
PAK,Pakistan,Asia,2013,258.6739999999999,0.2586739999999999
PAK,Pakistan,Asia,2014,271.422,0.27142200000000005
PAK,Pakistan,Asia,2015,299.92999999999995,0.29993
PAK,Pakistan,Asia,2016,313.623,0.313623
PAK,Pakistan,Asia,2017,339.22899999999987,0.3392289999999999
PAK,Pakistan,Asia,2018,356.163,0.356163
PAK,Pakistan,Asia,2019,321.071,0.32107100000000005
PAK,Pakistan,Asia,2020,300.41,0.30041
PAK,Pakistan,Asia,2021,348.48099999999994,0.34848099999999993
PAK,Pakistan,Asia,2022,374.85,0.37485
PAK,Pakistan,Asia,2023,336.555,0.336555
PAK,Pakistan,Asia,2024,372.243,0.372243
PAK,Pakistan,Asia,2025,407.78599999999994,0.4077859999999999
PLW,Palau,Oceania,2000,0.15000000000000002,1.5000000000000001e-4
PLW,Palau,Oceania,2001,0.15900000000000003,1.5900000000000004e-4
PLW,Palau,Oceania,2002,0.163,1.63e-4
PLW,Palau,Oceania,2003,0.15500000000000003,1.5500000000000003e-4
PLW,Palau,Oceania,2004,0.166,1.66e-4
PLW,Palau,Oceania,2005,0.186,1.86e-4
PLW,Palau,Oceania,2006,0.191,1.91e-4
PLW,Palau,Oceania,2007,0.196,1.9600000000000002e-4
PLW,Palau,Oceania,2008,0.199,1.99e-4
PLW,Palau,Oceania,2009,0.184,1.84e-4
PLW,Palau,Oceania,2010,0.184,1.84e-4
PLW,Palau,Oceania,2011,0.195,1.95e-4
PLW,Palau,Oceania,2012,0.21500000000000002,2.1500000000000002e-4
PLW,Palau,Oceania,2013,0.226,2.2600000000000002e-4
PLW,Palau,Oceania,2014,0.24500000000000002,2.4500000000000005e-4
PLW,Palau,Oceania,2015,0.28300000000000003,2.8300000000000005e-4
PLW,Palau,Oceania,2016,0.30300000000000005,3.0300000000000005e-4
PLW,Palau,Oceania,2017,0.29000000000000004,2.9000000000000006e-4
PLW,Palau,Oceania,2018,0.28800000000000003,2.88e-4
PLW,Palau,Oceania,2019,0.28200000000000003,2.82e-4
PLW,Palau,Oceania,2020,0.259,2.59e-4
PLW,Palau,Oceania,2021,0.23600000000000002,2.3600000000000002e-4
PLW,Palau,Oceania,2022,0.24700000000000003,2.4700000000000004e-4
PLW,Palau,Oceania,2023,0.276,2.7600000000000004e-4
PLW,Palau,Oceania,2024,0.322,3.22e-4
PLW,Palau,Oceania,2025,0.345,3.45e-4
PLW,Palau,Oceania,2026,0.377,3.77e-4
PLW,Palau,Oceania,2027,0.398,3.98e-4
PLW,Palau,Oceania,2028,0.41900000000000004,4.1900000000000005e-4
PLW,Palau,Oceania,2029,0.43800000000000006,4.380000000000001e-4
PLW,Palau,Oceania,2030,0.456,4.56e-4
PLW,Palau,Oceania,2031,0.47400000000000003,4.7400000000000003e-4
PSE,Palestinian Territories,Asia,1994,2.843,0.002843
PSE,Palestinian Territories,Asia,1995,3.283,0.003283
PSE,Palestinian Territories,Asia,1996,3.4099999999999997,0.00341
PSE,Palestinian Territories,Asia,1997,3.76,0.00376
PSE,Palestinian Territories,Asia,1998,4.067999999999999,0.004067999999999999
PSE,Palestinian Territories,Asia,1999,4.271,0.004271
PSE,Palestinian Territories,Asia,2000,4.313999999999999,0.004313999999999999
PSE,Palestinian Territories,Asia,2001,4.004,0.004004
PSE,Palestinian Territories,Asia,2002,3.5559999999999996,0.0035559999999999997
PSE,Palestinian Territories,Asia,2003,3.968,0.003968
PSE,Palestinian Territories,Asia,2004,4.602999999999999,0.004602999999999999
PSE,Palestinian Territories,Asia,2005,5.1259999999999994,0.0051259999999999995
PSE,Palestinian Territories,Asia,2006,5.347999999999999,0.005347999999999999
PSE,Palestinian Territories,Asia,2007,5.815999999999999,0.005815999999999999
PSE,Palestinian Territories,Asia,2008,7.31,0.00731
PSE,Palestinian Territories,Asia,2009,8.086,0.008086
PSE,Palestinian Territories,Asia,2010,9.682,0.009682
PSE,Palestinian Territories,Asia,2011,11.186,0.011186
PSE,Palestinian Territories,Asia,2012,12.207999999999998,0.012207999999999998
PSE,Palestinian Territories,Asia,2013,13.515000000000002,0.013515000000000003
PSE,Palestinian Territories,Asia,2014,13.99,0.01399
PSE,Palestinian Territories,Asia,2015,13.972000000000001,0.013972000000000002
PSE,Palestinian Territories,Asia,2016,15.405000000000001,0.015405
PSE,Palestinian Territories,Asia,2017,16.128,0.016128
PSE,Palestinian Territories,Asia,2018,16.277,0.016277
PSE,Palestinian Territories,Asia,2019,17.134000000000004,0.017134000000000003
PSE,Palestinian Territories,Asia,2020,15.532,0.015532
PSE,Palestinian Territories,Asia,2021,18.109000000000005,0.018109000000000007
PSE,Palestinian Territories,Asia,2022,19.166,0.019166
PSE,Palestinian Territories,Asia,2023,18.635000000000005,0.018635000000000006
PSE,Palestinian Territories,Asia,2024,16.017,0.016017
PAN,Panama,Americas,1980,3.759,0.0037589999999999998
PAN,Panama,Americas,1981,4.254999999999999,0.004254999999999999
PAN,Panama,Americas,1982,4.701,0.0047009999999999994
PAN,Panama,Americas,1983,4.826999999999999,0.004826999999999999
PAN,Panama,Americas,1984,5.038,0.005038
PAN,Panama,Americas,1985,5.33,0.00533
PAN,Panama,Americas,1986,5.539,0.005539
PAN,Panama,Americas,1987,5.562999999999999,0.0055629999999999985
PAN,Panama,Americas,1988,4.809,0.004809
PAN,Panama,Americas,1989,4.821999999999999,0.004821999999999999
PAN,Panama,Americas,1990,5.242,0.005242
PAN,Panama,Americas,1991,5.763999999999999,0.005763999999999999
PAN,Panama,Americas,1992,6.552999999999999,0.006552999999999999
PAN,Panama,Americas,1993,7.155999999999999,0.007155999999999999
PAN,Panama,Americas,1994,7.631,0.007631000000000001
PAN,Panama,Americas,1995,7.8,0.0078
PAN,Panama,Americas,1996,9.197999999999999,0.009197999999999998
PAN,Panama,Americas,1997,10.059000000000001,0.010059
PAN,Panama,Americas,1998,11.02,0.01102
PAN,Panama,Americas,1999,11.661,0.011661
PAN,Panama,Americas,2000,11.966000000000003,0.011966000000000003
PAN,Panama,Americas,2001,12.253,0.012253
PAN,Panama,Americas,2002,12.801,0.012801
PAN,Panama,Americas,2003,13.603,0.013603
PAN,Panama,Americas,2004,15.1,0.015099999999999999
PAN,Panama,Americas,2005,16.624,0.016624
PAN,Panama,Americas,2006,18.66,0.01866
PAN,Panama,Americas,2007,21.717,0.021717
PAN,Panama,Americas,2008,25.721,0.025721
PAN,Panama,Americas,2009,27.791,0.027791
PAN,Panama,Americas,2010,30.231000000000005,0.030231000000000004
PAN,Panama,Americas,2011,35.688,0.035688000000000004
PAN,Panama,Americas,2012,41.595000000000006,0.04159500000000001
PAN,Panama,Americas,2013,46.949000000000005,0.046949000000000005
PAN,Panama,Americas,2014,51.427,0.051427
PAN,Panama,Americas,2015,55.76800000000001,0.055768000000000005
PAN,Panama,Americas,2016,59.761,0.059761
PAN,Panama,Americas,2017,64.32799999999999,0.06432799999999998
PAN,Panama,Americas,2018,67.316,0.067316
PAN,Panama,Americas,2019,69.77899999999998,0.06977899999999998
PAN,Panama,Americas,2020,57.06,0.05706
PAN,Panama,Americas,2021,67.396,0.067396
PAN,Panama,Americas,2022,76.479,0.076479
PAN,Panama,Americas,2023,83.81200000000001,0.08381200000000001
PAN,Panama,Americas,2024,86.524,0.086524
PAN,Panama,Americas,2025,90.463,0.09046299999999999
PAN,Panama,Americas,2026,95.024,0.095024
PAN,Panama,Americas,2027,101.32499999999999,0.10132499999999998
PAN,Panama,Americas,2028,108.04300000000002,0.10804300000000001
PAN,Panama,Americas,2029,115.44300000000001,0.11544300000000002
PAN,Panama,Americas,2030,123.098,0.123098
PAN,Panama,Americas,2031,131.26,0.13126
PNG,Papua New Guinea,Oceania,1980,4.087,0.0040869999999999995
PNG,Papua New Guinea,Oceania,1981,4.011,0.004011
PNG,Papua New Guinea,Oceania,1982,3.8049999999999997,0.003805
PNG,Papua New Guinea,Oceania,1983,3.799,0.003799
PNG,Papua New Guinea,Oceania,1984,3.509,0.003509
PNG,Papua New Guinea,Oceania,1985,3.25,0.00325
PNG,Papua New Guinea,Oceania,1986,3.5349999999999997,0.0035349999999999995
PNG,Papua New Guinea,Oceania,1987,3.885,0.003885
PNG,Papua New Guinea,Oceania,1988,5.4,0.0054
PNG,Papua New Guinea,Oceania,1989,5.238,0.0052380000000000005
PNG,Papua New Guinea,Oceania,1990,4.757,0.004757
PNG,Papua New Guinea,Oceania,1991,5.596,0.005596
PNG,Papua New Guinea,Oceania,1992,6.466,0.006466
PNG,Papua New Guinea,Oceania,1993,7.349,0.0073490000000000005
PNG,Papua New Guinea,Oceania,1994,8.077,0.008076999999999999
PNG,Papua New Guinea,Oceania,1995,7.149,0.007149
PNG,Papua New Guinea,Oceania,1996,7.607999999999999,0.0076079999999999984
PNG,Papua New Guinea,Oceania,1997,7.272,0.007272
PNG,Papua New Guinea,Oceania,1998,5.557999999999999,0.005557999999999999
PNG,Papua New Guinea,Oceania,1999,5.072,0.005072
PNG,Papua New Guinea,Oceania,2000,5.168999999999999,0.005168999999999999
PNG,Papua New Guinea,Oceania,2001,4.531,0.0045309999999999994
PNG,Papua New Guinea,Oceania,2002,4.387,0.004386999999999999
PNG,Papua New Guinea,Oceania,2003,5.488,0.005488000000000001
PNG,Papua New Guinea,Oceania,2004,6.279,0.006279
PNG,Papua New Guinea,Oceania,2005,7.339,0.007339
PNG,Papua New Guinea,Oceania,2006,8.355000000000002,0.008355000000000003
PNG,Papua New Guinea,Oceania,2007,9.545000000000002,0.009545000000000001
PNG,Papua New Guinea,Oceania,2008,11.671000000000001,0.011671
PNG,Papua New Guinea,Oceania,2009,11.619,0.011618999999999999
PNG,Papua New Guinea,Oceania,2010,14.251000000000001,0.014251000000000002
PNG,Papua New Guinea,Oceania,2011,17.984999999999996,0.017984999999999998
PNG,Papua New Guinea,Oceania,2012,21.295,0.021295
PNG,Papua New Guinea,Oceania,2013,21.260999999999996,0.021260999999999995
PNG,Papua New Guinea,Oceania,2014,23.211,0.023211
PNG,Papua New Guinea,Oceania,2015,21.722999999999995,0.021722999999999996
PNG,Papua New Guinea,Oceania,2016,20.759,0.020759
PNG,Papua New Guinea,Oceania,2017,22.742999999999995,0.022742999999999996
PNG,Papua New Guinea,Oceania,2018,24.11,0.02411
PNG,Papua New Guinea,Oceania,2019,24.751,0.024751000000000002
PNG,Papua New Guinea,Oceania,2020,23.848,0.023847999999999998
PNG,Papua New Guinea,Oceania,2021,26.113000000000003,0.026113000000000004
PNG,Papua New Guinea,Oceania,2022,31.653,0.031653
PNG,Papua New Guinea,Oceania,2023,30.728999999999996,0.030728999999999996
PNG,Papua New Guinea,Oceania,2024,30.756,0.030756
PNG,Papua New Guinea,Oceania,2025,32.491,0.032491
PNG,Papua New Guinea,Oceania,2026,34.403000000000006,0.034403
PNG,Papua New Guinea,Oceania,2027,34.978,0.034978
PNG,Papua New Guinea,Oceania,2028,36.655,0.036655
PNG,Papua New Guinea,Oceania,2029,38.349000000000004,0.038349
PNG,Papua New Guinea,Oceania,2030,40.312,0.040312
PNG,Papua New Guinea,Oceania,2031,42.785000000000004,0.042785000000000004
PRY,Paraguay,Americas,1980,4.094999999999999,0.004094999999999999
PRY,Paraguay,Americas,1981,5.22,0.00522
PRY,Paraguay,Americas,1982,5.47,0.00547
PRY,Paraguay,Americas,1983,6.069,0.006069
PRY,Paraguay,Americas,1984,4.931000000000001,0.004931000000000001
PRY,Paraguay,Americas,1985,4.2139999999999995,0.004214
PRY,Paraguay,Americas,1986,5.032,0.005032
PRY,Paraguay,Americas,1987,4.216,0.004216
PRY,Paraguay,Americas,1988,5.584,0.0055839999999999996
PRY,Paraguay,Americas,1989,4.046,0.004046
PRY,Paraguay,Americas,1990,4.904,0.0049039999999999995
PRY,Paraguay,Americas,1991,6.984,0.006984
PRY,Paraguay,Americas,1992,7.1579999999999995,0.0071579999999999994
PRY,Paraguay,Americas,1993,7.249,0.007248999999999999
PRY,Paraguay,Americas,1994,7.871,0.007871000000000001
PRY,Paraguay,Americas,1995,9.062000000000001,0.009062
PRY,Paraguay,Americas,1996,9.787999999999998,0.009787999999999998
PRY,Paraguay,Americas,1997,9.965000000000003,0.009965000000000003
PRY,Paraguay,Americas,1998,9.260000000000002,0.009260000000000001
PRY,Paraguay,Americas,1999,8.837000000000002,0.008837000000000001
PRY,Paraguay,Americas,2000,8.856000000000005,0.008856000000000004
PRY,Paraguay,Americas,2001,8.496,0.008496
PRY,Paraguay,Americas,2002,7.195999999999999,0.007195999999999999
PRY,Paraguay,Americas,2003,7.690999999999999,0.007690999999999999
PRY,Paraguay,Americas,2004,9.623999999999999,0.009623999999999999
PRY,Paraguay,Americas,2005,10.737999999999998,0.010737999999999998
PRY,Paraguay,Americas,2006,13.43,0.01343
PRY,Paraguay,Americas,2007,17.856000000000005,0.017856000000000004
PRY,Paraguay,Americas,2008,24.615,0.024614999999999998
PRY,Paraguay,Americas,2009,22.355,0.022355
PRY,Paraguay,Americas,2010,27.129,0.027129
PRY,Paraguay,Americas,2011,33.737,0.033737
PRY,Paraguay,Americas,2012,33.296000000000014,0.03329600000000001
PRY,Paraguay,Americas,2013,38.650999999999996,0.038651
PRY,Paraguay,Americas,2014,40.378,0.040378
PRY,Paraguay,Americas,2015,36.211000000000006,0.03621100000000001
PRY,Paraguay,Americas,2016,36.09,0.036090000000000004
PRY,Paraguay,Americas,2017,38.997,0.038997
PRY,Paraguay,Americas,2018,40.22500000000001,0.04022500000000001
PRY,Paraguay,Americas,2019,37.925000000000004,0.03792500000000001
PRY,Paraguay,Americas,2020,35.432,0.035432000000000005
PRY,Paraguay,Americas,2021,39.937000000000005,0.03993700000000001
PRY,Paraguay,Americas,2022,41.840999999999994,0.041840999999999996
PRY,Paraguay,Americas,2023,43.14,0.04314
PRY,Paraguay,Americas,2024,44.73900000000001,0.044739000000000015
PRY,Paraguay,Americas,2025,49.358,0.049358
PRY,Paraguay,Americas,2026,60.542,0.060542
PRY,Paraguay,Americas,2027,64.02899999999998,0.06402899999999999
PRY,Paraguay,Americas,2028,67.644,0.06764400000000001
PRY,Paraguay,Americas,2029,71.476,0.071476
PRY,Paraguay,Americas,2030,75.52199999999999,0.07552199999999999
PRY,Paraguay,Americas,2031,79.788,0.079788
PER,Peru,Americas,1980,20.19,0.02019
PER,Peru,Americas,1981,24.398,0.024398
PER,Peru,Americas,1982,24.259,0.024259
PER,Peru,Americas,1983,18.863,0.018862999999999998
PER,Peru,Americas,1984,19.441999999999997,0.019441999999999997
PER,Peru,Americas,1985,16.823,0.016823
PER,Peru,Americas,1986,25.241,0.025241
PER,Peru,Americas,1987,41.681000000000004,0.041681
PER,Peru,Americas,1988,32.978,0.032978
PER,Peru,Americas,1989,40.69900000000001,0.04069900000000001
PER,Peru,Americas,1990,28.326,0.028326
PER,Peru,Americas,1991,33.988,0.033988
PER,Peru,Americas,1992,35.026,0.035026
PER,Peru,Americas,1993,34.032000000000004,0.03403200000000001
PER,Peru,Americas,1994,43.217000000000006,0.043217000000000005
PER,Peru,Americas,1995,51.365,0.051365
PER,Peru,Americas,1996,53.260000000000005,0.05326
PER,Peru,Americas,1997,56.076,0.056076
PER,Peru,Americas,1998,53.533,0.053533000000000004
PER,Peru,Americas,1999,48.46,0.04846
PER,Peru,Americas,2000,50.352,0.050351999999999994
PER,Peru,Americas,2001,51.053000000000004,0.051053
PER,Peru,Americas,2002,53.92100000000001,0.053921000000000004
PER,Peru,Americas,2003,58.578,0.058578000000000005
PER,Peru,Americas,2004,66.21400000000001,0.06621400000000001
PER,Peru,Americas,2005,74.054,0.07405400000000001
PER,Peru,Americas,2006,87.667,0.087667
PER,Peru,Americas,2007,102.335,0.102335
PER,Peru,Americas,2008,120.24,0.12024
PER,Peru,Americas,2009,122.42700000000002,0.12242700000000002
PER,Peru,Americas,2010,149.267,0.14926699999999998
PER,Peru,Americas,2011,170.77299999999997,0.17077299999999998
PER,Peru,Americas,2012,193.268,0.193268
PER,Peru,Americas,2013,201.568,0.20156800000000002
PER,Peru,Americas,2014,203.671,0.203671
PER,Peru,Americas,2015,193.344,0.193344
PER,Peru,Americas,2016,198.818,0.19881800000000002
PER,Peru,Americas,2017,220.09,0.22009
PER,Peru,Americas,2018,229.55,0.22955
PER,Peru,Americas,2019,236.26299999999998,0.23626299999999997
PER,Peru,Americas,2020,209.05700000000002,0.20905700000000002
PER,Peru,Americas,2021,228.70399999999998,0.228704
PER,Peru,Americas,2022,248.17899999999997,0.24817899999999998
PER,Peru,Americas,2023,272.755,0.27275499999999997
PER,Peru,Americas,2024,295.22,0.29522000000000004
PER,Peru,Americas,2025,341.0249999999999,0.3410249999999999
PER,Peru,Americas,2026,380.8999999999999,0.3808999999999999
PER,Peru,Americas,2027,386.375,0.386375
PER,Peru,Americas,2028,402.72,0.40272
PER,Peru,Americas,2029,418.91199999999986,0.41891199999999984
PER,Peru,Americas,2030,437.09899999999993,0.43709899999999996
PER,Peru,Americas,2031,458.41399999999993,0.45841399999999993
PHL,Philippines,Asia,1980,37.082,0.037082000000000004
PHL,Philippines,Asia,1981,40.73500000000001,0.04073500000000001
PHL,Philippines,Asia,1982,42.440999999999995,0.04244099999999999
PHL,Philippines,Asia,1983,37.952999999999996,0.037952999999999994
PHL,Philippines,Asia,1984,35.86,0.035859999999999996
PHL,Philippines,Asia,1985,34.973000000000006,0.034973000000000004
PHL,Philippines,Asia,1986,34.12900000000001,0.034129000000000013
PHL,Philippines,Asia,1987,37.932,0.037932
PHL,Philippines,Asia,1988,43.29300000000001,0.04329300000000001
PHL,Philippines,Asia,1989,48.652,0.048652
PHL,Philippines,Asia,1990,50.508,0.050508000000000004
PHL,Philippines,Asia,1991,51.784000000000006,0.051784000000000004
PHL,Philippines,Asia,1992,60.422000000000004,0.060422000000000003
PHL,Philippines,Asia,1993,62.037000000000006,0.06203700000000001
PHL,Philippines,Asia,1994,73.15899999999999,0.07315899999999999
PHL,Philippines,Asia,1995,84.644,0.08464400000000001
PHL,Philippines,Asia,1996,94.64999999999999,0.09465
PHL,Philippines,Asia,1997,94.10599999999998,0.09410599999999998
PHL,Philippines,Asia,1998,74.492,0.074492
PHL,Philippines,Asia,1999,85.64,0.08564
PHL,Philippines,Asia,2000,83.667,0.083667
PHL,Philippines,Asia,2001,78.921,0.078921
PHL,Philippines,Asia,2002,84.307,0.084307000000000007
PHL,Philippines,Asia,2003,87.039,0.087039
PHL,Philippines,Asia,2004,95.002,0.09500199999999999
PHL,Philippines,Asia,2005,107.42,0.10742
PHL,Philippines,Asia,2006,127.653,0.12765300000000002
PHL,Philippines,Asia,2007,155.98,0.15597999999999998
PHL,Philippines,Asia,2008,181.007,0.181007
PHL,Philippines,Asia,2009,176.132,0.176132
PHL,Philippines,Asia,2010,208.369,0.208369
PHL,Philippines,Asia,2011,234.21699999999998,0.23421699999999998
PHL,Philippines,Asia,2012,261.91999999999996,0.26192
PHL,Philippines,Asia,2013,283.90299999999996,0.28390299999999996
PHL,Philippines,Asia,2014,297.48399999999987,0.29748399999999986
PHL,Philippines,Asia,2015,306.446,0.30644600000000005
PHL,Philippines,Asia,2016,318.627,0.318627
PHL,Philippines,Asia,2017,328.48099999999994,0.3284809999999999
PHL,Philippines,Asia,2018,346.8419999999999,0.34684199999999993
PHL,Philippines,Asia,2019,376.8229999999999,0.3768229999999999
PHL,Philippines,Asia,2020,361.7509999999999,0.36175099999999993
PHL,Philippines,Asia,2021,394.08699999999993,0.3940869999999999
PHL,Philippines,Asia,2022,404.353,0.404353
PHL,Philippines,Asia,2023,437.055,0.437055
PHL,Philippines,Asia,2024,461.617,0.461617
PHL,Philippines,Asia,2025,487.161,0.487161
PHL,Philippines,Asia,2026,512.222,0.512222
PHL,Philippines,Asia,2027,556.747,0.556747
PHL,Philippines,Asia,2028,605.64,0.60564
PHL,Philippines,Asia,2029,658.4539999999998,0.6584539999999999
PHL,Philippines,Asia,2030,715.5419999999999,0.7155419999999999
PHL,Philippines,Asia,2031,777.576,0.777576
POL,Poland,Europe,1980,56.908,0.056908
POL,Poland,Europe,1981,53.92100000000001,0.053921000000000004
POL,Poland,Europe,1982,65.52,0.06552
POL,Poland,Europe,1983,75.792,0.075792
POL,Poland,Europe,1984,75.893,0.075893
POL,Poland,Europe,1985,71.137,0.071137
POL,Poland,Europe,1986,74.05299999999998,0.07405299999999998
POL,Poland,Europe,1987,64.04,0.06404
POL,Poland,Europe,1988,68.963,0.068963
POL,Poland,Europe,1989,67.237,0.06723699999999999
POL,Poland,Europe,1990,62.400999999999996,0.062401
POL,Poland,Europe,1991,80.863,0.080863
POL,Poland,Europe,1992,89.16599999999998,0.08916599999999998
POL,Poland,Europe,1993,90.82799999999999,0.09082799999999999
POL,Poland,Europe,1994,104.213,0.104213
POL,Poland,Europe,1995,139.8,0.1398
POL,Poland,Europe,1996,157.485,0.15748500000000001
POL,Poland,Europe,1997,157.98700000000002,0.15798700000000002
POL,Poland,Europe,1998,172.929,0.172929
POL,Poland,Europe,1999,168.657,0.168657
POL,Poland,Europe,2000,172.151,0.172151
POL,Poland,Europe,2001,191.40300000000002,0.19140300000000002
POL,Poland,Europe,2002,199.694,0.19969399999999998
POL,Poland,Europe,2003,218.561,0.218561
POL,Poland,Europe,2004,256.454,0.256454
POL,Poland,Europe,2005,307.158,0.30715800000000004
POL,Poland,Europe,2006,345.89799999999997,0.345898
POL,Poland,Europe,2007,429.7149999999999,0.4297149999999999
POL,Poland,Europe,2008,535.612,0.535612
POL,Poland,Europe,2009,440.954,0.440954
POL,Poland,Europe,2010,478.111,0.478111
POL,Poland,Europe,2011,527.8479999999998,0.5278479999999999
POL,Poland,Europe,2012,498.14900000000006,0.49814900000000006
POL,Poland,Europe,2013,518.18,0.51818
POL,Poland,Europe,2014,542.266,0.5422659999999999
POL,Poland,Europe,2015,479.72899999999987,0.47972899999999985
POL,Poland,Europe,2016,472.8829999999999,0.47288299999999994
POL,Poland,Europe,2017,528.497,0.528497
POL,Poland,Europe,2018,594.641,0.594641
POL,Poland,Europe,2019,602.592,0.602592
POL,Poland,Europe,2020,605.9299999999998,0.6059299999999999
POL,Poland,Europe,2021,689.253,0.689253
POL,Poland,Europe,2022,695.734,0.6957340000000001
POL,Poland,Europe,2023,812.9589999999998,0.8129589999999999
POL,Poland,Europe,2024,917.623,0.9176230000000001
POL,Poland,Europe,2025,1035.586,1.0355860000000001
POL,Poland,Europe,2026,1134.248,1.1342480000000001
POL,Poland,Europe,2027,1184.607,1.184607
POL,Poland,Europe,2028,1248.3319999999999,1.2483319999999998
POL,Poland,Europe,2029,1317.774,1.3177739999999998
POL,Poland,Europe,2030,1387.962,1.387962
POL,Poland,Europe,2031,1461.3039999999999,1.461304
PRT,Portugal,Europe,1980,32.607000000000006,0.032607000000000004
PRT,Portugal,Europe,1981,32.477000000000004,0.032477000000000006
PRT,Portugal,Europe,1982,30.678,0.030678
PRT,Portugal,Europe,1983,28.266999999999996,0.028266999999999997
PRT,Portugal,Europe,1984,25.951,0.025951000000000002
PRT,Portugal,Europe,1985,27.231000000000005,0.027231000000000005
PRT,Portugal,Europe,1986,37.869,0.037869
PRT,Portugal,Europe,1987,47.385999999999996,0.047386
PRT,Portugal,Europe,1988,55.435,0.055435000000000005
PRT,Portugal,Europe,1989,59.806000000000004,0.059806000000000005
PRT,Portugal,Europe,1990,79.439,0.079439
PRT,Portugal,Europe,1991,89.904,0.089904
PRT,Portugal,Europe,1992,108.119,0.10811899999999999
PRT,Portugal,Europe,1993,95.13899999999998,0.09513899999999999
PRT,Portugal,Europe,1994,99.692,0.09969199999999999
PRT,Portugal,Europe,1995,118.18199999999999,0.11818199999999998
PRT,Portugal,Europe,1996,122.65499999999999,0.12265499999999999
PRT,Portugal,Europe,1997,117.21100000000001,0.11721100000000001
PRT,Portugal,Europe,1998,124.124,0.124124
PRT,Portugal,Europe,1999,127.597,0.127597
PRT,Portugal,Europe,2000,118.65799999999999,0.11865799999999999
PRT,Portugal,Europe,2001,121.60499999999999,0.12160499999999999
PRT,Portugal,Europe,2002,134.7,0.1347
PRT,Portugal,Europe,2003,165.185,0.165185
PRT,Portugal,Europe,2004,189.296,0.189296
PRT,Portugal,Europe,2005,197.363,0.197363
PRT,Portugal,Europe,2006,208.767,0.208767
PRT,Portugal,Europe,2007,240.524,0.240524
PRT,Portugal,Europe,2008,263.3879999999999,0.2633879999999999
PRT,Portugal,Europe,2009,244.40200000000002,0.244402
PRT,Portugal,Europe,2010,238.63899999999998,0.238639
PRT,Portugal,Europe,2011,245.383,0.24538300000000002
PRT,Portugal,Europe,2012,216.67399999999998,0.21667399999999998
PRT,Portugal,Europe,2013,226.681,0.22668100000000002
PRT,Portugal,Europe,2014,230.138,0.230138
PRT,Portugal,Europe,2015,199.059,0.19905899999999999
PRT,Portugal,Europe,2016,206.24899999999997,0.20624899999999996
PRT,Portugal,Europe,2017,220.785,0.220785
PRT,Portugal,Europe,2018,242.20299999999997,0.24220299999999997
PRT,Portugal,Europe,2019,240.142,0.240142
PRT,Portugal,Europe,2020,229.435,0.229435
PRT,Portugal,Europe,2021,256.22599999999994,0.25622599999999995
PRT,Portugal,Europe,2022,257.101,0.257101
PRT,Portugal,Europe,2023,292.40799999999996,0.29240799999999995
PRT,Portugal,Europe,2024,313.562,0.313562
PRT,Portugal,Europe,2025,346.41199999999986,0.3464119999999999
PRT,Portugal,Europe,2026,380.637,0.380637
PRT,Portugal,Europe,2027,396.349,0.396349
PRT,Portugal,Europe,2028,412.482,0.412482
PRT,Portugal,Europe,2029,428.894,0.428894
PRT,Portugal,Europe,2030,444.873,0.44487299999999996
PRT,Portugal,Europe,2031,461.165,0.46116500000000005
PRI,Puerto Rico,Americas,1980,14.436,0.014436
PRI,Puerto Rico,Americas,1981,15.956000000000001,0.015956
PRI,Puerto Rico,Americas,1982,16.763999999999996,0.016763999999999994
PRI,Puerto Rico,Americas,1983,17.277,0.017277
PRI,Puerto Rico,Americas,1984,19.163,0.019163
PRI,Puerto Rico,Americas,1985,20.288999999999998,0.020288999999999998
PRI,Puerto Rico,Americas,1986,21.968999999999998,0.021969
PRI,Puerto Rico,Americas,1987,23.878,0.023878
PRI,Puerto Rico,Americas,1988,26.178,0.026178
PRI,Puerto Rico,Americas,1989,28.266999999999996,0.028266999999999997
PRI,Puerto Rico,Americas,1990,30.604,0.030604
PRI,Puerto Rico,Americas,1991,32.287000000000006,0.032287
PRI,Puerto Rico,Americas,1992,34.63,0.03463
PRI,Puerto Rico,Americas,1993,36.923,0.036923000000000004
PRI,Puerto Rico,Americas,1994,39.691,0.039691000000000004
PRI,Puerto Rico,Americas,1995,42.647000000000006,0.042647000000000004
PRI,Puerto Rico,Americas,1996,45.340999999999994,0.04534099999999999
PRI,Puerto Rico,Americas,1997,48.187000000000005,0.04818700000000001
PRI,Puerto Rico,Americas,1998,54.086000000000006,0.05408600000000001
PRI,Puerto Rico,Americas,1999,57.840999999999994,0.057841
PRI,Puerto Rico,Americas,2000,61.702000000000005,0.06170200000000001
PRI,Puerto Rico,Americas,2001,69.66899999999998,0.06966899999999998
PRI,Puerto Rico,Americas,2002,72.546,0.07254600000000001
PRI,Puerto Rico,Americas,2003,75.834,0.075834
PRI,Puerto Rico,Americas,2004,80.32199999999999,0.08032199999999999
PRI,Puerto Rico,Americas,2005,83.915,0.083915
PRI,Puerto Rico,Americas,2006,87.27599999999998,0.08727599999999998
PRI,Puerto Rico,Americas,2007,89.524,0.089524
PRI,Puerto Rico,Americas,2008,93.63899999999998,0.09363899999999999
PRI,Puerto Rico,Americas,2009,96.38599999999998,0.09638599999999999
PRI,Puerto Rico,Americas,2010,98.381,0.098381
PRI,Puerto Rico,Americas,2011,100.35199999999999,0.10035199999999998
PRI,Puerto Rico,Americas,2012,101.565,0.101565
PRI,Puerto Rico,Americas,2013,102.45,0.10245
PRI,Puerto Rico,Americas,2014,102.44600000000001,0.10244600000000001
PRI,Puerto Rico,Americas,2015,103.37599999999999,0.103376
PRI,Puerto Rico,Americas,2016,104.337,0.104337
PRI,Puerto Rico,Americas,2017,103.44600000000001,0.10344600000000001
PRI,Puerto Rico,Americas,2018,100.958,0.10095799999999999
PRI,Puerto Rico,Americas,2019,105.12599999999999,0.105126
PRI,Puerto Rico,Americas,2020,103.131,0.103131
PRI,Puerto Rico,Americas,2021,106.42700000000002,0.10642700000000002
PRI,Puerto Rico,Americas,2022,113.844,0.113844
PRI,Puerto Rico,Americas,2023,118.37499999999999,0.11837499999999998
PRI,Puerto Rico,Americas,2024,125.842,0.125842
PRI,Puerto Rico,Americas,2025,126.525,0.126525
PRI,Puerto Rico,Americas,2026,129.012,0.129012
PRI,Puerto Rico,Americas,2027,133.41,0.13341
PRI,Puerto Rico,Americas,2028,137.41,0.13741
PRI,Puerto Rico,Americas,2029,141.508,0.14150800000000002
PRI,Puerto Rico,Americas,2030,145.596,0.145596
PRI,Puerto Rico,Americas,2031,149.804,0.149804
QAT,Qatar,Asia,1980,6.664999999999999,0.006664999999999999
QAT,Qatar,Asia,1981,7.374,0.0073739999999999995
QAT,Qatar,Asia,1982,6.467,0.006467
QAT,Qatar,Asia,1983,5.506,0.0055060000000000005
QAT,Qatar,Asia,1984,5.708,0.005708
QAT,Qatar,Asia,1985,5.339,0.005339
QAT,Qatar,Asia,1986,4.2139999999999995,0.004214
QAT,Qatar,Asia,1987,4.441,0.004441
QAT,Qatar,Asia,1988,4.26,0.00426
QAT,Qatar,Asia,1989,4.502,0.004502
QAT,Qatar,Asia,1990,6.266,0.006266
QAT,Qatar,Asia,1991,5.579,0.005579
QAT,Qatar,Asia,1992,6.3839999999999995,0.006383999999999999
QAT,Qatar,Asia,1993,5.803999999999999,0.005803999999999999
QAT,Qatar,Asia,1994,5.946,0.005946
QAT,Qatar,Asia,1995,6.860999999999999,0.006860999999999999
QAT,Qatar,Asia,1996,7.761,0.0077610000000000005
QAT,Qatar,Asia,1997,9.976000000000003,0.009976000000000002
QAT,Qatar,Asia,1998,8.488000000000001,0.008488
QAT,Qatar,Asia,1999,11.266,0.011266
QAT,Qatar,Asia,2000,18.084999999999997,0.018084999999999997
QAT,Qatar,Asia,2001,17.497999999999998,0.017497999999999996
QAT,Qatar,Asia,2002,19.334000000000003,0.019334000000000004
QAT,Qatar,Asia,2003,23.716,0.023716
QAT,Qatar,Asia,2004,30.651000000000003,0.030651000000000005
QAT,Qatar,Asia,2005,44.636,0.044636
QAT,Qatar,Asia,2006,58.62900000000001,0.058629000000000014
QAT,Qatar,Asia,2007,75.987,0.075987
QAT,Qatar,Asia,2008,112.621,0.112621
QAT,Qatar,Asia,2009,88.196,0.088196
QAT,Qatar,Asia,2010,119.707,0.119707
QAT,Qatar,Asia,2011,167.77499999999998,0.16777499999999998
QAT,Qatar,Asia,2012,186.834,0.186834
QAT,Qatar,Asia,2013,198.728,0.19872800000000002
QAT,Qatar,Asia,2014,206.225,0.206225
QAT,Qatar,Asia,2015,161.73999999999998,0.16173999999999997
QAT,Qatar,Asia,2016,151.732,0.151732
QAT,Qatar,Asia,2017,161.09900000000002,0.16109900000000002
QAT,Qatar,Asia,2018,183.335,0.183335
QAT,Qatar,Asia,2019,176.371,0.176371
QAT,Qatar,Asia,2020,144.411,0.144411
QAT,Qatar,Asia,2021,179.732,0.179732
QAT,Qatar,Asia,2022,235.70899999999997,0.23570899999999997
QAT,Qatar,Asia,2023,217.309,0.217309
QAT,Qatar,Asia,2024,219.16299999999998,0.21916299999999997
QAT,Qatar,Asia,2025,221.22899999999998,0.22122899999999998
QAT,Qatar,Asia,2026,217.416,0.217416
QAT,Qatar,Asia,2027,237.026,0.23702600000000001
QAT,Qatar,Asia,2028,250.997,0.250997
QAT,Qatar,Asia,2029,271.458,0.27145800000000003
QAT,Qatar,Asia,2030,288.882,0.28888200000000003
QAT,Qatar,Asia,2031,304.99799999999993,0.30499799999999994
ROU,Romania,Europe,1980,46.053000000000004,0.046053000000000004
ROU,Romania,Europe,1981,55.318999999999996,0.05531899999999999
ROU,Romania,Europe,1982,55.375,0.055375
ROU,Romania,Europe,1983,48.400999999999996,0.048401
ROU,Romania,Europe,1984,39.111000000000004,0.03911100000000001
ROU,Romania,Europe,1985,48.286,0.048286
ROU,Romania,Europe,1986,52.290000000000006,0.05229
ROU,Romania,Europe,1987,58.477000000000004,0.058477
ROU,Romania,Europe,1988,60.538000000000004,0.060538
ROU,Romania,Europe,1989,54.23600000000001,0.05423600000000001
ROU,Romania,Europe,1990,38.516000000000005,0.03851600000000001
ROU,Romania,Europe,1991,29.07,0.02907
ROU,Romania,Europe,1992,19.779,0.019779
ROU,Romania,Europe,1993,26.624,0.026624
ROU,Romania,Europe,1994,30.376,0.030376
ROU,Romania,Europe,1995,35.838,0.035838
ROU,Romania,Europe,1996,35.69200000000001,0.03569200000000001
ROU,Romania,Europe,1997,35.644000000000005,0.035644
ROU,Romania,Europe,1998,42.543000000000006,0.042543000000000004
ROU,Romania,Europe,1999,35.952999999999996,0.035953
ROU,Romania,Europe,2000,37.446999999999996,0.037446999999999994
ROU,Romania,Europe,2001,40.396,0.040396
ROU,Romania,Europe,2002,46.035000000000004,0.046035000000000006
ROU,Romania,Europe,2003,57.790000000000006,0.05779000000000001
ROU,Romania,Europe,2004,75.05899999999998,0.07505899999999999
ROU,Romania,Europe,2005,98.547,0.098547
ROU,Romania,Europe,2006,122.114,0.122114
ROU,Romania,Europe,2007,174.83100000000002,0.17483100000000001
ROU,Romania,Europe,2008,215.567,0.215567
ROU,Romania,Europe,2009,174.572,0.174572
ROU,Romania,Europe,2010,170.329,0.170329
ROU,Romania,Europe,2011,192.846,0.19284600000000002
ROU,Romania,Europe,2012,179.228,0.179228
ROU,Romania,Europe,2013,189.839,0.189839
ROU,Romania,Europe,2014,199.989,0.199989
ROU,Romania,Europe,2015,177.87800000000001,0.177878
ROU,Romania,Europe,2016,185.33700000000002,0.18533700000000003
ROU,Romania,Europe,2017,210.53,0.21053
ROU,Romania,Europe,2018,241.97299999999998,0.241973
ROU,Romania,Europe,2019,250.056,0.250056
ROU,Romania,Europe,2020,250.961,0.250961
ROU,Romania,Europe,2021,285.2749999999999,0.28527499999999995
ROU,Romania,Europe,2022,295.89099999999996,0.29589099999999996
ROU,Romania,Europe,2023,347.829,0.347829
ROU,Romania,Europe,2024,382.65,0.38265
ROU,Romania,Europe,2025,427.9409999999999,0.4279409999999999
ROU,Romania,Europe,2026,480.834,0.480834
ROU,Romania,Europe,2027,511.274,0.511274
ROU,Romania,Europe,2028,546.987,0.546987
ROU,Romania,Europe,2029,579.249,0.579249
ROU,Romania,Europe,2030,613.7980000000001,0.6137980000000001
ROU,Romania,Europe,2031,648.39,0.64839
RUS,Russia,Europe,1992,71.60299999999998,0.07160299999999999
RUS,Russia,Europe,1993,196.227,0.196227
RUS,Russia,Europe,1994,293.7679999999999,0.2937679999999999
RUS,Russia,Europe,1995,335.77699999999993,0.33577699999999994
RUS,Russia,Europe,1996,412.685,0.412685
RUS,Russia,Europe,1997,433.704,0.43370400000000003
RUS,Russia,Europe,1998,287.6720000000001,0.2876720000000001
RUS,Russia,Europe,1999,209.657,0.209657
RUS,Russia,Europe,2000,278.264,0.278264
RUS,Russia,Europe,2001,328.47499999999997,0.32847499999999996
RUS,Russia,Europe,2002,370.062,0.370062
RUS,Russia,Europe,2003,461.5179999999999,0.46151799999999993
RUS,Russia,Europe,2004,633.2940000000001,0.6332940000000001
RUS,Russia,Europe,2005,817.717,0.817717
RUS,Russia,Europe,2006,1060.901,1.060901
RUS,Russia,Europe,2007,1393.4160000000002,1.3934160000000002
RUS,Russia,Europe,2008,1779.109,1.7791089999999998
RUS,Russia,Europe,2009,1307.9270000000001,1.307927
RUS,Russia,Europe,2010,1633.1109999999999,1.633111
RUS,Russia,Europe,2011,2046.6209999999999,2.046621
RUS,Russia,Europe,2012,2191.486,2.191486
RUS,Russia,Europe,2013,2288.428,2.2884279999999997
RUS,Russia,Europe,2014,2048.8370000000004,2.0488370000000002
RUS,Russia,Europe,2015,1356.703,1.356703
RUS,Russia,Europe,2016,1280.648,1.280648
RUS,Russia,Europe,2017,1575.1399999999999,1.5751399999999998
RUS,Russia,Europe,2018,1653.005,1.653005
RUS,Russia,Europe,2019,1695.724,1.695724
RUS,Russia,Europe,2020,1488.118,1.4881179999999998
RUS,Russia,Europe,2021,1828.9270000000001,1.8289270000000002
RUS,Russia,Europe,2022,2296.41,2.29641
RUS,Russia,Europe,2023,2034.6809999999998,2.034681
RUS,Russia,Europe,2024,2185.848,2.185848
RUS,Russia,Europe,2025,2587.938,2.5879380000000003
RUS,Russia,Europe,2026,2656.452,2.6564520000000003
RUS,Russia,Europe,2027,2533.434,2.533434
RUS,Russia,Europe,2028,2551.584,2.5515839999999996
RUS,Russia,Europe,2029,2568.741,2.568741
RUS,Russia,Europe,2030,2591.506,2.591506
RUS,Russia,Europe,2031,2615.027,2.615027
RWA,Rwanda,Africa,1980,1.472,0.001472
RWA,Rwanda,Africa,1981,1.671,0.001671
RWA,Rwanda,Africa,1982,1.7829999999999997,0.0017829999999999996
RWA,Rwanda,Africa,1983,1.9039999999999995,0.0019039999999999994
RWA,Rwanda,Africa,1984,1.825,0.001825
RWA,Rwanda,Africa,1985,2.167,0.0021669999999999997
RWA,Rwanda,Africa,1986,2.4549999999999996,0.0024549999999999997
RWA,Rwanda,Africa,1987,2.726,0.002726
RWA,Rwanda,Africa,1988,2.9169999999999994,0.0029169999999999995
RWA,Rwanda,Africa,1989,3.046,0.0030459999999999997
RWA,Rwanda,Africa,1990,2.9119999999999995,0.0029119999999999997
RWA,Rwanda,Africa,1991,2.149,0.002149
RWA,Rwanda,Africa,1992,2.28,0.00228
RWA,Rwanda,Africa,1993,2.199,0.002199
RWA,Rwanda,Africa,1994,1.3979999999999997,0.0013979999999999997
RWA,Rwanda,Africa,1995,1.4489999999999998,0.0014489999999999998
RWA,Rwanda,Africa,1996,1.571,0.001571
RWA,Rwanda,Africa,1997,2.114,0.002114
RWA,Rwanda,Africa,1998,2.257,0.0022570000000000003
RWA,Rwanda,Africa,1999,2.101,0.002101
RWA,Rwanda,Africa,2000,2.02,0.00202
RWA,Rwanda,Africa,2001,1.9389999999999998,0.0019389999999999998
RWA,Rwanda,Africa,2002,1.9349999999999998,0.0019349999999999999
RWA,Rwanda,Africa,2003,2.109,0.002109
RWA,Rwanda,Africa,2004,2.3539999999999996,0.0023539999999999998
RWA,Rwanda,Africa,2005,2.903,0.002903
RWA,Rwanda,Africa,2006,3.271,0.003271
RWA,Rwanda,Africa,2007,4.016,0.004016
RWA,Rwanda,Africa,2008,5.1209999999999996,0.005121
RWA,Rwanda,Africa,2009,5.6049999999999995,0.005605
RWA,Rwanda,Africa,2010,6.052,0.006051999999999999
RWA,Rwanda,Africa,2011,6.802999999999999,0.006802999999999999
RWA,Rwanda,Africa,2012,7.5569999999999995,0.0075569999999999995
RWA,Rwanda,Africa,2013,7.7139999999999995,0.0077139999999999995
RWA,Rwanda,Africa,2014,8.129999999999999,0.008129999999999998
RWA,Rwanda,Africa,2015,8.451,0.008451
RWA,Rwanda,Africa,2016,8.597000000000001,0.008597
RWA,Rwanda,Africa,2017,9.165000000000001,0.009165000000000001
RWA,Rwanda,Africa,2018,9.651000000000002,0.009651000000000002
RWA,Rwanda,Africa,2019,10.519,0.010519
RWA,Rwanda,Africa,2020,10.488,0.010487999999999999
RWA,Rwanda,Africa,2021,11.25,0.01125
RWA,Rwanda,Africa,2022,13.743999999999998,0.013743999999999998
RWA,Rwanda,Africa,2023,14.805000000000001,0.014805000000000002
RWA,Rwanda,Africa,2024,15.111,0.015111000000000001
RWA,Rwanda,Africa,2025,15.973000000000003,0.015973
RWA,Rwanda,Africa,2026,17.336,0.017335999999999997
RWA,Rwanda,Africa,2027,18.427999999999997,0.018427999999999996
RWA,Rwanda,Africa,2028,19.531,0.019531
RWA,Rwanda,Africa,2029,20.908999999999995,0.020908999999999997
RWA,Rwanda,Africa,2030,22.663,0.022663
RWA,Rwanda,Africa,2031,24.68,0.02468
WSM,Samoa,Oceania,1980,0.127,1.27e-4
WSM,Samoa,Oceania,1981,0.11899999999999997,1.1899999999999997e-4
WSM,Samoa,Oceania,1982,0.12200000000000001,1.2200000000000001e-4
WSM,Samoa,Oceania,1983,0.113,1.1300000000000001e-4
WSM,Samoa,Oceania,1984,0.111,1.11e-4
WSM,Samoa,Oceania,1985,0.10600000000000001,1.0600000000000002e-4
WSM,Samoa,Oceania,1986,0.112,1.12e-4
WSM,Samoa,Oceania,1987,0.12400000000000001,1.24e-4
WSM,Samoa,Oceania,1988,0.138,1.3800000000000002e-4
WSM,Samoa,Oceania,1989,0.14100000000000001,1.41e-4
WSM,Samoa,Oceania,1990,0.182,1.82e-4
WSM,Samoa,Oceania,1991,0.17600000000000002,1.7600000000000002e-4
WSM,Samoa,Oceania,1992,0.193,1.93e-4
WSM,Samoa,Oceania,1993,0.198,1.9800000000000002e-4
WSM,Samoa,Oceania,1994,0.15800000000000003,1.5800000000000002e-4
WSM,Samoa,Oceania,1995,0.24200000000000002,2.4200000000000003e-4
WSM,Samoa,Oceania,1996,0.258,2.58e-4
WSM,Samoa,Oceania,1997,0.2800000000000001,2.800000000000001e-4
WSM,Samoa,Oceania,1998,0.28600000000000003,2.86e-4
WSM,Samoa,Oceania,1999,0.262,2.62e-4
WSM,Samoa,Oceania,2000,0.271,2.7100000000000003e-4
WSM,Samoa,Oceania,2001,0.273,2.73e-4
WSM,Samoa,Oceania,2002,0.28900000000000003,2.8900000000000003e-4
WSM,Samoa,Oceania,2003,0.342,3.42e-4
WSM,Samoa,Oceania,2004,0.41800000000000004,4.18e-4
WSM,Samoa,Oceania,2005,0.4860000000000001,4.860000000000001e-4
WSM,Samoa,Oceania,2006,0.516,5.16e-4
WSM,Samoa,Oceania,2007,0.568,5.679999999999999e-4
WSM,Samoa,Oceania,2008,0.6839999999999999,6.839999999999999e-4
WSM,Samoa,Oceania,2009,0.618,6.18e-4
WSM,Samoa,Oceania,2010,0.6799999999999999,6.799999999999999e-4
WSM,Samoa,Oceania,2011,0.744,7.44e-4
WSM,Samoa,Oceania,2012,0.773,7.73e-4
WSM,Samoa,Oceania,2013,0.7979999999999999,7.979999999999999e-4
WSM,Samoa,Oceania,2014,0.7969999999999999,7.97e-4
WSM,Samoa,Oceania,2015,0.824,8.24e-4
WSM,Samoa,Oceania,2016,0.8440000000000001,8.440000000000001e-4
WSM,Samoa,Oceania,2017,0.885,8.85e-4
WSM,Samoa,Oceania,2018,0.8780000000000001,8.780000000000001e-4
WSM,Samoa,Oceania,2019,0.913,9.130000000000001e-4
WSM,Samoa,Oceania,2020,0.8690000000000001,8.690000000000001e-4
WSM,Samoa,Oceania,2021,0.8600000000000001,8.600000000000001e-4
WSM,Samoa,Oceania,2022,0.89,8.900000000000001e-4
WSM,Samoa,Oceania,2023,1.0449999999999997,0.0010449999999999997
WSM,Samoa,Oceania,2024,1.1759999999999997,0.0011759999999999997
WSM,Samoa,Oceania,2025,1.288,0.001288
WSM,Samoa,Oceania,2026,1.3759999999999997,0.0013759999999999996
WSM,Samoa,Oceania,2027,1.4529999999999998,0.0014529999999999999
WSM,Samoa,Oceania,2028,1.5209999999999997,0.0015209999999999998
WSM,Samoa,Oceania,2029,1.603,0.001603
WSM,Samoa,Oceania,2030,1.6759999999999997,0.0016759999999999998
WSM,Samoa,Oceania,2031,1.75,0.00175
SMR,San Marino,Europe,2000,1.008,0.001008
SMR,San Marino,Europe,2001,1.06,0.00106
SMR,San Marino,Europe,2002,1.1479999999999997,0.0011479999999999997
SMR,San Marino,Europe,2003,1.462,0.001462
SMR,San Marino,Europe,2004,1.714,0.001714
SMR,San Marino,Europe,2005,1.788,0.001788
SMR,San Marino,Europe,2006,1.9099999999999995,0.0019099999999999994
SMR,San Marino,Europe,2007,2.189,0.002189
SMR,San Marino,Europe,2008,2.403,0.002403
SMR,San Marino,Europe,2009,2.062,0.002062
SMR,San Marino,Europe,2010,1.883,0.001883
SMR,San Marino,Europe,2011,1.8129999999999997,0.0018129999999999997
SMR,San Marino,Europe,2012,1.606,0.001606
SMR,San Marino,Europe,2013,1.6779999999999997,0.0016779999999999998
SMR,San Marino,Europe,2014,1.6739999999999997,0.0016739999999999997
SMR,San Marino,Europe,2015,1.4199999999999995,0.0014199999999999994
SMR,San Marino,Europe,2016,1.468,0.001468
SMR,San Marino,Europe,2017,1.528,0.001528
SMR,San Marino,Europe,2018,1.6559999999999997,0.0016559999999999997
SMR,San Marino,Europe,2019,1.616,0.001616
SMR,San Marino,Europe,2020,1.5429999999999997,0.0015429999999999997
SMR,San Marino,Europe,2021,1.857,0.001857
SMR,San Marino,Europe,2022,1.833,0.001833
SMR,San Marino,Europe,2023,2.028,0.002028
SMR,San Marino,Europe,2024,2.086,0.0020859999999999997
SMR,San Marino,Europe,2025,2.251,0.002251
SMR,San Marino,Europe,2026,2.4169999999999994,0.0024169999999999994
SMR,San Marino,Europe,2027,2.487,0.002487
SMR,San Marino,Europe,2028,2.5719999999999996,0.0025719999999999996
SMR,San Marino,Europe,2029,2.654,0.002654
SMR,San Marino,Europe,2030,2.74,0.0027400000000000002
SMR,San Marino,Europe,2031,2.8289999999999997,0.002829
SAU,Saudi Arabia,Asia,1980,164.54,0.16454
SAU,Saudi Arabia,Asia,1981,184.292,0.184292
SAU,Saudi Arabia,Asia,1982,153.23999999999998,0.15324
SAU,Saudi Arabia,Asia,1983,129.181,0.12918100000000002
SAU,Saudi Arabia,Asia,1984,119.631,0.119631
SAU,Saudi Arabia,Asia,1985,103.89400000000002,0.10389400000000001
SAU,Saudi Arabia,Asia,1986,86.88599999999998,0.08688599999999998
SAU,Saudi Arabia,Asia,1987,85.582,0.08558199999999999
SAU,Saudi Arabia,Asia,1988,88.13799999999999,0.088138
SAU,Saudi Arabia,Asia,1989,95.21700000000001,0.09521700000000001
SAU,Saudi Arabia,Asia,1990,117.474,0.11747400000000001
SAU,Saudi Arabia,Asia,1991,132.047,0.132047
SAU,Saudi Arabia,Asia,1992,136.905,0.136905
SAU,Saudi Arabia,Asia,1993,132.79,0.13279
SAU,Saudi Arabia,Asia,1994,134.995,0.134995
SAU,Saudi Arabia,Asia,1995,143.15200000000002,0.143152
SAU,Saudi Arabia,Asia,1996,158.45100000000002,0.158451
SAU,Saudi Arabia,Asia,1997,165.742,0.165742
SAU,Saudi Arabia,Asia,1998,146.77599999999998,0.146776
SAU,Saudi Arabia,Asia,1999,161.71699999999998,0.16171699999999997
SAU,Saudi Arabia,Asia,2000,189.515,0.189515
SAU,Saudi Arabia,Asia,2001,184.138,0.184138
SAU,Saudi Arabia,Asia,2002,189.606,0.189606
SAU,Saudi Arabia,Asia,2003,215.80800000000002,0.21580800000000003
SAU,Saudi Arabia,Asia,2004,258.742,0.258742
SAU,Saudi Arabia,Asia,2005,328.2049999999999,0.3282049999999999
SAU,Saudi Arabia,Asia,2006,376.39799999999997,0.37639799999999995
SAU,Saudi Arabia,Asia,2007,415.687,0.41568700000000003
SAU,Saudi Arabia,Asia,2008,519.797,0.5197970000000001
SAU,Saudi Arabia,Asia,2009,429.09799999999996,0.429098
SAU,Saudi Arabia,Asia,2010,528.207,0.528207
SAU,Saudi Arabia,Asia,2011,680.6609999999998,0.6806609999999998
SAU,Saudi Arabia,Asia,2012,751.9209999999999,0.751921
SAU,Saudi Arabia,Asia,2013,769.755,0.769755
SAU,Saudi Arabia,Asia,2014,787.153,0.787153
SAU,Saudi Arabia,Asia,2015,693.415,0.693415
SAU,Saudi Arabia,Asia,2016,689.2790000000001,0.6892790000000001
SAU,Saudi Arabia,Asia,2017,741.266,0.741266
SAU,Saudi Arabia,Asia,2018,886.564,0.886564
SAU,Saudi Arabia,Asia,2019,888.888,0.888888
SAU,Saudi Arabia,Asia,2020,767.303,0.767303
SAU,Saudi Arabia,Asia,2021,982.6609999999998,0.9826609999999998
SAU,Saudi Arabia,Asia,2022,1239.075,1.2390750000000001
SAU,Saudi Arabia,Asia,2023,1218.585,1.218585
SAU,Saudi Arabia,Asia,2024,1254.1409999999998,1.254141
SAU,Saudi Arabia,Asia,2025,1276.943,1.276943
SAU,Saudi Arabia,Asia,2026,1388.676,1.388676
SAU,Saudi Arabia,Asia,2027,1432.348,1.432348
SAU,Saudi Arabia,Asia,2028,1498.027,1.498027
SAU,Saudi Arabia,Asia,2029,1572.125,1.572125
SAU,Saudi Arabia,Asia,2030,1649.507,1.649507
SAU,Saudi Arabia,Asia,2031,1730.075,1.730075
SEN,Senegal,Africa,1980,4.338,0.004338
SEN,Senegal,Africa,1981,3.9339999999999997,0.003934
SEN,Senegal,Africa,1982,3.8499999999999996,0.0038499999999999997
SEN,Senegal,Africa,1983,3.4349999999999996,0.0034349999999999997
SEN,Senegal,Africa,1984,3.3499999999999996,0.0033499999999999997
SEN,Senegal,Africa,1985,3.668,0.0036680000000000003
SEN,Senegal,Africa,1986,5.187999999999999,0.005187999999999999
SEN,Senegal,Africa,1987,6.241,0.006241
SEN,Senegal,Africa,1988,6.173,0.006173
SEN,Senegal,Africa,1989,6.083,0.006083
SEN,Senegal,Africa,1990,7.078,0.007078
SEN,Senegal,Africa,1991,6.955,0.006955
SEN,Senegal,Africa,1992,7.435,0.007435
SEN,Senegal,Africa,1993,7.013999999999999,0.007013999999999999
SEN,Senegal,Africa,1994,4.746,0.004746
SEN,Senegal,Africa,1995,6.025999999999999,0.006025999999999999
SEN,Senegal,Africa,1996,6.3,0.0063
SEN,Senegal,Africa,1997,5.866999999999999,0.005866999999999999
SEN,Senegal,Africa,1998,6.416,0.006416000000000001
SEN,Senegal,Africa,1999,6.599,0.006599
SEN,Senegal,Africa,2000,6.016,0.006016
SEN,Senegal,Africa,2001,6.508,0.006508
SEN,Senegal,Africa,2002,7.001,0.007001
SEN,Senegal,Africa,2003,8.767000000000001,0.008767
SEN,Senegal,Africa,2004,10.072000000000001,0.010072000000000001
SEN,Senegal,Africa,2005,11.015000000000002,0.011015000000000002
SEN,Senegal,Africa,2006,11.699,0.011699
SEN,Senegal,Africa,2007,13.996,0.013996
SEN,Senegal,Africa,2008,16.852,0.016852
SEN,Senegal,Africa,2009,16.128,0.016128
SEN,Senegal,Africa,2010,16.134000000000004,0.016134000000000003
SEN,Senegal,Africa,2011,17.811000000000003,0.017811000000000004
SEN,Senegal,Africa,2012,17.672,0.017672
SEN,Senegal,Africa,2013,18.919,0.018919000000000002
SEN,Senegal,Africa,2014,19.802,0.019802
SEN,Senegal,Africa,2015,17.777,0.017777
SEN,Senegal,Africa,2016,19.035,0.019035
SEN,Senegal,Africa,2017,20.988999999999997,0.020988999999999997
SEN,Senegal,Africa,2018,23.127,0.023126999999999998
SEN,Senegal,Africa,2019,23.404999999999998,0.023405
SEN,Senegal,Africa,2020,24.565999999999995,0.024565999999999994
SEN,Senegal,Africa,2021,27.535,0.027535
SEN,Senegal,Africa,2022,27.843,0.027843
SEN,Senegal,Africa,2023,30.701,0.030701
SEN,Senegal,Africa,2024,32.829,0.032829000000000004
SEN,Senegal,Africa,2025,37.116,0.037115999999999996
SEN,Senegal,Africa,2026,40.469,0.040469
SEN,Senegal,Africa,2027,42.165000000000006,0.04216500000000001
SEN,Senegal,Africa,2028,44.186,0.044186
SEN,Senegal,Africa,2029,46.352,0.046352
SEN,Senegal,Africa,2030,49.312,0.049311999999999995
SEN,Senegal,Africa,2031,52.61000000000001,0.052610000000000004
SRB,Serbia,Europe,1997,24.994999999999997,0.024994999999999996
SRB,Serbia,Europe,1998,20.001,0.020001
SRB,Serbia,Europe,1999,12.893000000000002,0.012893000000000002
SRB,Serbia,Europe,2000,10.431000000000001,0.010431000000000001
SRB,Serbia,Europe,2001,13.65,0.01365
SRB,Serbia,Europe,2002,17.997,0.017997
SRB,Serbia,Europe,2003,23.627,0.023627
SRB,Serbia,Europe,2004,26.718,0.026718
SRB,Serbia,Europe,2005,28.143,0.028143
SRB,Serbia,Europe,2006,33.42100000000001,0.033421000000000006
SRB,Serbia,Europe,2007,45.121,0.045121
SRB,Serbia,Europe,2008,54.117000000000004,0.054117000000000005
SRB,Serbia,Europe,2009,46.949000000000005,0.046949000000000005
SRB,Serbia,Europe,2010,43.067,0.043067
SRB,Serbia,Europe,2011,51.274,0.051274
SRB,Serbia,Europe,2012,45.111000000000004,0.045111000000000005
SRB,Serbia,Europe,2013,50.455999999999996,0.050455999999999994
SRB,Serbia,Europe,2014,49.114000000000004,0.049114000000000005
SRB,Serbia,Europe,2015,41.29700000000001,0.041297000000000014
SRB,Serbia,Europe,2016,42.22500000000001,0.042225000000000006
SRB,Serbia,Europe,2017,45.973000000000006,0.04597300000000001
SRB,Serbia,Europe,2018,52.788000000000004,0.052788
SRB,Serbia,Europe,2019,53.865,0.053865
SRB,Serbia,Europe,2020,55.873999999999995,0.05587399999999999
SRB,Serbia,Europe,2021,65.83,0.06583
SRB,Serbia,Europe,2022,66.81,0.06681000000000001
SRB,Serbia,Europe,2023,81.344,0.081344
SRB,Serbia,Europe,2024,90.088,0.09008799999999999
SRB,Serbia,Europe,2025,99.953,0.099953
SRB,Serbia,Europe,2026,112.025,0.112025
SRB,Serbia,Europe,2027,122.018,0.122018
SRB,Serbia,Europe,2028,130.083,0.130083
SRB,Serbia,Europe,2029,138.74499999999998,0.13874499999999998
SRB,Serbia,Europe,2030,148.05,0.14805000000000001
SRB,Serbia,Europe,2031,157.999,0.157999
SYC,Seychelles,Africa,1980,0.14700000000000002,1.4700000000000002e-4
SYC,Seychelles,Africa,1981,0.15400000000000003,1.5400000000000003e-4
SYC,Seychelles,Africa,1982,0.14800000000000002,1.4800000000000002e-4
SYC,Seychelles,Africa,1983,0.14700000000000002,1.4700000000000002e-4
SYC,Seychelles,Africa,1984,0.15100000000000002,1.51e-4
SYC,Seychelles,Africa,1985,0.169,1.6900000000000002e-4
SYC,Seychelles,Africa,1986,0.20800000000000002,2.0800000000000001e-4
SYC,Seychelles,Africa,1987,0.24900000000000003,2.4900000000000004e-4
SYC,Seychelles,Africa,1988,0.28400000000000003,2.84e-4
SYC,Seychelles,Africa,1989,0.30500000000000005,3.0500000000000004e-4
SYC,Seychelles,Africa,1990,0.36900000000000005,3.69e-4
SYC,Seychelles,Africa,1991,0.374,3.74e-4
SYC,Seychelles,Africa,1992,0.43400000000000005,4.3400000000000003e-4
SYC,Seychelles,Africa,1993,0.47400000000000003,4.7400000000000003e-4
SYC,Seychelles,Africa,1994,0.4860000000000001,4.860000000000001e-4
SYC,Seychelles,Africa,1995,0.508,5.08e-4
SYC,Seychelles,Africa,1996,0.503,5.03e-4
SYC,Seychelles,Africa,1997,0.563,5.629999999999999e-4
SYC,Seychelles,Africa,1998,0.608,6.08e-4
SYC,Seychelles,Africa,1999,0.623,6.23e-4
SYC,Seychelles,Africa,2000,0.615,6.15e-4
SYC,Seychelles,Africa,2001,0.622,6.22e-4
SYC,Seychelles,Africa,2002,0.6979999999999998,6.979999999999998e-4
SYC,Seychelles,Africa,2003,0.706,7.059999999999999e-4
SYC,Seychelles,Africa,2004,0.8390000000000001,8.390000000000001e-4
SYC,Seychelles,Africa,2005,0.919,9.19e-4
SYC,Seychelles,Africa,2006,1.016,0.001016
SYC,Seychelles,Africa,2007,1.034,0.001034
SYC,Seychelles,Africa,2008,0.998,9.98e-4
SYC,Seychelles,Africa,2009,0.8470000000000001,8.470000000000001e-4
SYC,Seychelles,Africa,2010,0.97,9.699999999999999e-4
SYC,Seychelles,Africa,2011,1.018,0.001018
SYC,Seychelles,Africa,2012,1.06,0.00106
SYC,Seychelles,Africa,2013,1.328,0.001328
SYC,Seychelles,Africa,2014,1.3879999999999997,0.0013879999999999997
SYC,Seychelles,Africa,2015,1.4319999999999995,0.0014319999999999995
SYC,Seychelles,Africa,2016,1.568,0.0015680000000000002
SYC,Seychelles,Africa,2017,1.675,0.001675
SYC,Seychelles,Africa,2018,1.776,0.001776
SYC,Seychelles,Africa,2019,1.867,0.001867
SYC,Seychelles,Africa,2020,1.3839999999999997,0.0013839999999999996
SYC,Seychelles,Africa,2021,1.49,0.00149
SYC,Seychelles,Africa,2022,2,0.002
SYC,Seychelles,Africa,2023,2.1719999999999997,0.002172
SYC,Seychelles,Africa,2024,2.229,0.002229
SYC,Seychelles,Africa,2025,2.3179999999999996,0.0023179999999999997
SYC,Seychelles,Africa,2026,2.251,0.002251
SYC,Seychelles,Africa,2027,2.449,0.002449
SYC,Seychelles,Africa,2028,2.5329999999999995,0.0025329999999999997
SYC,Seychelles,Africa,2029,2.621,0.002621
SYC,Seychelles,Africa,2030,2.711,0.002711
SYC,Seychelles,Africa,2031,2.8179999999999996,0.0028179999999999998
SLE,Sierra Leone,Africa,1980,2.708,0.0027080000000000003
SLE,Sierra Leone,Africa,1981,2.903,0.002903
SLE,Sierra Leone,Africa,1982,3.2640000000000002,0.0032640000000000004
SLE,Sierra Leone,Africa,1983,2.8379999999999996,0.002838
SLE,Sierra Leone,Africa,1984,3.283,0.003283
SLE,Sierra Leone,Africa,1985,2.794,0.002794
SLE,Sierra Leone,Africa,1986,2.0919999999999996,0.0020919999999999997
SLE,Sierra Leone,Africa,1987,1.823,0.001823
SLE,Sierra Leone,Africa,1988,2.988,0.002988
SLE,Sierra Leone,Africa,1989,2.745,0.002745
SLE,Sierra Leone,Africa,1990,1.5089999999999997,0.0015089999999999997
SLE,Sierra Leone,Africa,1991,1.812,0.001812
SLE,Sierra Leone,Africa,1992,1.58,0.00158
SLE,Sierra Leone,Africa,1993,1.786,0.001786
SLE,Sierra Leone,Africa,1994,2.118,0.002118
SLE,Sierra Leone,Africa,1995,2.026,0.0020259999999999996
SLE,Sierra Leone,Africa,1996,2.188,0.0021880000000000003
SLE,Sierra Leone,Africa,1997,1.974,0.001974
SLE,Sierra Leone,Africa,1998,1.562,0.001562
SLE,Sierra Leone,Africa,1999,1.5549999999999997,0.0015549999999999997
SLE,Sierra Leone,Africa,2000,1.498,0.001498
SLE,Sierra Leone,Africa,2001,1.726,0.0017259999999999999
SLE,Sierra Leone,Africa,2002,1.99,0.00199
SLE,Sierra Leone,Africa,2003,2.218,0.002218
SLE,Sierra Leone,Africa,2004,2.3389999999999995,0.0023389999999999995
SLE,Sierra Leone,Africa,2005,2.738,0.002738
SLE,Sierra Leone,Africa,2006,3.144,0.003144
SLE,Sierra Leone,Africa,2007,3.4509999999999996,0.0034509999999999996
SLE,Sierra Leone,Africa,2008,3.9259999999999997,0.003926
SLE,Sierra Leone,Africa,2009,3.795,0.0037949999999999998
SLE,Sierra Leone,Africa,2010,4.1739999999999995,0.004174
SLE,Sierra Leone,Africa,2011,4.799,0.004799
SLE,Sierra Leone,Africa,2012,5.746,0.005746
SLE,Sierra Leone,Africa,2013,6.736,0.006736
SLE,Sierra Leone,Africa,2014,6.520999999999999,0.006520999999999999
SLE,Sierra Leone,Africa,2015,6.75,0.00675
SLE,Sierra Leone,Africa,2016,6.038,0.006038
SLE,Sierra Leone,Africa,2017,5.8229999999999995,0.005822999999999999
SLE,Sierra Leone,Africa,2018,6.39,0.00639
SLE,Sierra Leone,Africa,2019,6.519,0.0065190000000000005
SLE,Sierra Leone,Africa,2020,6.6819999999999995,0.006682
SLE,Sierra Leone,Africa,2021,7.1659999999999995,0.007166
SLE,Sierra Leone,Africa,2022,7.1209999999999996,0.007121
SLE,Sierra Leone,Africa,2023,6.401,0.006401
SLE,Sierra Leone,Africa,2024,6.97,0.00697
SLE,Sierra Leone,Africa,2025,7.71,0.00771
SLE,Sierra Leone,Africa,2026,8.270000000000001,0.008270000000000001
SLE,Sierra Leone,Africa,2027,8.651000000000002,0.008651000000000002
SLE,Sierra Leone,Africa,2028,9.040000000000001,0.009040000000000001
SLE,Sierra Leone,Africa,2029,9.486,0.009486000000000001
SLE,Sierra Leone,Africa,2030,9.955000000000002,0.009955000000000002
SLE,Sierra Leone,Africa,2031,10.423,0.010423
SGP,Singapore,Asia,1980,12.082000000000003,0.012082000000000002
SGP,Singapore,Asia,1981,14.367000000000003,0.014367000000000003
SGP,Singapore,Asia,1982,15.879000000000001,0.015879
SGP,Singapore,Asia,1983,18.011,0.018011
SGP,Singapore,Asia,1984,19.562999999999995,0.019562999999999994
SGP,Singapore,Asia,1985,18.573,0.018573
SGP,Singapore,Asia,1986,18.779999999999998,0.018779999999999998
SGP,Singapore,Asia,1987,21.629,0.021629000000000002
SGP,Singapore,Asia,1988,26.550999999999995,0.026550999999999995
SGP,Singapore,Asia,1989,31.436,0.031436
SGP,Singapore,Asia,1990,38.892,0.038892
SGP,Singapore,Asia,1991,45.465,0.045465000000000005
SGP,Singapore,Asia,1992,52.131,0.052131
SGP,Singapore,Asia,1993,60.604000000000006,0.060604000000000005
SGP,Singapore,Asia,1994,73.68899999999998,0.07368899999999998
SGP,Singapore,Asia,1995,87.813,0.087813
SGP,Singapore,Asia,1996,96.293,0.096293
SGP,Singapore,Asia,1997,100.124,0.10012399999999999
SGP,Singapore,Asia,1998,85.728,0.085728
SGP,Singapore,Asia,1999,86.287,0.086287
SGP,Singapore,Asia,2000,96.077,0.096077
SGP,Singapore,Asia,2001,89.794,0.089794
SGP,Singapore,Asia,2002,92.538,0.092538
SGP,Singapore,Asia,2003,97.646,0.097646
SGP,Singapore,Asia,2004,115.03400000000002,0.11503400000000003
SGP,Singapore,Asia,2005,127.808,0.127808
SGP,Singapore,Asia,2006,148.627,0.148627
SGP,Singapore,Asia,2007,180.942,0.18094200000000002
SGP,Singapore,Asia,2008,193.617,0.19361699999999998
SGP,Singapore,Asia,2009,194.15,0.19415000000000002
SGP,Singapore,Asia,2010,239.80800000000002,0.23980800000000002
SGP,Singapore,Asia,2011,279.3570000000001,0.2793570000000001
SGP,Singapore,Asia,2012,295.09299999999996,0.29509299999999994
SGP,Singapore,Asia,2013,307.57599999999996,0.30757599999999996
SGP,Singapore,Asia,2014,314.8639999999999,0.3148639999999999
SGP,Singapore,Asia,2015,307.99899999999997,0.30799899999999997
SGP,Singapore,Asia,2016,320.759,0.320759
SGP,Singapore,Asia,2017,344.79499999999996,0.34479499999999996
SGP,Singapore,Asia,2018,377.97599999999994,0.3779759999999999
SGP,Singapore,Asia,2019,376.827,0.376827
SGP,Singapore,Asia,2020,351.22699999999986,0.35122699999999984
SGP,Singapore,Asia,2021,441.111,0.441111
SGP,Singapore,Asia,2022,514.253,0.5142530000000001
SGP,Singapore,Asia,2023,511.182,0.511182
SGP,Singapore,Asia,2024,572.8769999999998,0.5728769999999999
SGP,Singapore,Asia,2025,603.87,0.60387
SGP,Singapore,Asia,2026,659.572,0.659572
SGP,Singapore,Asia,2027,691.3689999999999,0.6913689999999999
SGP,Singapore,Asia,2028,722.229,0.722229
SGP,Singapore,Asia,2029,754.191,0.7541910000000001
SGP,Singapore,Asia,2030,787.73,0.78773
SGP,Singapore,Asia,2031,822.6740000000001,0.8226740000000001
SVK,Slovakia,Europe,1993,13.906000000000002,0.013906000000000002
SVK,Slovakia,Europe,1994,16.045999999999996,0.016045999999999994
SVK,Slovakia,Europe,1995,20.297,0.020297
SVK,Slovakia,Europe,1996,21.871,0.021870999999999998
SVK,Slovakia,Europe,1997,22.037,0.022036999999999998
SVK,Slovakia,Europe,1998,22.917000000000005,0.022917000000000007
SVK,Slovakia,Europe,1999,20.89,0.02089
SVK,Slovakia,Europe,2000,20.711,0.020711
SVK,Slovakia,Europe,2001,21.384,0.021384
SVK,Slovakia,Europe,2002,24.849,0.024849
SVK,Slovakia,Europe,2003,33.864000000000004,0.033864000000000005
SVK,Slovakia,Europe,2004,43.023,0.043023000000000006
SVK,Slovakia,Europe,2005,48.912,0.048912
SVK,Slovakia,Europe,2006,57.480000000000004,0.05748
SVK,Slovakia,Europe,2007,77.26,0.07726000000000001
SVK,Slovakia,Europe,2008,97.12199999999999,0.09712199999999999
SVK,Slovakia,Europe,2009,89.246,0.08924599999999999
SVK,Slovakia,Europe,2010,91.187,0.091187
SVK,Slovakia,Europe,2011,99.68799999999999,0.09968799999999998
SVK,Slovakia,Europe,2012,94.784,0.09478400000000001
SVK,Slovakia,Europe,2013,99.13599999999998,0.09913599999999999
SVK,Slovakia,Europe,2014,101.739,0.10173900000000001
SVK,Slovakia,Europe,2015,89.18799999999999,0.08918799999999999
SVK,Slovakia,Europe,2016,90.32199999999999,0.09032199999999999
SVK,Slovakia,Europe,2017,95.94400000000002,0.09594400000000002
SVK,Slovakia,Europe,2018,106.66,0.10665999999999999
SVK,Slovakia,Europe,2019,105.85499999999999,0.10585499999999999
SVK,Slovakia,Europe,2020,107.646,0.107646
SVK,Slovakia,Europe,2021,120.591,0.12059099999999999
SVK,Slovakia,Europe,2022,115.884,0.115884
SVK,Slovakia,Europe,2023,133.617,0.13361699999999999
SVK,Slovakia,Europe,2024,140.89200000000002,0.14089200000000002
SVK,Slovakia,Europe,2025,154.442,0.154442
SVK,Slovakia,Europe,2026,168.89700000000002,0.16889700000000002
SVK,Slovakia,Europe,2027,177.004,0.177004
SVK,Slovakia,Europe,2028,186.38400000000001,0.18638400000000002
SVK,Slovakia,Europe,2029,195.39200000000002,0.19539200000000004
SVK,Slovakia,Europe,2030,203.719,0.20371899999999998
SVK,Slovakia,Europe,2031,211.484,0.211484
SVN,Slovenia,Europe,1992,19.284999999999997,0.019284999999999997
SVN,Slovenia,Europe,1993,16.638000000000005,0.016638000000000007
SVN,Slovenia,Europe,1994,16.857,0.016857
SVN,Slovenia,Europe,1995,21.399,0.021399
SVN,Slovenia,Europe,1996,21.479999999999997,0.021479999999999996
SVN,Slovenia,Europe,1997,20.76899999999999,0.020768999999999992
SVN,Slovenia,Europe,1998,22.079999999999995,0.022079999999999995
SVN,Slovenia,Europe,1999,22.668,0.022668
SVN,Slovenia,Europe,2000,20.261999999999997,0.020261999999999995
SVN,Slovenia,Europe,2001,20.693,0.020693000000000003
SVN,Slovenia,Europe,2002,23.263,0.023263000000000002
SVN,Slovenia,Europe,2003,29.399,0.029399
SVN,Slovenia,Europe,2004,34.190000000000005,0.034190000000000005
SVN,Slovenia,Europe,2005,36.002,0.036002
SVN,Slovenia,Europe,2006,39.29300000000001,0.039293000000000015
SVN,Slovenia,Europe,2007,47.885999999999996,0.047886
SVN,Slovenia,Europe,2008,55.503,0.055503
SVN,Slovenia,Europe,2009,49.92100000000001,0.04992100000000001
SVN,Slovenia,Europe,2010,47.832,0.047832
SVN,Slovenia,Europe,2011,51.190000000000005,0.051190000000000006
SVN,Slovenia,Europe,2012,46.19600000000001,0.046196000000000015
SVN,Slovenia,Europe,2013,47.868,0.047868
SVN,Slovenia,Europe,2014,49.527,0.049527
SVN,Slovenia,Europe,2015,42.714000000000006,0.04271400000000001
SVN,Slovenia,Europe,2016,44.279,0.044279000000000006
SVN,Slovenia,Europe,2017,48.136,0.048136000000000005
SVN,Slovenia,Europe,2018,53.713,0.053713000000000004
SVN,Slovenia,Europe,2019,53.916000000000004,0.053916000000000006
SVN,Slovenia,Europe,2020,53.342,0.053342
SVN,Slovenia,Europe,2021,61.582,0.061582
SVN,Slovenia,Europe,2022,59.946000000000005,0.059946000000000006
SVN,Slovenia,Europe,2023,69.27499999999999,0.06927499999999999
SVN,Slovenia,Europe,2024,72.95,0.07295
SVN,Slovenia,Europe,2025,79.60299999999998,0.07960299999999998
SVN,Slovenia,Europe,2026,86.73200000000001,0.08673200000000002
SVN,Slovenia,Europe,2027,90.17999999999999,0.09018
SVN,Slovenia,Europe,2028,94.09,0.09409000000000001
SVN,Slovenia,Europe,2029,98.207,0.09820699999999999
SVN,Slovenia,Europe,2030,102.46700000000001,0.10246700000000002
SVN,Slovenia,Europe,2031,106.842,0.10684199999999999
SLB,Solomon Islands,Oceania,1980,0.21700000000000003,2.1700000000000002e-4
SLB,Solomon Islands,Oceania,1981,0.23,2.3e-4
SLB,Solomon Islands,Oceania,1982,0.229,2.29e-4
SLB,Solomon Islands,Oceania,1983,0.21500000000000002,2.1500000000000002e-4
SLB,Solomon Islands,Oceania,1984,0.21500000000000002,2.1500000000000002e-4
SLB,Solomon Islands,Oceania,1985,0.196,1.9600000000000002e-4
SLB,Solomon Islands,Oceania,1986,0.17500000000000002,1.7500000000000003e-4
SLB,Solomon Islands,Oceania,1987,0.184,1.84e-4
SLB,Solomon Islands,Oceania,1988,0.20900000000000002,2.09e-4
SLB,Solomon Islands,Oceania,1989,0.20500000000000002,2.0500000000000002e-4
SLB,Solomon Islands,Oceania,1990,0.255,2.55e-4
SLB,Solomon Islands,Oceania,1991,0.27,2.7e-4
SLB,Solomon Islands,Oceania,1992,0.319,3.19e-4
SLB,Solomon Islands,Oceania,1993,0.356,3.56e-4
SLB,Solomon Islands,Oceania,1994,0.47700000000000004,4.7700000000000005e-4
SLB,Solomon Islands,Oceania,1995,0.556,5.560000000000001e-4
SLB,Solomon Islands,Oceania,1996,0.605,6.05e-4
SLB,Solomon Islands,Oceania,1997,0.624,6.24e-4
SLB,Solomon Islands,Oceania,1998,0.542,5.420000000000001e-4
SLB,Solomon Islands,Oceania,1999,0.5780000000000001,5.780000000000001e-4
SLB,Solomon Islands,Oceania,2000,0.497,4.97e-4
SLB,Solomon Islands,Oceania,2001,0.4850000000000001,4.850000000000001e-4
SLB,Solomon Islands,Oceania,2002,0.41000000000000003,4.1000000000000005e-4
SLB,Solomon Islands,Oceania,2003,0.41800000000000004,4.18e-4
SLB,Solomon Islands,Oceania,2004,0.4680000000000001,4.680000000000001e-4
SLB,Solomon Islands,Oceania,2005,0.553,5.53e-4
SLB,Solomon Islands,Oceania,2006,0.617,6.17e-4
SLB,Solomon Islands,Oceania,2007,0.6949999999999998,6.949999999999999e-4
SLB,Solomon Islands,Oceania,2008,0.776,7.76e-4
SLB,Solomon Islands,Oceania,2009,0.806,8.060000000000001e-4
SLB,Solomon Islands,Oceania,2010,0.898,8.98e-4
SLB,Solomon Islands,Oceania,2011,1.064,0.001064
SLB,Solomon Islands,Oceania,2012,1.185,0.001185
SLB,Solomon Islands,Oceania,2013,1.286,0.001286
SLB,Solomon Islands,Oceania,2014,1.336,0.0013360000000000002
SLB,Solomon Islands,Oceania,2015,1.308,0.0013080000000000001
SLB,Solomon Islands,Oceania,2016,1.379,0.001379
SLB,Solomon Islands,Oceania,2017,1.47,0.00147
SLB,Solomon Islands,Oceania,2018,1.615,0.001615
SLB,Solomon Islands,Oceania,2019,1.619,0.001619
SLB,Solomon Islands,Oceania,2020,1.536,0.001536
SLB,Solomon Islands,Oceania,2021,1.558,0.0015580000000000001
SLB,Solomon Islands,Oceania,2022,1.4669999999999999,0.0014669999999999998
SLB,Solomon Islands,Oceania,2023,1.506,0.001506
SLB,Solomon Islands,Oceania,2024,1.584,0.0015840000000000001
SLB,Solomon Islands,Oceania,2025,1.704,0.001704
SLB,Solomon Islands,Oceania,2026,1.836,0.0018360000000000002
SLB,Solomon Islands,Oceania,2027,1.9489999999999998,0.0019489999999999998
SLB,Solomon Islands,Oceania,2028,2.0759999999999996,0.0020759999999999997
SLB,Solomon Islands,Oceania,2029,2.2119999999999997,0.0022119999999999996
SLB,Solomon Islands,Oceania,2030,2.3599999999999994,0.0023599999999999993
SLB,Solomon Islands,Oceania,2031,2.509,0.002509
SOM,Somalia,Africa,2011,5.021999999999999,0.0050219999999999996
SOM,Somalia,Africa,2012,5.182999999999999,0.005182999999999999
SOM,Somalia,Africa,2013,5.868999999999999,0.005868999999999999
SOM,Somalia,Africa,2014,6.443,0.006443
SOM,Somalia,Africa,2015,6.841,0.006841
SOM,Somalia,Africa,2016,7.391,0.007391
SOM,Somalia,Africa,2017,8.252,0.008252
SOM,Somalia,Africa,2018,7.873,0.007873
SOM,Somalia,Africa,2019,8.655000000000001,0.008655000000000001
SOM,Somalia,Africa,2020,8.627999999999998,0.008627999999999999
SOM,Somalia,Africa,2021,9.484,0.009484
SOM,Somalia,Africa,2022,10.203000000000001,0.010203000000000002
SOM,Somalia,Africa,2023,10.969000000000001,0.010969000000000001
SOM,Somalia,Africa,2024,12.161,0.012161
SOM,Somalia,Africa,2025,12.956000000000001,0.012956
SOM,Somalia,Africa,2026,14.174000000000001,0.014174
SOM,Somalia,Africa,2027,15.539,0.015538999999999999
SOM,Somalia,Africa,2028,16.875,0.016875
SOM,Somalia,Africa,2029,18.341,0.018341
SOM,Somalia,Africa,2030,19.851,0.019851
SOM,Somalia,Africa,2031,21.991,0.021991
ZAF,South Africa,Africa,1980,89.412,0.089412
ZAF,South Africa,Africa,1981,93.14999999999999,0.09315
ZAF,South Africa,Africa,1982,85.897,0.085897
ZAF,South Africa,Africa,1983,96.20500000000001,0.09620500000000001
ZAF,South Africa,Africa,1984,84.838,0.084838
ZAF,South Africa,Africa,1985,64.481,0.064481
ZAF,South Africa,Africa,1986,73.399,0.073399
ZAF,South Africa,Africa,1987,96.533,0.09653300000000001
ZAF,South Africa,Africa,1988,104.01000000000002,0.10401000000000002
ZAF,South Africa,Africa,1989,108.07,0.10807
ZAF,South Africa,Africa,1990,126.027,0.126027
ZAF,South Africa,Africa,1991,135.227,0.13522700000000001
ZAF,South Africa,Africa,1992,146.97,0.14697
ZAF,South Africa,Africa,1993,147.236,0.14723599999999998
ZAF,South Africa,Africa,1994,153.56900000000002,0.153569
ZAF,South Africa,Africa,1995,171.736,0.171736
ZAF,South Africa,Africa,1996,163.34,0.16334
ZAF,South Africa,Africa,1997,169.004,0.169004
ZAF,South Africa,Africa,1998,152.88500000000002,0.15288500000000002
ZAF,South Africa,Africa,1999,151.42600000000002,0.151426
ZAF,South Africa,Africa,2000,151.85500000000002,0.15185500000000002
ZAF,South Africa,Africa,2001,135.52700000000002,0.135527
ZAF,South Africa,Africa,2002,129.38500000000002,0.12938500000000003
ZAF,South Africa,Africa,2003,197.017,0.197017
ZAF,South Africa,Africa,2004,256.188,0.25618799999999997
ZAF,South Africa,Africa,2005,288.749,0.28874900000000003
ZAF,South Africa,Africa,2006,304.055,0.304055
ZAF,South Africa,Africa,2007,332.65,0.33265
ZAF,South Africa,Africa,2008,316.49099999999993,0.3164909999999999
ZAF,South Africa,Africa,2009,331.1840000000001,0.3311840000000001
ZAF,South Africa,Africa,2010,417.315,0.417315
ZAF,South Africa,Africa,2011,458.708,0.458708
ZAF,South Africa,Africa,2012,434.3999999999999,0.4343999999999999
ZAF,South Africa,Africa,2013,400.877,0.400877
ZAF,South Africa,Africa,2014,381.195,0.381195
ZAF,South Africa,Africa,2015,346.663,0.346663
ZAF,South Africa,Africa,2016,323.49299999999994,0.3234929999999999
ZAF,South Africa,Africa,2017,381.317,0.381317
ZAF,South Africa,Africa,2018,405.09299999999996,0.405093
ZAF,South Africa,Africa,2019,389.245,0.389245
ZAF,South Africa,Africa,2020,337.8759999999999,0.3378759999999999
ZAF,South Africa,Africa,2021,419.878,0.419878
ZAF,South Africa,Africa,2022,407.42999999999995,0.40742999999999996
ZAF,South Africa,Africa,2023,381.334,0.381334
ZAF,South Africa,Africa,2024,401.07599999999996,0.401076
ZAF,South Africa,Africa,2025,427.141,0.427141
ZAF,South Africa,Africa,2026,479.964,0.479964
ZAF,South Africa,Africa,2027,494.40899999999993,0.49440899999999993
ZAF,South Africa,Africa,2028,513.0629999999999,0.5130629999999998
ZAF,South Africa,Africa,2029,533.314,0.533314
ZAF,South Africa,Africa,2030,555.264,0.555264
ZAF,South Africa,Africa,2031,577.9659999999999,0.5779659999999999
KOR,South Korea,Asia,1980,66.517,0.06651699999999999
KOR,South Korea,Asia,1981,74.287,0.074287
KOR,South Korea,Asia,1982,79.912,0.07991200000000001
KOR,South Korea,Asia,1983,89.62099999999998,0.08962099999999998
KOR,South Korea,Asia,1984,99.75,0.09975
KOR,South Korea,Asia,1985,103.76400000000001,0.10376400000000001
KOR,South Korea,Asia,1986,119.966,0.11996599999999999
KOR,South Korea,Asia,1987,152.24099999999999,0.152241
KOR,South Korea,Asia,1988,205.47899999999998,0.205479
KOR,South Korea,Asia,1989,254.236,0.254236
KOR,South Korea,Asia,1990,292.064,0.29206400000000005
KOR,South Korea,Asia,1991,340.863,0.340863
KOR,South Korea,Asia,1992,366.91199999999986,0.36691199999999985
KOR,South Korea,Asia,1993,405.77199999999993,0.4057719999999999
KOR,South Korea,Asia,1994,478.98799999999994,0.47898799999999997
KOR,South Korea,Asia,1995,586.3009999999999,0.586301
KOR,South Korea,Asia,1996,631.1940000000001,0.631194
KOR,South Korea,Asia,1997,590.07,0.5900700000000001
KOR,South Korea,Asia,1998,396.803,0.396803
KOR,South Korea,Asia,1999,515.4269999999999,0.5154269999999999
KOR,South Korea,Asia,2000,597.8019999999999,0.59780199999999994
KOR,South Korea,Asia,2001,567.655,0.567655
KOR,South Korea,Asia,2002,649.747,0.649747
KOR,South Korea,Asia,2003,728.497,0.728497
KOR,South Korea,Asia,2004,822.583,0.822583
KOR,South Korea,Asia,2005,971.54,0.97154
KOR,South Korea,Asia,2006,1094.545,1.094545
KOR,South Korea,Asia,2007,1220.756,1.2207560000000002
KOR,South Korea,Asia,2008,1093.487,1.093487
KOR,South Korea,Asia,2009,982.8539999999999,0.9828539999999999
KOR,South Korea,Asia,2010,1192.722,1.192722
KOR,South Korea,Asia,2011,1307.239,1.307239
KOR,South Korea,Asia,2012,1335.3439999999998,1.3353439999999999
KOR,South Korea,Asia,2013,1434.6699999999998,1.43467
KOR,South Korea,Asia,2014,1556.252,1.556252
KOR,South Korea,Asia,2015,1539.212,1.539212
KOR,South Korea,Asia,2016,1578.816,1.578816
KOR,South Korea,Asia,2017,1710.197,1.710197
KOR,South Korea,Asia,2018,1824.251,1.824251
KOR,South Korea,Asia,2019,1751.046,1.751046
KOR,South Korea,Asia,2020,1744.455,1.7444549999999999
KOR,South Korea,Asia,2021,1942.3139999999999,1.9423139999999999
KOR,South Korea,Asia,2022,1799.3629999999998,1.7993629999999998
KOR,South Korea,Asia,2023,1844.801,1.844801
KOR,South Korea,Asia,2024,1875.388,1.8753879999999998
KOR,South Korea,Asia,2025,1872.375,1.872375
KOR,South Korea,Asia,2026,1931.008,1.931008
KOR,South Korea,Asia,2027,2010.4560000000001,2.010456
KOR,South Korea,Asia,2028,2094.3310000000006,2.0943310000000004
KOR,South Korea,Asia,2029,2181.4510000000005,2.1814510000000005
KOR,South Korea,Asia,2030,2266.9330000000004,2.2669330000000003
KOR,South Korea,Asia,2031,2357.31,2.35731
SSD,South Sudan,Africa,2011,17.34,0.01734
SSD,South Sudan,Africa,2012,11.267000000000001,0.011267000000000001
SSD,South Sudan,Africa,2013,14.947000000000001,0.014947
SSD,South Sudan,Africa,2014,14.608,0.014608000000000001
SSD,South Sudan,Africa,2015,15.082000000000003,0.015082000000000002
SSD,South Sudan,Africa,2016,2.8249999999999997,0.002825
SSD,South Sudan,Africa,2017,2.7359999999999998,0.0027359999999999997
SSD,South Sudan,Africa,2018,2.5589999999999997,0.0025589999999999996
SSD,South Sudan,Africa,2019,4.044,0.004044
SSD,South Sudan,Africa,2020,5.423,0.005423
SSD,South Sudan,Africa,2021,5.94,0.00594
SSD,South Sudan,Africa,2022,7.533,0.007533000000000001
SSD,South Sudan,Africa,2023,7.401,0.007401
SSD,South Sudan,Africa,2024,4.637,0.004637
SSD,South Sudan,Africa,2025,5.733,0.005732999999999999
SSD,South Sudan,Africa,2026,6.069,0.006069
SSD,South Sudan,Africa,2027,6.825999999999999,0.006825999999999999
SSD,South Sudan,Africa,2028,7.160999999999999,0.007160999999999999
SSD,South Sudan,Africa,2029,7.488,0.007488000000000001
SSD,South Sudan,Africa,2030,7.841,0.007841
SSD,South Sudan,Africa,2031,8.143999999999998,0.008143999999999998
ESP,Spain,Europe,1980,231.048,0.231048
ESP,Spain,Europe,1981,204.84300000000002,0.20484300000000003
ESP,Spain,Europe,1982,197.89000000000001,0.19789
ESP,Spain,Europe,1983,173.072,0.173072
ESP,Spain,Europe,1984,172.597,0.172597
ESP,Spain,Europe,1985,181.847,0.181847
ESP,Spain,Europe,1986,251.618,0.251618
ESP,Spain,Europe,1987,318.78699999999986,0.3187869999999999
ESP,Spain,Europe,1988,374.535,0.374535
ESP,Spain,Europe,1989,413.106,0.413106
ESP,Spain,Europe,1990,536.3219999999999,0.5363219999999999
ESP,Spain,Europe,1991,577.1659999999999,0.577166
ESP,Spain,Europe,1992,630.91,0.63091
ESP,Spain,Europe,1993,529.98,0.52998
ESP,Spain,Europe,1994,531.8009999999999,0.531801
ESP,Spain,Europe,1995,614.713,0.614713
ESP,Spain,Europe,1996,642.48,0.64248
ESP,Spain,Europe,1997,590.5,0.5905
ESP,Spain,Europe,1998,619.5409999999999,0.6195409999999999
ESP,Spain,Europe,1999,635.025,0.635025
ESP,Spain,Europe,2000,598.3669999999998,0.5983669999999999
ESP,Spain,Europe,2001,627.803,0.627803
ESP,Spain,Europe,2002,708.4369999999999,0.7084369999999999
ESP,Spain,Europe,2003,907.736,0.907736
ESP,Spain,Europe,2004,1069.3439999999998,1.0693439999999999
ESP,Spain,Europe,2005,1155.306,1.155306
ESP,Spain,Europe,2006,1261.914,1.261914
ESP,Spain,Europe,2007,1476.92,1.47692
ESP,Spain,Europe,2008,1635.9360000000001,1.635936
ESP,Spain,Europe,2009,1494.963,1.494963
ESP,Spain,Europe,2010,1429.155,1.429155
ESP,Spain,Europe,2011,1487.307,1.487307
ESP,Spain,Europe,2012,1331.838,1.3318379999999999
ESP,Spain,Europe,2013,1362.207,1.3622070000000002
ESP,Spain,Europe,2014,1380.6,1.3805999999999998
ESP,Spain,Europe,2015,1206.287,1.206287
ESP,Spain,Europe,2016,1242.6729999999998,1.2426729999999997
ESP,Spain,Europe,2017,1321.288,1.321288
ESP,Spain,Europe,2018,1432.292,1.432292
ESP,Spain,Europe,2019,1403.6509999999998,1.4036509999999998
ESP,Spain,Europe,2020,1288.751,1.288751
ESP,Spain,Europe,2021,1462.2160000000001,1.4622160000000002
ESP,Spain,Europe,2022,1449.99,1.4499900000000001
ESP,Spain,Europe,2023,1619.949,1.619949
ESP,Spain,Europe,2024,1725.1519999999998,1.7251519999999998
ESP,Spain,Europe,2025,1903.826,1.903826
ESP,Spain,Europe,2026,2091.2219999999998,2.0912219999999997
ESP,Spain,Europe,2027,2186.521,2.1865210000000004
ESP,Spain,Europe,2028,2284.752,2.284752
ESP,Spain,Europe,2029,2375.602,2.3756019999999998
ESP,Spain,Europe,2030,2472.203,2.472203
ESP,Spain,Europe,2031,2572.443,2.5724430000000003
LKA,Sri Lanka,Asia,1980,5.193999999999999,0.005193999999999999
LKA,Sri Lanka,Asia,1981,5.404,0.005404
LKA,Sri Lanka,Asia,1982,5.834,0.005834
LKA,Sri Lanka,Asia,1983,6.298,0.006298
LKA,Sri Lanka,Asia,1984,7.382,0.007382
LKA,Sri Lanka,Asia,1985,7.302,0.0073019999999999995
LKA,Sri Lanka,Asia,1986,7.825999999999999,0.007825999999999998
LKA,Sri Lanka,Asia,1987,8.149,0.008149
LKA,Sri Lanka,Asia,1988,8.517999999999999,0.008518
LKA,Sri Lanka,Asia,1989,8.55,0.00855
LKA,Sri Lanka,Asia,1990,9.786999999999999,0.009786999999999999
LKA,Sri Lanka,Asia,1991,10.716000000000001,0.010716000000000002
LKA,Sri Lanka,Asia,1992,11.553000000000003,0.011553000000000003
LKA,Sri Lanka,Asia,1993,12.351000000000003,0.012351000000000003
LKA,Sri Lanka,Asia,1994,14.245,0.014244999999999999
LKA,Sri Lanka,Asia,1995,15.127,0.015127
LKA,Sri Lanka,Asia,1996,16.592,0.016592
LKA,Sri Lanka,Asia,1997,18.544,0.018544
LKA,Sri Lanka,Asia,1998,19.05,0.01905
LKA,Sri Lanka,Asia,1999,19.143,0.019143
LKA,Sri Lanka,Asia,2000,20.007,0.020007
LKA,Sri Lanka,Asia,2001,19.236,0.019236
LKA,Sri Lanka,Asia,2002,20.238,0.020238
LKA,Sri Lanka,Asia,2003,22.352,0.022352
LKA,Sri Lanka,Asia,2004,24.42299999999999,0.02442299999999999
LKA,Sri Lanka,Asia,2005,28.88,0.02888
LKA,Sri Lanka,Asia,2006,33.446999999999996,0.033447
LKA,Sri Lanka,Asia,2007,38.27,0.038270000000000005
LKA,Sri Lanka,Asia,2008,48.177,0.048177
LKA,Sri Lanka,Asia,2009,49.75,0.04975
LKA,Sri Lanka,Asia,2010,58.643,0.058643
LKA,Sri Lanka,Asia,2011,67.725,0.067725
LKA,Sri Lanka,Asia,2012,70.392,0.070392
LKA,Sri Lanka,Asia,2013,76.934,0.076934
LKA,Sri Lanka,Asia,2014,82.483,0.082483
LKA,Sri Lanka,Asia,2015,85.091,0.085091
LKA,Sri Lanka,Asia,2016,88,0.088
LKA,Sri Lanka,Asia,2017,94.37599999999999,0.09437599999999999
LKA,Sri Lanka,Asia,2018,94.484,0.094484
LKA,Sri Lanka,Asia,2019,89.015,0.089015
LKA,Sri Lanka,Asia,2020,84.304,0.084304
LKA,Sri Lanka,Asia,2021,88.60899999999998,0.08860899999999998
LKA,Sri Lanka,Asia,2022,74.584,0.074584
LKA,Sri Lanka,Asia,2023,83.723,0.083723
LKA,Sri Lanka,Asia,2024,98.96400000000001,0.09896400000000001
KNA,St. Kitts & Nevis,Americas,1980,0.058,5.8e-5
KNA,St. Kitts & Nevis,Americas,1981,0.06899999999999999,6.9e-5
KNA,St. Kitts & Nevis,Americas,1982,0.079,7.9e-5
KNA,St. Kitts & Nevis,Americas,1983,0.07800000000000001,7.800000000000001e-5
KNA,St. Kitts & Nevis,Americas,1984,0.09099999999999998,9.099999999999999e-5
KNA,St. Kitts & Nevis,Americas,1985,0.10100000000000002,1.0100000000000002e-4
KNA,St. Kitts & Nevis,Americas,1986,0.11899999999999997,1.1899999999999997e-4
KNA,St. Kitts & Nevis,Americas,1987,0.136,1.36e-4
KNA,St. Kitts & Nevis,Americas,1988,0.161,1.61e-4
KNA,St. Kitts & Nevis,Americas,1989,0.17900000000000002,1.7900000000000001e-4
KNA,St. Kitts & Nevis,Americas,1990,0.203,2.03e-4
KNA,St. Kitts & Nevis,Americas,1991,0.201,2.01e-4
KNA,St. Kitts & Nevis,Americas,1992,0.223,2.23e-4
KNA,St. Kitts & Nevis,Americas,1993,0.24300000000000002,2.4300000000000002e-4
KNA,St. Kitts & Nevis,Americas,1994,0.272,2.72e-4
KNA,St. Kitts & Nevis,Americas,1995,0.29300000000000004,2.93e-4
KNA,St. Kitts & Nevis,Americas,1996,0.312,3.12e-4
KNA,St. Kitts & Nevis,Americas,1997,0.351,3.5099999999999997e-4
KNA,St. Kitts & Nevis,Americas,1998,0.36600000000000005,3.6600000000000006e-4
KNA,St. Kitts & Nevis,Americas,1999,0.389,3.89e-4
KNA,St. Kitts & Nevis,Americas,2000,0.43700000000000006,4.3700000000000005e-4
KNA,St. Kitts & Nevis,Americas,2001,0.47900000000000004,4.7900000000000004e-4
KNA,St. Kitts & Nevis,Americas,2002,0.499,4.99e-4
KNA,St. Kitts & Nevis,Americas,2003,0.48300000000000004,4.8300000000000003e-4
KNA,St. Kitts & Nevis,Americas,2004,0.527,5.27e-4
KNA,St. Kitts & Nevis,Americas,2005,0.574,5.74e-4
KNA,St. Kitts & Nevis,Americas,2006,0.6709999999999999,6.709999999999999e-4
KNA,St. Kitts & Nevis,Americas,2007,0.717,7.17e-4
KNA,St. Kitts & Nevis,Americas,2008,0.778,7.78e-4
KNA,St. Kitts & Nevis,Americas,2009,0.774,7.740000000000001e-4
KNA,St. Kitts & Nevis,Americas,2010,0.779,7.790000000000001e-4
KNA,St. Kitts & Nevis,Americas,2011,0.8360000000000001,8.36e-4
KNA,St. Kitts & Nevis,Americas,2012,0.8490000000000001,8.49e-4
KNA,St. Kitts & Nevis,Americas,2013,0.897,8.97e-4
KNA,St. Kitts & Nevis,Americas,2014,0.974,9.739999999999999e-4
KNA,St. Kitts & Nevis,Americas,2015,0.9570000000000001,9.570000000000001e-4
KNA,St. Kitts & Nevis,Americas,2016,1.0069999999999997,0.0010069999999999996
KNA,St. Kitts & Nevis,Americas,2017,1.0569999999999997,0.0010569999999999998
KNA,St. Kitts & Nevis,Americas,2018,1.0609999999999997,0.0010609999999999997
KNA,St. Kitts & Nevis,Americas,2019,1.088,0.001088
KNA,St. Kitts & Nevis,Americas,2020,0.8670000000000001,8.670000000000001e-4
KNA,St. Kitts & Nevis,Americas,2021,0.8430000000000001,8.430000000000001e-4
KNA,St. Kitts & Nevis,Americas,2022,0.963,9.63e-4
KNA,St. Kitts & Nevis,Americas,2023,1.034,0.001034
KNA,St. Kitts & Nevis,Americas,2024,1.0509999999999997,0.0010509999999999996
KNA,St. Kitts & Nevis,Americas,2025,1.082,0.001082
KNA,St. Kitts & Nevis,Americas,2026,1.143,0.001143
KNA,St. Kitts & Nevis,Americas,2027,1.197,0.0011970000000000001
KNA,St. Kitts & Nevis,Americas,2028,1.254,0.001254
KNA,St. Kitts & Nevis,Americas,2029,1.3149999999999997,0.0013149999999999998
KNA,St. Kitts & Nevis,Americas,2030,1.377,0.001377
KNA,St. Kitts & Nevis,Americas,2031,1.4399999999999995,0.0014399999999999994
LCA,St. Lucia,Americas,1980,0.17,1.7e-4
LCA,St. Lucia,Americas,1981,0.194,1.94e-4
LCA,St. Lucia,Americas,1982,0.183,1.83e-4
LCA,St. Lucia,Americas,1983,0.197,1.9700000000000002e-4
LCA,St. Lucia,Americas,1984,0.251,2.51e-4
LCA,St. Lucia,Americas,1985,0.28400000000000003,2.84e-4
LCA,St. Lucia,Americas,1986,0.33999999999999997,3.3999999999999997e-4
LCA,St. Lucia,Americas,1987,0.375,3.75e-4
LCA,St. Lucia,Americas,1988,0.4290000000000001,4.2900000000000013e-4
LCA,St. Lucia,Americas,1989,0.4860000000000001,4.860000000000001e-4
LCA,St. Lucia,Americas,1990,0.5790000000000001,5.790000000000001e-4
LCA,St. Lucia,Americas,1991,0.613,6.129999999999999e-4
LCA,St. Lucia,Americas,1992,0.6739999999999999,6.739999999999999e-4
LCA,St. Lucia,Americas,1993,0.6839999999999999,6.839999999999999e-4
LCA,St. Lucia,Americas,1994,0.713,7.13e-4
LCA,St. Lucia,Americas,1995,0.762,7.62e-4
LCA,St. Lucia,Americas,1996,0.7879999999999999,7.88e-4
LCA,St. Lucia,Americas,1997,0.805,8.05e-4
LCA,St. Lucia,Americas,1998,0.8770000000000001,8.770000000000001e-4
LCA,St. Lucia,Americas,1999,0.921,9.21e-4
LCA,St. Lucia,Americas,2000,0.932,9.320000000000001e-4
LCA,St. Lucia,Americas,2001,0.892,8.92e-4
LCA,St. Lucia,Americas,2002,0.899,8.990000000000001e-4
LCA,St. Lucia,Americas,2003,0.987,9.87e-4
LCA,St. Lucia,Americas,2004,1.066,0.001066
LCA,St. Lucia,Americas,2005,1.135,0.001135
LCA,St. Lucia,Americas,2006,1.2669999999999997,0.0012669999999999997
LCA,St. Lucia,Americas,2007,1.331,0.001331
LCA,St. Lucia,Americas,2008,1.4259999999999995,0.0014259999999999995
LCA,St. Lucia,Americas,2009,1.3999999999999997,0.0013999999999999998
LCA,St. Lucia,Americas,2010,1.4829999999999999,0.001483
LCA,St. Lucia,Americas,2011,1.569,0.0015689999999999999
LCA,St. Lucia,Americas,2012,1.598,0.001598
LCA,St. Lucia,Americas,2013,1.6599999999999997,0.0016599999999999998
LCA,St. Lucia,Americas,2014,1.7489999999999999,0.001749
LCA,St. Lucia,Americas,2015,1.808,0.0018080000000000001
LCA,St. Lucia,Americas,2016,1.869,0.001869
LCA,St. Lucia,Americas,2017,1.9989999999999999,0.001999
LCA,St. Lucia,Americas,2018,2.061,0.002061
LCA,St. Lucia,Americas,2019,2.0949999999999998,0.0020949999999999996
LCA,St. Lucia,Americas,2020,1.5109999999999997,0.0015109999999999998
LCA,St. Lucia,Americas,2021,1.869,0.001869
LCA,St. Lucia,Americas,2022,2.3339999999999996,0.0023339999999999997
LCA,St. Lucia,Americas,2023,2.3969999999999994,0.0023969999999999994
LCA,St. Lucia,Americas,2024,2.574,0.002574
LCA,St. Lucia,Americas,2025,2.651,0.0026509999999999997
LCA,St. Lucia,Americas,2026,2.765,0.002765
LCA,St. Lucia,Americas,2027,2.8909999999999996,0.0028909999999999995
LCA,St. Lucia,Americas,2028,3.021,0.003021
LCA,St. Lucia,Americas,2029,3.154,0.003154
LCA,St. Lucia,Americas,2030,3.2840000000000003,0.0032840000000000005
LCA,St. Lucia,Americas,2031,3.4329999999999994,0.0034329999999999994
VCT,St. Vincent & Grenadines,Americas,1980,0.08899999999999997,8.899999999999997e-5
VCT,St. Vincent & Grenadines,Americas,1981,0.11,1.1e-4
VCT,St. Vincent & Grenadines,Americas,1982,0.12300000000000001,1.23e-4
VCT,St. Vincent & Grenadines,Americas,1983,0.132,1.32e-4
VCT,St. Vincent & Grenadines,Americas,1984,0.14600000000000002,1.4600000000000003e-4
VCT,St. Vincent & Grenadines,Americas,1985,0.15700000000000003,1.5700000000000002e-4
VCT,St. Vincent & Grenadines,Americas,1986,0.17400000000000002,1.7400000000000003e-4
VCT,St. Vincent & Grenadines,Americas,1987,0.19,1.9e-4
VCT,St. Vincent & Grenadines,Americas,1988,0.21700000000000003,2.1700000000000002e-4
VCT,St. Vincent & Grenadines,Americas,1989,0.232,2.32e-4
VCT,St. Vincent & Grenadines,Americas,1990,0.26,2.6000000000000003e-4
VCT,St. Vincent & Grenadines,Americas,1991,0.275,2.75e-4
VCT,St. Vincent & Grenadines,Americas,1992,0.3000000000000001,3.000000000000001e-4
VCT,St. Vincent & Grenadines,Americas,1993,0.309,3.09e-4
VCT,St. Vincent & Grenadines,Americas,1994,0.313,3.13e-4
VCT,St. Vincent & Grenadines,Americas,1995,0.341,3.4100000000000005e-4
VCT,St. Vincent & Grenadines,Americas,1996,0.358,3.58e-4
VCT,St. Vincent & Grenadines,Americas,1997,0.376,3.76e-4
VCT,St. Vincent & Grenadines,Americas,1998,0.403,4.0300000000000004e-4
VCT,St. Vincent & Grenadines,Americas,1999,0.4220000000000001,4.220000000000001e-4
VCT,St. Vincent & Grenadines,Americas,2000,0.4280000000000001,4.280000000000001e-4
VCT,St. Vincent & Grenadines,Americas,2001,0.462,4.62e-4
VCT,St. Vincent & Grenadines,Americas,2002,0.4880000000000001,4.880000000000001e-4
VCT,St. Vincent & Grenadines,Americas,2003,0.509,5.09e-4
VCT,St. Vincent & Grenadines,Americas,2004,0.55,5.5e-4
VCT,St. Vincent & Grenadines,Americas,2005,0.5800000000000001,5.800000000000001e-4
VCT,St. Vincent & Grenadines,Americas,2006,0.644,6.44e-4
VCT,St. Vincent & Grenadines,Americas,2007,0.714,7.14e-4
VCT,St. Vincent & Grenadines,Americas,2008,0.733,7.33e-4
VCT,St. Vincent & Grenadines,Americas,2009,0.714,7.14e-4
VCT,St. Vincent & Grenadines,Americas,2010,0.72,7.199999999999999e-4
VCT,St. Vincent & Grenadines,Americas,2011,0.714,7.14e-4
VCT,St. Vincent & Grenadines,Americas,2012,0.73,7.3e-4
VCT,St. Vincent & Grenadines,Americas,2013,0.765,7.650000000000001e-4
VCT,St. Vincent & Grenadines,Americas,2014,0.771,7.71e-4
VCT,St. Vincent & Grenadines,Americas,2015,0.7869999999999999,7.869999999999999e-4
VCT,St. Vincent & Grenadines,Americas,2016,0.814,8.139999999999999e-4
VCT,St. Vincent & Grenadines,Americas,2017,0.8440000000000001,8.440000000000001e-4
VCT,St. Vincent & Grenadines,Americas,2018,0.884,8.84e-4
VCT,St. Vincent & Grenadines,Americas,2019,0.91,9.1e-4
VCT,St. Vincent & Grenadines,Americas,2020,0.8640000000000001,8.640000000000001e-4
VCT,St. Vincent & Grenadines,Americas,2021,0.888,8.88e-4
VCT,St. Vincent & Grenadines,Americas,2022,0.97,9.699999999999999e-4
VCT,St. Vincent & Grenadines,Americas,2023,1.0469999999999997,0.0010469999999999998
VCT,St. Vincent & Grenadines,Americas,2024,1.1259999999999997,0.0011259999999999996
VCT,St. Vincent & Grenadines,Americas,2025,1.1759999999999997,0.0011759999999999997
VCT,St. Vincent & Grenadines,Americas,2026,1.236,0.001236
VCT,St. Vincent & Grenadines,Americas,2027,1.2949999999999997,0.0012949999999999997
VCT,St. Vincent & Grenadines,Americas,2028,1.356,0.001356
VCT,St. Vincent & Grenadines,Americas,2029,1.4199999999999995,0.0014199999999999994
VCT,St. Vincent & Grenadines,Americas,2030,1.488,0.001488
VCT,St. Vincent & Grenadines,Americas,2031,1.558,0.0015580000000000001
SDN,Sudan,Africa,1980,9.095,0.009095
SDN,Sudan,Africa,1981,6.53,0.00653
SDN,Sudan,Africa,1982,4.748,0.0047480000000000005
SDN,Sudan,Africa,1983,6.485,0.006485
SDN,Sudan,Africa,1984,7.992,0.007992
SDN,Sudan,Africa,1985,5.547,0.005547
SDN,Sudan,Africa,1986,7.4,0.0074
SDN,Sudan,Africa,1987,11.964,0.011964
SDN,Sudan,Africa,1988,9.551,0.009551
SDN,Sudan,Africa,1989,16.853000000000005,0.016853000000000003
SDN,Sudan,Africa,1990,2.245,0.002245
SDN,Sudan,Africa,1991,2.528,0.002528
SDN,Sudan,Africa,1992,3.1,0.0031
SDN,Sudan,Africa,1993,5.246,0.005246000000000001
SDN,Sudan,Africa,1994,5.961,0.005961
SDN,Sudan,Africa,1995,6.693999999999999,0.006693999999999999
SDN,Sudan,Africa,1996,8.377,0.008377
SDN,Sudan,Africa,1997,10.240999999999998,0.010240999999999998
SDN,Sudan,Africa,1998,10.924000000000001,0.010924000000000001
SDN,Sudan,Africa,1999,10.713999999999999,0.010713999999999998
SDN,Sudan,Africa,2000,13.133999999999999,0.013133999999999998
SDN,Sudan,Africa,2001,15.716000000000001,0.015716
SDN,Sudan,Africa,2002,18.137000000000004,0.018137000000000004
SDN,Sudan,Africa,2003,21.355,0.021355
SDN,Sudan,Africa,2004,26.646,0.026646
SDN,Sudan,Africa,2005,35.183,0.035183
SDN,Sudan,Africa,2006,45.264,0.045264000000000006
SDN,Sudan,Africa,2007,59.440000000000005,0.05944000000000001
SDN,Sudan,Africa,2008,64.833,0.064833
SDN,Sudan,Africa,2009,54.812,0.054812
SDN,Sudan,Africa,2010,65.716,0.065716
SDN,Sudan,Africa,2011,66.44800000000001,0.06644800000000001
SDN,Sudan,Africa,2012,48.948,0.048948
SDN,Sudan,Africa,2013,52.892,0.052892
SDN,Sudan,Africa,2014,60.72600000000001,0.060726000000000016
SDN,Sudan,Africa,2015,64.534,0.06453400000000001
SDN,Sudan,Africa,2016,64.88799999999999,0.06488799999999999
SDN,Sudan,Africa,2017,48.906000000000006,0.048906000000000005
SDN,Sudan,Africa,2018,33.59,0.03359
SDN,Sudan,Africa,2019,31.484,0.031484000000000005
SDN,Sudan,Africa,2020,35.215,0.035215
SDN,Sudan,Africa,2021,35.131,0.035131
SDN,Sudan,Africa,2022,33.462,0.033462000000000006
SDN,Sudan,Africa,2023,36.946999999999996,0.036946999999999994
SDN,Sudan,Africa,2024,29.156,0.029155999999999998
SDN,Sudan,Africa,2025,39.71800000000001,0.03971800000000001
SDN,Sudan,Africa,2026,44.688,0.044688000000000005
SDN,Sudan,Africa,2027,47.62200000000001,0.047622000000000005
SDN,Sudan,Africa,2028,53.433,0.053433
SDN,Sudan,Africa,2029,58.330000000000005,0.05833000000000001
SDN,Sudan,Africa,2030,62.143,0.062143000000000004
SDN,Sudan,Africa,2031,67.643,0.067643
SUR,Suriname,Americas,1980,1.276,0.001276
SUR,Suriname,Americas,1981,1.4269999999999998,0.0014269999999999999
SUR,Suriname,Americas,1982,1.4689999999999999,0.0014689999999999998
SUR,Suriname,Americas,1983,1.4189999999999998,0.001419
SUR,Suriname,Americas,1984,1.387,0.001387
SUR,Suriname,Americas,1985,1.4019999999999995,0.0014019999999999994
SUR,Suriname,Americas,1986,1.4299999999999995,0.0014299999999999994
SUR,Suriname,Americas,1987,1.573,0.001573
SUR,Suriname,Americas,1988,1.864,0.0018640000000000002
SUR,Suriname,Americas,1989,2.177,0.002177
SUR,Suriname,Americas,1990,0.5770000000000001,5.77e-4
SUR,Suriname,Americas,1991,0.637,6.37e-4
SUR,Suriname,Americas,1992,0.59,5.899999999999999e-4
SUR,Suriname,Americas,1993,0.465,4.65e-4
SUR,Suriname,Americas,1994,0.523,5.23e-4
SUR,Suriname,Americas,1995,0.993,9.93e-4
SUR,Suriname,Americas,1996,1.234,0.001234
SUR,Suriname,Americas,1997,1.322,0.001322
SUR,Suriname,Americas,1998,1.588,0.001588
SUR,Suriname,Americas,1999,1.308,0.0013080000000000001
SUR,Suriname,Americas,2000,1.355,0.001355
SUR,Suriname,Americas,2001,1.167,0.001167
SUR,Suriname,Americas,2002,1.474,0.001474
SUR,Suriname,Americas,2003,1.7289999999999999,0.0017289999999999999
SUR,Suriname,Americas,2004,2,0.002
SUR,Suriname,Americas,2005,2.3929999999999993,0.0023929999999999993
SUR,Suriname,Americas,2006,2.8119999999999994,0.0028119999999999994
SUR,Suriname,Americas,2007,3.144,0.003144
SUR,Suriname,Americas,2008,3.783,0.003783
SUR,Suriname,Americas,2009,4.1499999999999995,0.004149999999999999
SUR,Suriname,Americas,2010,4.677,0.004677
SUR,Suriname,Americas,2011,4.735,0.0047350000000000005
SUR,Suriname,Americas,2012,5.332,0.005332
SUR,Suriname,Americas,2013,5.51,0.00551
SUR,Suriname,Americas,2014,5.611999999999999,0.005611999999999999
SUR,Suriname,Americas,2015,5.1259999999999994,0.0051259999999999995
SUR,Suriname,Americas,2016,3.3169999999999997,0.0033169999999999996
SUR,Suriname,Americas,2017,3.5919999999999996,0.0035919999999999997
SUR,Suriname,Americas,2018,3.9959999999999996,0.0039959999999999996
SUR,Suriname,Americas,2019,4.016,0.004016
SUR,Suriname,Americas,2020,2.9119999999999995,0.0029119999999999997
SUR,Suriname,Americas,2021,3.084,0.003084
SUR,Suriname,Americas,2022,3.8019999999999996,0.0038019999999999994
SUR,Suriname,Americas,2023,3.4619999999999997,0.003462
SUR,Suriname,Americas,2024,4.434,0.0044340000000000004
SUR,Suriname,Americas,2025,4.663999999999999,0.004663999999999999
SUR,Suriname,Americas,2026,5.908,0.005908
SUR,Suriname,Americas,2027,6.766,0.006766
SUR,Suriname,Americas,2028,8.97,0.00897
SUR,Suriname,Americas,2029,13.091000000000001,0.013091000000000002
SUR,Suriname,Americas,2030,13.605,0.013605
SUR,Suriname,Americas,2031,14.086,0.014086
SWE,Sweden,Europe,1980,140.151,0.140151
SWE,Sweden,Europe,1981,127.935,0.127935
SWE,Sweden,Europe,1982,112.91200000000002,0.11291200000000003
SWE,Sweden,Europe,1983,103.68199999999999,0.10368199999999998
SWE,Sweden,Europe,1984,107.978,0.10797799999999999
SWE,Sweden,Europe,1985,112.932,0.112932
SWE,Sweden,Europe,1986,149.282,0.149282
SWE,Sweden,Europe,1987,181.81,0.18181
SWE,Sweden,Europe,1988,205.86800000000002,0.20586800000000002
SWE,Sweden,Europe,1989,216.54299999999998,0.21654299999999999
SWE,Sweden,Europe,1990,259.29899999999986,0.2592989999999999
SWE,Sweden,Europe,1991,271.72099999999995,0.27172099999999993
SWE,Sweden,Europe,1992,282.4409999999999,0.28244099999999994
SWE,Sweden,Europe,1993,212.64399999999998,0.21264399999999997
SWE,Sweden,Europe,1994,228.7,0.2287
SWE,Sweden,Europe,1995,267.052,0.267052
SWE,Sweden,Europe,1996,291.952,0.291952
SWE,Sweden,Europe,1997,268.25,0.26825
SWE,Sweden,Europe,1998,270.8879999999999,0.2708879999999999
SWE,Sweden,Europe,1999,274.317,0.27431700000000003
SWE,Sweden,Europe,2000,262.90199999999993,0.2629019999999999
SWE,Sweden,Europe,2001,242.497,0.24249700000000002
SWE,Sweden,Europe,2002,267.3709999999999,0.2673709999999999
SWE,Sweden,Europe,2003,334.072,0.334072
SWE,Sweden,Europe,2004,384.546,0.384546
SWE,Sweden,Europe,2005,391.689,0.391689
SWE,Sweden,Europe,2006,422.52599999999995,0.42252599999999996
SWE,Sweden,Europe,2007,490.05,0.49005
SWE,Sweden,Europe,2008,514.614,0.514614
SWE,Sweden,Europe,2009,434.3109999999999,0.43431099999999995
SWE,Sweden,Europe,2010,492.7509999999999,0.49275099999999994
SWE,Sweden,Europe,2011,570.539,0.570539
SWE,Sweden,Europe,2012,549.74,0.54974
SWE,Sweden,Europe,2013,584.125,0.584125
SWE,Sweden,Europe,2014,577.7279999999998,0.5777279999999998
SWE,Sweden,Europe,2015,501.6019999999999,0.5016019999999999
SWE,Sweden,Europe,2016,513.0579999999999,0.5130579999999999
SWE,Sweden,Europe,2017,535.172,0.535172
SWE,Sweden,Europe,2018,549.649,0.549649
SWE,Sweden,Europe,2019,530.894,0.530894
SWE,Sweden,Europe,2020,544.266,0.5442659999999999
SWE,Sweden,Europe,2021,631.693,0.631693
SWE,Sweden,Europe,2022,575.071,0.575071
SWE,Sweden,Europe,2023,578.991,0.578991
SWE,Sweden,Europe,2024,604.8269999999999,0.6048269999999999
SWE,Sweden,Europe,2025,668.999,0.668999
SWE,Sweden,Europe,2026,760.481,0.760481
SWE,Sweden,Europe,2027,794.57,0.79457
SWE,Sweden,Europe,2028,834.286,0.834286
SWE,Sweden,Europe,2029,870.918,0.870918
SWE,Sweden,Europe,2030,909.888,0.909888
SWE,Sweden,Europe,2031,948.787,0.948787
CHE,Switzerland,Europe,1980,124.313,0.124313
CHE,Switzerland,Europe,1981,113.96,0.11395999999999999
CHE,Switzerland,Europe,1982,116.759,0.116759
CHE,Switzerland,Europe,1983,116.347,0.11634699999999999
CHE,Switzerland,Europe,1984,111.03,0.11103
CHE,Switzerland,Europe,1985,112.716,0.112716
CHE,Switzerland,Europe,1986,161.56,0.16156
CHE,Switzerland,Europe,1987,202.27599999999998,0.20227599999999998
CHE,Switzerland,Europe,1988,218.596,0.218596
CHE,Switzerland,Europe,1989,211.298,0.211298
CHE,Switzerland,Europe,1990,269.875,0.269875
CHE,Switzerland,Europe,1991,273.072,0.273072
CHE,Switzerland,Europe,1992,283.9409999999999,0.28394099999999994
CHE,Switzerland,Europe,1993,276.31,0.27631
CHE,Switzerland,Europe,1994,305.91099999999994,0.30591099999999993
CHE,Switzerland,Europe,1995,358.2579999999999,0.3582579999999999
CHE,Switzerland,Europe,1996,345.48999999999995,0.34548999999999996
CHE,Switzerland,Europe,1997,298.8809999999999,0.2988809999999999
CHE,Switzerland,Europe,1998,306.78599999999994,0.30678599999999995
CHE,Switzerland,Europe,1999,301.7029999999999,0.30170299999999994
CHE,Switzerland,Europe,2000,282.3829999999999,0.28238299999999994
CHE,Switzerland,Europe,2001,290.329,0.290329
CHE,Switzerland,Europe,2002,314.115,0.31411500000000003
CHE,Switzerland,Europe,2003,366.595,0.366595
CHE,Switzerland,Europe,2004,408.71599999999995,0.40871599999999997
CHE,Switzerland,Europe,2005,424.42499999999995,0.42442499999999994
CHE,Switzerland,Europe,2006,448.5,0.4485
CHE,Switzerland,Europe,2007,499.3450000000001,0.4993450000000001
CHE,Switzerland,Europe,2008,574.523,0.574523
CHE,Switzerland,Europe,2009,563.3549999999999,0.5633549999999999
CHE,Switzerland,Europe,2010,609.479,0.609479
CHE,Switzerland,Europe,2011,727.079,0.7270789999999999
CHE,Switzerland,Europe,2012,698.2329999999998,0.6982329999999999
CHE,Switzerland,Europe,2013,719.187,0.719187
CHE,Switzerland,Europe,2014,741.185,0.741185
CHE,Switzerland,Europe,2015,705.8609999999999,0.7058609999999998
CHE,Switzerland,Europe,2016,698.5519999999999,0.698552
CHE,Switzerland,Europe,2017,706.894,0.706894
CHE,Switzerland,Europe,2018,741.219,0.7412190000000001
CHE,Switzerland,Europe,2019,736.8499999999999,0.7368499999999999
CHE,Switzerland,Europe,2020,755.582,0.755582
CHE,Switzerland,Europe,2021,840.084,0.8400839999999999
CHE,Switzerland,Europe,2022,858.3449999999999,0.8583449999999999
CHE,Switzerland,Europe,2023,928.6890000000001,0.9286890000000001
CHE,Switzerland,Europe,2024,970.19,0.9701900000000001
CHE,Switzerland,Europe,2025,1043.5439999999999,1.0435439999999998
CHE,Switzerland,Europe,2026,1146.911,1.146911
CHE,Switzerland,Europe,2027,1190.375,1.190375
CHE,Switzerland,Europe,2028,1241.6429999999998,1.2416429999999998
CHE,Switzerland,Europe,2029,1289.1399999999999,1.28914
CHE,Switzerland,Europe,2030,1346.6619999999998,1.3466619999999998
CHE,Switzerland,Europe,2031,1398.268,1.398268
SYR,Syria,Asia,1980,12.98,0.01298
SYR,Syria,Asia,1981,16.652,0.016652
SYR,Syria,Asia,1982,17.415,0.017415
SYR,Syria,Asia,1983,18.649,0.018649000000000002
SYR,Syria,Asia,1984,19.171,0.019171
SYR,Syria,Asia,1985,21.177000000000003,0.021177000000000005
SYR,Syria,Asia,1986,25.427999999999997,0.025427999999999996
SYR,Syria,Asia,1987,32.497,0.032497
SYR,Syria,Asia,1988,16.538,0.016538
SYR,Syria,Asia,1989,9.849,0.009849
SYR,Syria,Asia,1990,12.303000000000003,0.012303000000000003
SYR,Syria,Asia,1991,12.737999999999998,0.012737999999999998
SYR,Syria,Asia,1992,13.263,0.013263
SYR,Syria,Asia,1993,13.796000000000001,0.013796000000000001
SYR,Syria,Asia,1994,15.105,0.015105
SYR,Syria,Asia,1995,16.556,0.016556
SYR,Syria,Asia,1996,17.760999999999996,0.017760999999999996
SYR,Syria,Asia,1997,16.573,0.016573
SYR,Syria,Asia,1998,16.143999999999995,0.016143999999999995
SYR,Syria,Asia,1999,16.784999999999997,0.016784999999999998
SYR,Syria,Asia,2000,19.861,0.019861
SYR,Syria,Asia,2001,20.978999999999996,0.020978999999999994
SYR,Syria,Asia,2002,22.758,0.022758
SYR,Syria,Asia,2003,21.702,0.021702000000000003
SYR,Syria,Asia,2004,25.204,0.025204
SYR,Syria,Asia,2005,28.881,0.028881
SYR,Syria,Asia,2006,33.824000000000005,0.03382400000000001
SYR,Syria,Asia,2007,40.488,0.040487999999999996
SYR,Syria,Asia,2008,52.631,0.052631
SYR,Syria,Asia,2009,53.939,0.053939
SYR,Syria,Asia,2010,60.043000000000006,0.060043000000000006
STP,São Tomé & Príncipe,Africa,1980,0.06899999999999999,6.9e-5
STP,São Tomé & Príncipe,Africa,1981,0.084,8.400000000000001e-5
STP,São Tomé & Príncipe,Africa,1982,0.081,8.1e-5
STP,São Tomé & Príncipe,Africa,1983,0.076,7.6e-5
STP,São Tomé & Príncipe,Africa,1984,0.079,7.9e-5
STP,São Tomé & Príncipe,Africa,1985,0.083,8.3e-5
STP,São Tomé & Príncipe,Africa,1986,0.11700000000000002,1.1700000000000002e-4
STP,São Tomé & Príncipe,Africa,1987,0.11700000000000002,1.1700000000000002e-4
STP,São Tomé & Príncipe,Africa,1988,0.10000000000000002,1.0000000000000002e-4
STP,São Tomé & Príncipe,Africa,1989,0.09899999999999999,9.9e-5
STP,São Tomé & Príncipe,Africa,1990,0.12000000000000001,1.2e-4
STP,São Tomé & Príncipe,Africa,1991,0.10800000000000001,1.0800000000000001e-4
STP,São Tomé & Príncipe,Africa,1992,0.096,9.6e-5
STP,São Tomé & Príncipe,Africa,1993,0.127,1.27e-4
STP,São Tomé & Príncipe,Africa,1994,0.132,1.32e-4
STP,São Tomé & Príncipe,Africa,1995,0.10400000000000001,1.0400000000000001e-4
STP,São Tomé & Príncipe,Africa,1996,0.136,1.36e-4
STP,São Tomé & Príncipe,Africa,1997,0.09299999999999999,9.299999999999998e-5
STP,São Tomé & Príncipe,Africa,1998,0.07299999999999998,7.299999999999999e-5
STP,São Tomé & Príncipe,Africa,1999,0.07800000000000001,7.800000000000001e-5
STP,São Tomé & Príncipe,Africa,2000,0.077,7.7e-5
STP,São Tomé & Príncipe,Africa,2001,0.07199999999999998,7.199999999999997e-5
STP,São Tomé & Príncipe,Africa,2002,0.08,8e-5
STP,São Tomé & Príncipe,Africa,2003,0.096,9.6e-5
STP,São Tomé & Príncipe,Africa,2004,0.10400000000000001,1.0400000000000001e-4
STP,São Tomé & Príncipe,Africa,2005,0.125,1.25e-4
STP,São Tomé & Príncipe,Africa,2006,0.133,1.33e-4
STP,São Tomé & Príncipe,Africa,2007,0.14500000000000002,1.4500000000000003e-4
STP,São Tomé & Príncipe,Africa,2008,0.188,1.88e-4
STP,São Tomé & Príncipe,Africa,2009,0.201,2.01e-4
STP,São Tomé & Príncipe,Africa,2010,0.191,1.91e-4
STP,São Tomé & Príncipe,Africa,2011,0.228,2.28e-4
STP,São Tomé & Príncipe,Africa,2012,0.231,2.31e-4
STP,São Tomé & Príncipe,Africa,2013,0.269,2.6900000000000003e-4
STP,São Tomé & Príncipe,Africa,2014,0.29500000000000004,2.95e-4
STP,São Tomé & Príncipe,Africa,2015,0.262,2.62e-4
STP,São Tomé & Príncipe,Africa,2016,0.29400000000000004,2.9400000000000004e-4
STP,São Tomé & Príncipe,Africa,2017,0.325,3.25e-4
STP,São Tomé & Príncipe,Africa,2018,0.387,3.8700000000000003e-4
STP,São Tomé & Príncipe,Africa,2019,0.41600000000000004,4.1600000000000003e-4
STP,São Tomé & Príncipe,Africa,2020,0.47600000000000003,4.76e-4
STP,São Tomé & Príncipe,Africa,2021,0.529,5.290000000000001e-4
STP,São Tomé & Príncipe,Africa,2022,0.546,5.46e-4
STP,São Tomé & Príncipe,Africa,2023,0.6959999999999998,6.959999999999998e-4
STP,São Tomé & Príncipe,Africa,2024,0.8280000000000001,8.280000000000001e-4
STP,São Tomé & Príncipe,Africa,2025,0.981,9.809999999999999e-4
STP,São Tomé & Príncipe,Africa,2026,1.161,0.0011610000000000001
STP,São Tomé & Príncipe,Africa,2027,1.294,0.001294
STP,São Tomé & Príncipe,Africa,2028,1.4119999999999995,0.0014119999999999994
STP,São Tomé & Príncipe,Africa,2029,1.538,0.001538
STP,São Tomé & Príncipe,Africa,2030,1.679,0.0016790000000000002
STP,São Tomé & Príncipe,Africa,2031,1.82,0.00182
TWN,Taiwan,Asia,1980,42.285000000000004,0.042285
TWN,Taiwan,Asia,1981,48.969,0.048969
TWN,Taiwan,Asia,1982,49.535000000000004,0.049535
TWN,Taiwan,Asia,1983,54.148,0.054148
TWN,Taiwan,Asia,1984,61.071000000000005,0.06107100000000001
TWN,Taiwan,Asia,1985,63.617000000000004,0.063617
TWN,Taiwan,Asia,1986,78.195,0.07819499999999999
TWN,Taiwan,Asia,1987,105.039,0.10503900000000001
TWN,Taiwan,Asia,1988,126.473,0.126473
TWN,Taiwan,Asia,1989,152.70399999999998,0.15270399999999998
TWN,Taiwan,Asia,1990,166.622,0.16662200000000002
TWN,Taiwan,Asia,1991,187.14,0.18713999999999997
TWN,Taiwan,Asia,1992,222.911,0.222911
TWN,Taiwan,Asia,1993,236.339,0.236339
TWN,Taiwan,Asia,1994,256.247,0.256247
TWN,Taiwan,Asia,1995,279.0590000000001,0.27905900000000006
TWN,Taiwan,Asia,1996,292.494,0.29249400000000003
TWN,Taiwan,Asia,1997,303.28399999999993,0.30328399999999994
TWN,Taiwan,Asia,1998,279.964,0.279964
TWN,Taiwan,Asia,1999,303.8299999999999,0.30382999999999993
TWN,Taiwan,Asia,2000,330.68,0.33068000000000003
TWN,Taiwan,Asia,2001,299.27599999999995,0.29927599999999993
TWN,Taiwan,Asia,2002,307.43899999999996,0.30743899999999996
TWN,Taiwan,Asia,2003,317.3809999999999,0.3173809999999999
TWN,Taiwan,Asia,2004,346.92399999999986,0.34692399999999984
TWN,Taiwan,Asia,2005,374.06,0.37406
TWN,Taiwan,Asia,2006,386.45,0.38645
TWN,Taiwan,Asia,2007,406.90699999999987,0.40690699999999985
TWN,Taiwan,Asia,2008,415.90099999999995,0.41590099999999997
TWN,Taiwan,Asia,2009,390.829,0.390829
TWN,Taiwan,Asia,2010,444.28099999999995,0.4442809999999999
TWN,Taiwan,Asia,2011,483.97399999999993,0.48397399999999996
TWN,Taiwan,Asia,2012,495.61,0.49561
TWN,Taiwan,Asia,2013,512.9429999999999,0.5129429999999998
TWN,Taiwan,Asia,2014,535.3279999999999,0.5353279999999999
TWN,Taiwan,Asia,2015,534.515,0.534515
TWN,Taiwan,Asia,2016,543.081,0.543081
TWN,Taiwan,Asia,2017,591.687,0.591687
TWN,Taiwan,Asia,2018,610.69,0.6106900000000001
TWN,Taiwan,Asia,2019,613.5119999999998,0.6135119999999998
TWN,Taiwan,Asia,2020,676.8609999999999,0.6768609999999998
TWN,Taiwan,Asia,2021,776.9649999999999,0.7769649999999999
TWN,Taiwan,Asia,2022,765.624,0.765624
TWN,Taiwan,Asia,2023,757.3869999999998,0.7573869999999998
TWN,Taiwan,Asia,2024,801.495,0.801495
TWN,Taiwan,Asia,2025,920.0499999999998,0.9200499999999998
TWN,Taiwan,Asia,2026,976.719,0.976719
TWN,Taiwan,Asia,2027,1036.931,1.036931
TWN,Taiwan,Asia,2028,1094.177,1.094177
TWN,Taiwan,Asia,2029,1153.424,1.153424
TWN,Taiwan,Asia,2030,1214.118,1.214118
TWN,Taiwan,Asia,2031,1273.5819999999999,1.2735819999999998
TJK,Tajikistan,Asia,1992,0.29100000000000004,2.91e-4
TJK,Tajikistan,Asia,1993,0.6779999999999999,6.779999999999999e-4
TJK,Tajikistan,Asia,1994,0.8290000000000001,8.290000000000001e-4
TJK,Tajikistan,Asia,1995,0.569,5.69e-4
TJK,Tajikistan,Asia,1996,1.052,0.001052
TJK,Tajikistan,Asia,1997,1.121,0.001121
TJK,Tajikistan,Asia,1998,1.32,0.00132
TJK,Tajikistan,Asia,1999,1.087,0.0010869999999999999
TJK,Tajikistan,Asia,2000,0.991,9.91e-4
TJK,Tajikistan,Asia,2001,1.0569999999999997,0.0010569999999999998
TJK,Tajikistan,Asia,2002,1.212,0.001212
TJK,Tajikistan,Asia,2003,1.5549999999999997,0.0015549999999999997
TJK,Tajikistan,Asia,2004,2.073,0.0020729999999999998
TJK,Tajikistan,Asia,2005,2.3109999999999995,0.0023109999999999997
TJK,Tajikistan,Asia,2006,2.8109999999999995,0.0028109999999999997
TJK,Tajikistan,Asia,2007,3.7119999999999997,0.0037119999999999996
TJK,Tajikistan,Asia,2008,5.134999999999999,0.005134999999999999
TJK,Tajikistan,Asia,2009,4.977,0.0049770000000000005
TJK,Tajikistan,Asia,2010,5.6419999999999995,0.0056419999999999994
TJK,Tajikistan,Asia,2011,6.522999999999999,0.006522999999999998
TJK,Tajikistan,Asia,2012,7.592,0.007592
TJK,Tajikistan,Asia,2013,8.506,0.008506
TJK,Tajikistan,Asia,2014,9.242,0.009242
TJK,Tajikistan,Asia,2015,7.856999999999999,0.007857
TJK,Tajikistan,Asia,2016,6.994,0.006993999999999999
TJK,Tajikistan,Asia,2017,7.535,0.007535
TJK,Tajikistan,Asia,2018,7.762,0.007762
TJK,Tajikistan,Asia,2019,8.301,0.008301
TJK,Tajikistan,Asia,2020,8.133999999999999,0.008133999999999999
TJK,Tajikistan,Asia,2021,8.934000000000001,0.008934000000000001
TJK,Tajikistan,Asia,2022,10.716000000000001,0.010716000000000002
TJK,Tajikistan,Asia,2023,12.242,0.012242000000000001
TJK,Tajikistan,Asia,2024,14.426,0.014426
TJK,Tajikistan,Asia,2025,17.542,0.017542000000000002
TJK,Tajikistan,Asia,2026,20.418,0.020418
TJK,Tajikistan,Asia,2027,21.402999999999995,0.021402999999999995
TJK,Tajikistan,Asia,2028,22.670000000000005,0.022670000000000006
TJK,Tajikistan,Asia,2029,24.041,0.024041
TJK,Tajikistan,Asia,2030,25.662,0.025661999999999997
TJK,Tajikistan,Asia,2031,27.657000000000004,0.027657000000000004
TZA,Tanzania,Africa,1980,10.873000000000003,0.010873000000000002
TZA,Tanzania,Africa,1981,13.005000000000003,0.013005000000000003
TZA,Tanzania,Africa,1982,14.932,0.014932
TZA,Tanzania,Africa,1983,15.293999999999999,0.015293999999999999
TZA,Tanzania,Africa,1984,13.915000000000001,0.013915
TZA,Tanzania,Africa,1985,12.556000000000003,0.012556000000000003
TZA,Tanzania,Africa,1986,15.874000000000002,0.015874000000000003
TZA,Tanzania,Africa,1987,7.820999999999999,0.007820999999999998
TZA,Tanzania,Africa,1988,7.474,0.007474000000000001
TZA,Tanzania,Africa,1989,6.444,0.006444
TZA,Tanzania,Africa,1990,5.172,0.0051719999999999995
TZA,Tanzania,Africa,1991,6.019,0.006019
TZA,Tanzania,Africa,1992,5.588,0.005588
TZA,Tanzania,Africa,1993,5.169999999999999,0.005169999999999999
TZA,Tanzania,Africa,1994,5.478,0.005477999999999999
TZA,Tanzania,Africa,1995,6.382,0.006382
TZA,Tanzania,Africa,1996,7.889,0.007889
TZA,Tanzania,Africa,1997,9.341000000000001,0.009341
TZA,Tanzania,Africa,1998,11.481,0.011481
TZA,Tanzania,Africa,1999,11.777000000000001,0.011777000000000001
TZA,Tanzania,Africa,2000,12.369000000000002,0.012369000000000002
TZA,Tanzania,Africa,2001,12.610000000000001,0.012610000000000001
TZA,Tanzania,Africa,2002,13.123000000000001,0.013123000000000001
TZA,Tanzania,Africa,2003,14.159000000000002,0.014159000000000003
TZA,Tanzania,Africa,2004,15.576000000000002,0.015576000000000003
TZA,Tanzania,Africa,2005,17.174,0.017174
TZA,Tanzania,Africa,2006,18.878,0.018878
TZA,Tanzania,Africa,2007,21.81,0.02181
TZA,Tanzania,Africa,2008,27.779,0.027779
TZA,Tanzania,Africa,2009,29.300999999999995,0.029300999999999994
TZA,Tanzania,Africa,2010,31.86,0.03186
TZA,Tanzania,Africa,2011,34.369,0.034369
TZA,Tanzania,Africa,2012,39.650000000000006,0.039650000000000005
TZA,Tanzania,Africa,2013,45.677,0.045677
TZA,Tanzania,Africa,2014,49.982,0.049982
TZA,Tanzania,Africa,2015,47.42400000000001,0.04742400000000001
TZA,Tanzania,Africa,2016,49.774,0.049774
TZA,Tanzania,Africa,2017,54,0.054
TZA,Tanzania,Africa,2018,54.775000000000006,0.054775000000000004
TZA,Tanzania,Africa,2019,58.79700000000001,0.05879700000000001
TZA,Tanzania,Africa,2020,63.373000000000005,0.063373
TZA,Tanzania,Africa,2021,67.96400000000001,0.06796400000000001
TZA,Tanzania,Africa,2022,74.17299999999999,0.07417299999999999
TZA,Tanzania,Africa,2023,78.368,0.078368
TZA,Tanzania,Africa,2024,79.236,0.079236
TZA,Tanzania,Africa,2025,87.344,0.08734399999999999
TZA,Tanzania,Africa,2026,94.88899999999998,0.09488899999999999
TZA,Tanzania,Africa,2027,103.76700000000001,0.10376700000000001
TZA,Tanzania,Africa,2028,113.93000000000002,0.11393000000000002
TZA,Tanzania,Africa,2029,125.045,0.125045
TZA,Tanzania,Africa,2030,137.185,0.137185
TZA,Tanzania,Africa,2031,151.961,0.151961
THA,Thailand,Asia,1980,33.422000000000004,0.03342200000000001
THA,Thailand,Asia,1981,35.999,0.035999
THA,Thailand,Asia,1982,37.799000000000014,0.03779900000000001
THA,Thailand,Asia,1983,41.366,0.041366
THA,Thailand,Asia,1984,43.179,0.043179
THA,Thailand,Asia,1985,40.185,0.040185000000000005
THA,Thailand,Asia,1986,44.52,0.044520000000000004
THA,Thailand,Asia,1987,52.204,0.052204
THA,Thailand,Asia,1988,63.704,0.063704
THA,Thailand,Asia,1989,74.637,0.074637
THA,Thailand,Asia,1990,88.46700000000001,0.08846700000000002
THA,Thailand,Asia,1991,101.24700000000001,0.10124700000000002
THA,Thailand,Asia,1992,115.57599999999998,0.11557599999999998
THA,Thailand,Asia,1993,128.889,0.128889
THA,Thailand,Asia,1994,146.684,0.146684
THA,Thailand,Asia,1995,169.27899999999997,0.16927899999999996
THA,Thailand,Asia,1996,183.035,0.183035
THA,Thailand,Asia,1997,150.18,0.15018
THA,Thailand,Asia,1998,113.67599999999999,0.11367599999999999
THA,Thailand,Asia,1999,126.669,0.126669
THA,Thailand,Asia,2000,126.392,0.126392
THA,Thailand,Asia,2001,120.29600000000002,0.12029600000000001
THA,Thailand,Asia,2002,134.30100000000002,0.134301
THA,Thailand,Asia,2003,152.281,0.152281
THA,Thailand,Asia,2004,172.89600000000002,0.17289600000000002
THA,Thailand,Asia,2005,189.318,0.18931800000000001
THA,Thailand,Asia,2006,221.758,0.221758
THA,Thailand,Asia,2007,262.9429999999999,0.2629429999999999
THA,Thailand,Asia,2008,291.3829999999999,0.29138299999999995
THA,Thailand,Asia,2009,281.71099999999996,0.28171099999999993
THA,Thailand,Asia,2010,341.105,0.341105
THA,Thailand,Asia,2011,370.819,0.370819
THA,Thailand,Asia,2012,397.558,0.39755799999999997
THA,Thailand,Asia,2013,420.334,0.420334
THA,Thailand,Asia,2014,407.339,0.407339
THA,Thailand,Asia,2015,401.29599999999994,0.40129599999999993
THA,Thailand,Asia,2016,413.366,0.413366
THA,Thailand,Asia,2017,456.3570000000001,0.45635700000000007
THA,Thailand,Asia,2018,506.754,0.506754
THA,Thailand,Asia,2019,543.977,0.5439769999999999
THA,Thailand,Asia,2020,500.2749999999999,0.5002749999999999
THA,Thailand,Asia,2021,506.05,0.50605
THA,Thailand,Asia,2022,495.692,0.495692
THA,Thailand,Asia,2023,517.013,0.5170130000000001
THA,Thailand,Asia,2024,529.386,0.5293859999999999
THA,Thailand,Asia,2025,577.01,0.57701
THA,Thailand,Asia,2026,579.996,0.579996
THA,Thailand,Asia,2027,584.045,0.5840449999999999
THA,Thailand,Asia,2028,599.255,0.599255
THA,Thailand,Asia,2029,622.614,0.622614
THA,Thailand,Asia,2030,647.521,0.647521
THA,Thailand,Asia,2031,675.3489999999999,0.675349
TLS,Timor-Leste,Asia,2000,0.36700000000000005,3.6700000000000003e-4
TLS,Timor-Leste,Asia,2001,0.47700000000000004,4.7700000000000005e-4
TLS,Timor-Leste,Asia,2002,0.47000000000000003,4.7000000000000004e-4
TLS,Timor-Leste,Asia,2003,0.4900000000000001,4.900000000000001e-4
TLS,Timor-Leste,Asia,2004,0.441,4.41e-4
TLS,Timor-Leste,Asia,2005,0.462,4.62e-4
TLS,Timor-Leste,Asia,2006,0.454,4.5400000000000003e-4
TLS,Timor-Leste,Asia,2007,0.543,5.430000000000001e-4
TLS,Timor-Leste,Asia,2008,0.648,6.48e-4
TLS,Timor-Leste,Asia,2009,0.727,7.27e-4
TLS,Timor-Leste,Asia,2010,0.882,8.82e-4
TLS,Timor-Leste,Asia,2011,1.042,0.001042
TLS,Timor-Leste,Asia,2012,1.1599999999999997,0.0011599999999999998
TLS,Timor-Leste,Asia,2013,1.3959999999999997,0.0013959999999999997
TLS,Timor-Leste,Asia,2014,1.448,0.0014479999999999999
TLS,Timor-Leste,Asia,2015,1.59,0.00159
TLS,Timor-Leste,Asia,2016,1.6399999999999997,0.0016399999999999997
TLS,Timor-Leste,Asia,2017,1.585,0.001585
TLS,Timor-Leste,Asia,2018,1.556,0.001556
TLS,Timor-Leste,Asia,2019,2.0329999999999995,0.0020329999999999997
TLS,Timor-Leste,Asia,2020,2.163,0.002163
TLS,Timor-Leste,Asia,2021,3.625,0.003625
TLS,Timor-Leste,Asia,2022,3.209,0.003209
TLS,Timor-Leste,Asia,2023,2.08,0.0020800000000000003
TLS,Timor-Leste,Asia,2024,1.866,0.001866
TLS,Timor-Leste,Asia,2025,2.064,0.002064
TLS,Timor-Leste,Asia,2026,2.17,0.00217
TLS,Timor-Leste,Asia,2027,2.3149999999999995,0.0023149999999999993
TLS,Timor-Leste,Asia,2028,2.4659999999999997,0.002466
TLS,Timor-Leste,Asia,2029,2.621,0.002621
TLS,Timor-Leste,Asia,2030,2.783,0.002783
TLS,Timor-Leste,Asia,2031,2.9529999999999994,0.0029529999999999995
TGO,Togo,Africa,1980,1.9209999999999998,0.0019209999999999997
TGO,Togo,Africa,1981,1.616,0.001616
TGO,Togo,Africa,1982,1.3959999999999997,0.0013959999999999997
TGO,Togo,Africa,1983,1.33,0.00133
TGO,Togo,Africa,1984,1.222,0.001222
TGO,Togo,Africa,1985,1.2809999999999997,0.0012809999999999996
TGO,Togo,Africa,1986,1.7949999999999997,0.0017949999999999997
TGO,Togo,Africa,1987,2.107,0.0021070000000000004
TGO,Togo,Africa,1988,2.3449999999999998,0.002345
TGO,Togo,Africa,1989,2.3019999999999996,0.002302
TGO,Togo,Africa,1990,2.772,0.0027719999999999997
TGO,Togo,Africa,1991,2.74,0.0027400000000000002
TGO,Togo,Africa,1992,2.8729999999999998,0.0028729999999999997
TGO,Togo,Africa,1993,2.189,0.002189
TGO,Togo,Africa,1994,1.697,0.0016970000000000002
TGO,Togo,Africa,1995,2.24,0.0022400000000000002
TGO,Togo,Africa,1996,2.448,0.002448
TGO,Togo,Africa,1997,2.4939999999999998,0.0024939999999999997
TGO,Togo,Africa,1998,2.3609999999999998,0.002361
TGO,Togo,Africa,1999,2.3699999999999997,0.0023699999999999997
TGO,Togo,Africa,2000,2.014,0.0020139999999999997
TGO,Togo,Africa,2001,2,0.002
TGO,Togo,Africa,2002,2.3009999999999997,0.0023009999999999997
TGO,Togo,Africa,2003,2.8539999999999996,0.0028539999999999998
TGO,Togo,Africa,2004,3.048,0.003048
TGO,Togo,Africa,2005,3.08,0.0030800000000000003
TGO,Togo,Africa,2006,3.173,0.003173
TGO,Togo,Africa,2007,3.76,0.00376
TGO,Togo,Africa,2008,4.578,0.0045780000000000005
TGO,Togo,Africa,2009,4.717,0.004717
TGO,Togo,Africa,2010,4.75,0.00475
TGO,Togo,Africa,2011,5.421,0.0054210000000000005
TGO,Togo,Africa,2012,5.417,0.005417
TGO,Togo,Africa,2013,6.021999999999999,0.006022
TGO,Togo,Africa,2014,6.394999999999999,0.006394999999999999
TGO,Togo,Africa,2015,5.756,0.005756
TGO,Togo,Africa,2016,6.069,0.006069
TGO,Togo,Africa,2017,6.384999999999999,0.006384999999999999
TGO,Togo,Africa,2018,7.032,0.007032
TGO,Togo,Africa,2019,6.993,0.006993
TGO,Togo,Africa,2020,7.497,0.007497
TGO,Togo,Africa,2021,8.546000000000001,0.008546000000000002
TGO,Togo,Africa,2022,8.665000000000001,0.008665
TGO,Togo,Africa,2023,9.725,0.009725
TGO,Togo,Africa,2024,10.643999999999998,0.010643999999999999
TGO,Togo,Africa,2025,11.899000000000001,0.011899000000000002
TGO,Togo,Africa,2026,13.437000000000001,0.013437000000000001
TGO,Togo,Africa,2027,14.441,0.014441
TGO,Togo,Africa,2028,15.498000000000001,0.015498000000000001
TGO,Togo,Africa,2029,16.669,0.016669
TGO,Togo,Africa,2030,17.937,0.017937
TGO,Togo,Africa,2031,19.302,0.019302
TON,Tonga,Oceania,1980,0.07099999999999998,7.099999999999998e-5
TON,Tonga,Oceania,1981,0.079,7.9e-5
TON,Tonga,Oceania,1982,0.079,7.9e-5
TON,Tonga,Oceania,1983,0.077,7.7e-5
TON,Tonga,Oceania,1984,0.081,8.1e-5
TON,Tonga,Oceania,1985,0.076,7.6e-5
TON,Tonga,Oceania,1986,0.08999999999999998,8.999999999999998e-5
TON,Tonga,Oceania,1987,0.098,9.800000000000001e-5
TON,Tonga,Oceania,1988,0.115,1.15e-4
TON,Tonga,Oceania,1989,0.139,1.3900000000000002e-4
TON,Tonga,Oceania,1990,0.14400000000000002,1.44e-4
TON,Tonga,Oceania,1991,0.169,1.6900000000000002e-4
TON,Tonga,Oceania,1992,0.17800000000000002,1.7800000000000002e-4
TON,Tonga,Oceania,1993,0.183,1.83e-4
TON,Tonga,Oceania,1994,0.189,1.89e-4
TON,Tonga,Oceania,1995,0.20700000000000002,2.0700000000000002e-4
TON,Tonga,Oceania,1996,0.21800000000000003,2.1800000000000004e-4
TON,Tonga,Oceania,1997,0.222,2.22e-4
TON,Tonga,Oceania,1998,0.21200000000000002,2.1200000000000003e-4
TON,Tonga,Oceania,1999,0.197,1.9700000000000002e-4
TON,Tonga,Oceania,2000,0.203,2.03e-4
TON,Tonga,Oceania,2001,0.181,1.8099999999999998e-4
TON,Tonga,Oceania,2002,0.183,1.83e-4
TON,Tonga,Oceania,2003,0.202,2.02e-4
TON,Tonga,Oceania,2004,0.231,2.31e-4
TON,Tonga,Oceania,2005,0.262,2.62e-4
TON,Tonga,Oceania,2006,0.29200000000000004,2.9200000000000005e-4
TON,Tonga,Oceania,2007,0.2990000000000001,2.990000000000001e-4
TON,Tonga,Oceania,2008,0.344,3.4399999999999996e-4
TON,Tonga,Oceania,2009,0.312,3.12e-4
TON,Tonga,Oceania,2010,0.36700000000000005,3.6700000000000003e-4
TON,Tonga,Oceania,2011,0.41500000000000004,4.1500000000000006e-4
TON,Tonga,Oceania,2012,0.4270000000000001,4.270000000000001e-4
TON,Tonga,Oceania,2013,0.452,4.5200000000000004e-4
TON,Tonga,Oceania,2014,0.441,4.41e-4
TON,Tonga,Oceania,2015,0.43800000000000006,4.380000000000001e-4
TON,Tonga,Oceania,2016,0.4210000000000001,4.210000000000001e-4
TON,Tonga,Oceania,2017,0.46,4.6e-4
TON,Tonga,Oceania,2018,0.4850000000000001,4.850000000000001e-4
TON,Tonga,Oceania,2019,0.505,5.05e-4
TON,Tonga,Oceania,2020,0.512,5.12e-4
TON,Tonga,Oceania,2021,0.521,5.21e-4
TON,Tonga,Oceania,2022,0.553,5.53e-4
TON,Tonga,Oceania,2023,0.596,5.96e-4
TON,Tonga,Oceania,2024,0.646,6.46e-4
TON,Tonga,Oceania,2025,0.6799999999999999,6.799999999999999e-4
TON,Tonga,Oceania,2026,0.716,7.16e-4
TON,Tonga,Oceania,2027,0.753,7.53e-4
TON,Tonga,Oceania,2028,0.771,7.71e-4
TON,Tonga,Oceania,2029,0.7969999999999999,7.97e-4
TON,Tonga,Oceania,2030,0.8250000000000001,8.250000000000001e-4
TON,Tonga,Oceania,2031,0.8540000000000001,8.54e-4
TTO,Trinidad & Tobago,Americas,1980,6.343,0.006343
TTO,Trinidad & Tobago,Americas,1981,7.1129999999999995,0.0071129999999999995
TTO,Trinidad & Tobago,Americas,1982,8.280000000000001,0.008280000000000001
TTO,Trinidad & Tobago,Americas,1983,7.897999999999999,0.007897999999999999
TTO,Trinidad & Tobago,Americas,1984,7.891,0.007891
TTO,Trinidad & Tobago,Americas,1985,7.503,0.007503
TTO,Trinidad & Tobago,Americas,1986,4.877,0.004876999999999999
TTO,Trinidad & Tobago,Americas,1987,4.88,0.00488
TTO,Trinidad & Tobago,Americas,1988,4.574,0.004574
TTO,Trinidad & Tobago,Americas,1989,4.396999999999999,0.004396999999999999
TTO,Trinidad & Tobago,Americas,1990,5.154999999999999,0.005154999999999999
TTO,Trinidad & Tobago,Americas,1991,5.399,0.005399
TTO,Trinidad & Tobago,Americas,1992,5.533,0.005533000000000001
TTO,Trinidad & Tobago,Americas,1993,4.655999999999999,0.004655999999999999
TTO,Trinidad & Tobago,Americas,1994,5.032,0.005032
TTO,Trinidad & Tobago,Americas,1995,5.421,0.0054210000000000005
TTO,Trinidad & Tobago,Americas,1996,5.859,0.005859
TTO,Trinidad & Tobago,Americas,1997,5.837,0.005837
TTO,Trinidad & Tobago,Americas,1998,6.147999999999999,0.006147999999999999
TTO,Trinidad & Tobago,Americas,1999,6.926,0.006926
TTO,Trinidad & Tobago,Americas,2000,8.295000000000002,0.008295000000000002
TTO,Trinidad & Tobago,Americas,2001,8.960000000000003,0.008960000000000003
TTO,Trinidad & Tobago,Americas,2002,9.148,0.009148
TTO,Trinidad & Tobago,Americas,2003,11.464,0.011464
TTO,Trinidad & Tobago,Americas,2004,13.472000000000001,0.013472000000000001
TTO,Trinidad & Tobago,Americas,2005,16.170000000000005,0.016170000000000004
TTO,Trinidad & Tobago,Americas,2006,18.6,0.018600000000000002
TTO,Trinidad & Tobago,Americas,2007,21.937,0.021937
TTO,Trinidad & Tobago,Americas,2008,28.193,0.028193000000000003
TTO,Trinidad & Tobago,Americas,2009,19.52,0.01952
TTO,Trinidad & Tobago,Americas,2010,22.521999999999995,0.022521999999999993
TTO,Trinidad & Tobago,Americas,2011,25.788999999999998,0.025789
TTO,Trinidad & Tobago,Americas,2012,27.146999999999995,0.027146999999999994
TTO,Trinidad & Tobago,Americas,2013,28.561,0.028561
TTO,Trinidad & Tobago,Americas,2014,29.474,0.029474
TTO,Trinidad & Tobago,Americas,2015,26.841,0.026841
TTO,Trinidad & Tobago,Americas,2016,23.624,0.023624
TTO,Trinidad & Tobago,Americas,2017,23.831000000000003,0.023831
TTO,Trinidad & Tobago,Americas,2018,23.882999999999996,0.023882999999999995
TTO,Trinidad & Tobago,Americas,2019,23.478,0.023478000000000002
TTO,Trinidad & Tobago,Americas,2020,20.888999999999996,0.020888999999999994
TTO,Trinidad & Tobago,Americas,2021,24.222999999999995,0.024222999999999995
TTO,Trinidad & Tobago,Americas,2022,28.341,0.028341
TTO,Trinidad & Tobago,Americas,2023,25.037,0.025037
TTO,Trinidad & Tobago,Americas,2024,25.634000000000004,0.025634000000000004
TTO,Trinidad & Tobago,Americas,2025,25.932,0.025932
TTO,Trinidad & Tobago,Americas,2026,26.836,0.026836
TTO,Trinidad & Tobago,Americas,2027,28.149,0.028149
TTO,Trinidad & Tobago,Americas,2028,29.378,0.029378
TTO,Trinidad & Tobago,Americas,2029,30.361999999999995,0.030361999999999993
TTO,Trinidad & Tobago,Americas,2030,31.345,0.031345
TTO,Trinidad & Tobago,Americas,2031,32.26500000000001,0.03226500000000001
TUN,Tunisia,Africa,1980,9.566,0.009566000000000002
TUN,Tunisia,Africa,1981,9.222999999999999,0.009222999999999999
TUN,Tunisia,Africa,1982,8.9,0.0089
TUN,Tunisia,Africa,1983,9.202,0.009202
TUN,Tunisia,Africa,1984,9.054,0.009054
TUN,Tunisia,Africa,1985,9.245,0.009245
TUN,Tunisia,Africa,1986,9.91,0.00991
TUN,Tunisia,Africa,1987,10.663,0.010663
TUN,Tunisia,Africa,1988,11.073,0.011073000000000001
TUN,Tunisia,Africa,1989,11.069000000000003,0.011069000000000002
TUN,Tunisia,Africa,1990,14.133000000000001,0.014133000000000001
TUN,Tunisia,Africa,1991,14.897,0.014897
TUN,Tunisia,Africa,1992,17.809,0.017809000000000002
TUN,Tunisia,Africa,1993,16.724,0.016724
TUN,Tunisia,Africa,1994,17.885999999999996,0.017885999999999996
TUN,Tunisia,Africa,1995,20.616000000000003,0.020616000000000002
TUN,Tunisia,Africa,1996,22.324000000000005,0.022324000000000004
TUN,Tunisia,Africa,1997,21.761999999999997,0.021761999999999997
TUN,Tunisia,Africa,1998,22.87,0.02287
TUN,Tunisia,Africa,1999,24.065999999999995,0.024065999999999997
TUN,Tunisia,Africa,2000,22.524,0.022524000000000002
TUN,Tunisia,Africa,2001,23.146,0.023146
TUN,Tunisia,Africa,2002,24.274,0.024274
TUN,Tunisia,Africa,2003,28.797,0.028797
TUN,Tunisia,Africa,2004,32.71,0.03271
TUN,Tunisia,Africa,2005,33.851,0.033851
TUN,Tunisia,Africa,2006,36.059000000000005,0.03605900000000001
TUN,Tunisia,Africa,2007,40.818999999999996,0.040818999999999994
TUN,Tunisia,Africa,2008,47.039,0.047039000000000004
TUN,Tunisia,Africa,2009,45.59300000000001,0.04559300000000001
TUN,Tunisia,Africa,2010,46.21,0.04621
TUN,Tunisia,Africa,2011,48.12200000000001,0.048122000000000005
TUN,Tunisia,Africa,2012,47.31099999999999,0.04731099999999999
TUN,Tunisia,Africa,2013,48.681000000000004,0.048681
TUN,Tunisia,Africa,2014,50.273,0.050273000000000005
TUN,Tunisia,Africa,2015,45.779,0.045779
TUN,Tunisia,Africa,2016,44.36,0.04436
TUN,Tunisia,Africa,2017,42.167,0.042167
TUN,Tunisia,Africa,2018,42.687000000000005,0.042687
TUN,Tunisia,Africa,2019,41.905,0.041905
TUN,Tunisia,Africa,2020,42.494,0.042494
TUN,Tunisia,Africa,2021,46.812999999999995,0.046812999999999994
TUN,Tunisia,Africa,2022,44.59600000000001,0.04459600000000001
TUN,Tunisia,Africa,2023,48.540000000000006,0.04854000000000001
TUN,Tunisia,Africa,2024,51.330999999999996,0.051330999999999995
TUN,Tunisia,Africa,2025,57.589000000000006,0.05758900000000001
TUN,Tunisia,Africa,2026,60.745000000000005,0.06074500000000001
TUN,Tunisia,Africa,2027,59.061,0.059061
TUN,Tunisia,Africa,2028,59.611000000000004,0.059611000000000004
TUN,Tunisia,Africa,2029,60.631,0.060631
TUN,Tunisia,Africa,2030,61.553000000000004,0.061553000000000004
TUN,Tunisia,Africa,2031,62.66900000000001,0.06266900000000002
TUR,Turkey,Asia,1980,96.62899999999999,0.09662899999999999
TUR,Turkey,Asia,1981,97.898,0.097898
TUR,Turkey,Asia,1982,88.94800000000001,0.08894800000000001
TUR,Turkey,Asia,1983,84.996,0.08499599999999999
TUR,Turkey,Asia,1984,82.66999999999999,0.08267
TUR,Turkey,Asia,1985,92.85799999999999,0.092858
TUR,Turkey,Asia,1986,102.371,0.10237099999999999
TUR,Turkey,Asia,1987,118.966,0.11896599999999999
TUR,Turkey,Asia,1988,125.07499999999999,0.125075
TUR,Turkey,Asia,1989,147.777,0.147777
TUR,Turkey,Asia,1990,207.578,0.207578
TUR,Turkey,Asia,1991,208.47299999999998,0.208473
TUR,Turkey,Asia,1992,219.25,0.21925
TUR,Turkey,Asia,1993,248.657,0.24865700000000002
TUR,Turkey,Asia,1994,179.42,0.17942
TUR,Turkey,Asia,1995,233.64499999999998,0.233645
TUR,Turkey,Asia,1996,250.571,0.250571
TUR,Turkey,Asia,1997,261.946,0.261946
TUR,Turkey,Asia,1998,277.6929999999999,0.2776929999999999
TUR,Turkey,Asia,1999,254.3,0.2543
TUR,Turkey,Asia,2000,273.57,0.27357
TUR,Turkey,Asia,2001,203.001,0.20300100000000001
TUR,Turkey,Asia,2002,238.67399999999998,0.23867399999999997
TUR,Turkey,Asia,2003,317.3419999999999,0.3173419999999999
TUR,Turkey,Asia,2004,408.3090000000001,0.4083090000000001
TUR,Turkey,Asia,2005,506.79399999999987,0.5067939999999999
TUR,Turkey,Asia,2006,554.9019999999999,0.5549019999999999
TUR,Turkey,Asia,2007,686.909,0.686909
TUR,Turkey,Asia,2008,787.8969999999999,0.787897
TUR,Turkey,Asia,2009,656.134,0.656134
TUR,Turkey,Asia,2010,783.025,0.783025
TUR,Turkey,Asia,2011,843.3259999999999,0.8433259999999999
TUR,Turkey,Asia,2012,882.4369999999999,0.8824369999999999
TUR,Turkey,Asia,2013,962.4569999999999,0.9624569999999999
TUR,Turkey,Asia,2014,943.3369999999999,0.9433369999999999
TUR,Turkey,Asia,2015,868.204,0.868204
TUR,Turkey,Asia,2016,870.339,0.8703390000000001
TUR,Turkey,Asia,2017,863.9059999999998,0.8639059999999998
TUR,Turkey,Asia,2018,807.3179999999999,0.8073179999999999
TUR,Turkey,Asia,2019,775.223,0.775223
TUR,Turkey,Asia,2020,730.3449999999999,0.7303449999999999
TUR,Turkey,Asia,2021,827.6730000000001,0.8276730000000001
TUR,Turkey,Asia,2022,924.7519999999998,0.9247519999999998
TUR,Turkey,Asia,2023,1153.295,1.1532950000000002
TUR,Turkey,Asia,2024,1358.251,1.3582509999999999
TUR,Turkey,Asia,2025,1597.301,1.5973009999999999
TUR,Turkey,Asia,2026,1640.223,1.640223
TUR,Turkey,Asia,2027,1629.539,1.629539
TUR,Turkey,Asia,2028,1741.606,1.741606
TUR,Turkey,Asia,2029,1842.887,1.842887
TUR,Turkey,Asia,2030,1933.816,1.933816
TUR,Turkey,Asia,2031,2027.846,2.027846
TKM,Turkmenistan,Asia,1992,0.886,8.86e-4
TKM,Turkmenistan,Asia,1993,4.997,0.004997
TKM,Turkmenistan,Asia,1994,4.232,0.0042320000000000005
TKM,Turkmenistan,Asia,1995,5.473,0.0054729999999999996
TKM,Turkmenistan,Asia,1996,2.217,0.0022170000000000002
TKM,Turkmenistan,Asia,1997,2.4979999999999998,0.002498
TKM,Turkmenistan,Asia,1998,2.667,0.0026669999999999997
TKM,Turkmenistan,Asia,1999,3.594,0.003594
TKM,Turkmenistan,Asia,2000,4.68,0.00468
TKM,Turkmenistan,Asia,2001,6.461,0.006461000000000001
TKM,Turkmenistan,Asia,2002,8.107000000000001,0.008107000000000001
TKM,Turkmenistan,Asia,2003,10.645,0.010645
TKM,Turkmenistan,Asia,2004,13.227999999999998,0.013227999999999998
TKM,Turkmenistan,Asia,2005,16.003,0.016003
TKM,Turkmenistan,Asia,2006,19.935,0.019934999999999998
TKM,Turkmenistan,Asia,2007,24.192,0.024192
TKM,Turkmenistan,Asia,2008,20.048999999999996,0.020048999999999997
TKM,Turkmenistan,Asia,2009,18.836,0.018836
TKM,Turkmenistan,Asia,2010,21.321000000000005,0.021321000000000007
TKM,Turkmenistan,Asia,2011,27.776,0.027776
TKM,Turkmenistan,Asia,2012,35.164,0.035164
TKM,Turkmenistan,Asia,2013,39.19800000000001,0.03919800000000001
TKM,Turkmenistan,Asia,2014,43.524,0.043524
TKM,Turkmenistan,Asia,2015,35.80000000000001,0.03580000000000001
TKM,Turkmenistan,Asia,2016,36.18,0.03618
TKM,Turkmenistan,Asia,2017,37.926,0.037926
TKM,Turkmenistan,Asia,2018,40.76200000000001,0.04076200000000001
TKM,Turkmenistan,Asia,2019,44.974000000000004,0.04497400000000001
TKM,Turkmenistan,Asia,2020,45.455,0.045454999999999995
TKM,Turkmenistan,Asia,2021,49.477000000000004,0.04947700000000001
TKM,Turkmenistan,Asia,2022,56.677,0.056677
TKM,Turkmenistan,Asia,2023,62.81399999999999,0.062814
TKM,Turkmenistan,Asia,2024,68.67499999999998,0.06867499999999999
TKM,Turkmenistan,Asia,2025,77.398,0.077398
TKM,Turkmenistan,Asia,2026,83.06500000000001,0.08306500000000001
TKM,Turkmenistan,Asia,2027,87.909,0.087909
TKM,Turkmenistan,Asia,2028,93.864,0.093864
TKM,Turkmenistan,Asia,2029,100.335,0.100335
TKM,Turkmenistan,Asia,2030,107.282,0.107282
TKM,Turkmenistan,Asia,2031,114.732,0.114732
TUV,Tuvalu,Oceania,2000,0.015,1.4999999999999999e-5
TUV,Tuvalu,Oceania,2001,0.014,1.4e-5
TUV,Tuvalu,Oceania,2002,0.017,1.7e-5
TUV,Tuvalu,Oceania,2003,0.02,2e-5
TUV,Tuvalu,Oceania,2004,0.023,2.3e-5
TUV,Tuvalu,Oceania,2005,0.023,2.3e-5
TUV,Tuvalu,Oceania,2006,0.024,2.4e-5
TUV,Tuvalu,Oceania,2007,0.028999999999999998,2.8999999999999997e-5
TUV,Tuvalu,Oceania,2008,0.032,3.2e-5
TUV,Tuvalu,Oceania,2009,0.028,2.8e-5
TUV,Tuvalu,Oceania,2010,0.033,3.3e-5
TUV,Tuvalu,Oceania,2011,0.04,4e-5
TUV,Tuvalu,Oceania,2012,0.039,3.9e-5
TUV,Tuvalu,Oceania,2013,0.039,3.9e-5
TUV,Tuvalu,Oceania,2014,0.039,3.9e-5
TUV,Tuvalu,Oceania,2015,0.037,3.7e-5
TUV,Tuvalu,Oceania,2016,0.041,4.1e-5
TUV,Tuvalu,Oceania,2017,0.045,4.4999999999999996e-5
TUV,Tuvalu,Oceania,2018,0.048,4.8e-5
TUV,Tuvalu,Oceania,2019,0.054000000000000006,5.4000000000000005e-5
TUV,Tuvalu,Oceania,2020,0.053000000000000005,5.300000000000001e-5
TUV,Tuvalu,Oceania,2021,0.062,6.2e-5
TUV,Tuvalu,Oceania,2022,0.054000000000000006,5.4000000000000005e-5
TUV,Tuvalu,Oceania,2023,0.051000000000000004,5.1000000000000006e-5
TUV,Tuvalu,Oceania,2024,0.056,5.6e-5
TUV,Tuvalu,Oceania,2025,0.058,5.8e-5
TUV,Tuvalu,Oceania,2026,0.065,6.500000000000001e-5
TUV,Tuvalu,Oceania,2027,0.06899999999999999,6.9e-5
TUV,Tuvalu,Oceania,2028,0.07199999999999998,7.199999999999997e-5
TUV,Tuvalu,Oceania,2029,0.075,7.5e-5
TUV,Tuvalu,Oceania,2030,0.07800000000000001,7.800000000000001e-5
TUV,Tuvalu,Oceania,2031,0.081,8.1e-5
UGA,Uganda,Africa,1980,7.486,0.007486
UGA,Uganda,Africa,1981,12.120000000000001,0.01212
UGA,Uganda,Africa,1982,8.41,0.00841
UGA,Uganda,Africa,1983,9.619,0.009618999999999999
UGA,Uganda,Africa,1984,7.399,0.007399
UGA,Uganda,Africa,1985,6.771,0.006771
UGA,Uganda,Africa,1986,6.746,0.006746
UGA,Uganda,Africa,1987,10.878,0.010878
UGA,Uganda,Africa,1988,11.268,0.011268
UGA,Uganda,Africa,1989,9.136000000000001,0.009136000000000002
UGA,Uganda,Africa,1990,7.452,0.007452
UGA,Uganda,Africa,1991,3.8969999999999994,0.0038969999999999994
UGA,Uganda,Africa,1992,3.645,0.003645
UGA,Uganda,Africa,1993,4.310999999999999,0.004310999999999999
UGA,Uganda,Africa,1994,6.24,0.00624
UGA,Uganda,Africa,1995,7.473,0.007473
UGA,Uganda,Africa,1996,7.713,0.007713
UGA,Uganda,Africa,1997,8.407,0.008407
UGA,Uganda,Africa,1998,8.229999999999999,0.00823
UGA,Uganda,Africa,1999,7.8229999999999995,0.007823
UGA,Uganda,Africa,2000,7.756,0.007756
UGA,Uganda,Africa,2001,7.835,0.007835
UGA,Uganda,Africa,2002,8.425,0.008425
UGA,Uganda,Africa,2003,8.725,0.008725
UGA,Uganda,Africa,2004,10.75,0.01075
UGA,Uganda,Africa,2005,12.460000000000003,0.012460000000000002
UGA,Uganda,Africa,2006,14.079000000000002,0.014079000000000003
UGA,Uganda,Africa,2007,17.512,0.017512
UGA,Uganda,Africa,2008,22.419,0.022419
UGA,Uganda,Africa,2009,24.107,0.024107
UGA,Uganda,Africa,2010,24.683,0.024683
UGA,Uganda,Africa,2011,27.501,0.027501
UGA,Uganda,Africa,2012,30.939,0.030939
UGA,Uganda,Africa,2013,32.330999999999996,0.032331
UGA,Uganda,Africa,2014,34.754000000000005,0.03475400000000001
UGA,Uganda,Africa,2015,30.122,0.030122
UGA,Uganda,Africa,2016,30.232,0.030232
UGA,Uganda,Africa,2017,31.588999999999995,0.03158899999999999
UGA,Uganda,Africa,2018,34.127,0.034127000000000005
UGA,Uganda,Africa,2019,37.895,0.037895000000000005
UGA,Uganda,Africa,2020,37.888999999999996,0.037889
UGA,Uganda,Africa,2021,42.805,0.042805
UGA,Uganda,Africa,2022,47.272000000000006,0.04727200000000001
UGA,Uganda,Africa,2023,52.038000000000004,0.052038
UGA,Uganda,Africa,2024,57.061,0.057061
UGA,Uganda,Africa,2025,66.014,0.06601399999999999
UGA,Uganda,Africa,2026,73.36999999999999,0.07336999999999999
UGA,Uganda,Africa,2027,80.198,0.08019799999999999
UGA,Uganda,Africa,2028,87.68399999999998,0.08768399999999998
UGA,Uganda,Africa,2029,95.95200000000001,0.09595200000000001
UGA,Uganda,Africa,2030,103.90400000000001,0.10390400000000001
UGA,Uganda,Africa,2031,112.31,0.11231000000000001
UKR,Ukraine,Europe,1991,515.5169999999999,0.5155169999999999
UKR,Ukraine,Europe,1992,21.460999999999995,0.021460999999999994
UKR,Ukraine,Europe,1993,32.713,0.032713
UKR,Ukraine,Europe,1994,36.755,0.036755
UKR,Ukraine,Europe,1995,37.009,0.037009
UKR,Ukraine,Europe,1996,44.559000000000005,0.044559
UKR,Ukraine,Europe,1997,50.152,0.050152
UKR,Ukraine,Europe,1998,41.882999999999996,0.041883
UKR,Ukraine,Europe,1999,31.581,0.031581
UKR,Ukraine,Europe,2000,32.375,0.032375
UKR,Ukraine,Europe,2001,39.309000000000005,0.039309000000000004
UKR,Ukraine,Europe,2002,43.955999999999996,0.043955999999999995
UKR,Ukraine,Europe,2003,52.010000000000005,0.05201000000000001
UKR,Ukraine,Europe,2004,67.221,0.067221
UKR,Ukraine,Europe,2005,89.282,0.089282
UKR,Ukraine,Europe,2006,111.885,0.111885
UKR,Ukraine,Europe,2007,148.73399999999998,0.14873399999999998
UKR,Ukraine,Europe,2008,188.23999999999998,0.18824
UKR,Ukraine,Europe,2009,121.552,0.12155200000000001
UKR,Ukraine,Europe,2010,141.208,0.141208
UKR,Ukraine,Europe,2011,169.22899999999998,0.169229
UKR,Ukraine,Europe,2012,182.592,0.182592
UKR,Ukraine,Europe,2013,190.499,0.190499
UKR,Ukraine,Europe,2014,133.434,0.133434
UKR,Ukraine,Europe,2015,90.981,0.09098099999999999
UKR,Ukraine,Europe,2016,93.35499999999999,0.093355
UKR,Ukraine,Europe,2017,112.091,0.112091
UKR,Ukraine,Europe,2018,130.89100000000002,0.130891
UKR,Ukraine,Europe,2019,153.883,0.15388300000000002
UKR,Ukraine,Europe,2020,156.618,0.156618
UKR,Ukraine,Europe,2021,199.766,0.199766
UKR,Ukraine,Europe,2022,161.99,0.16199000000000002
UKR,Ukraine,Europe,2023,181.222,0.18122200000000002
UKR,Ukraine,Europe,2024,190.834,0.190834
UKR,Ukraine,Europe,2025,212.92700000000002,0.21292700000000003
UKR,Ukraine,Europe,2026,225.33700000000002,0.225337
UKR,Ukraine,Europe,2027,238.712,0.23871199999999998
UKR,Ukraine,Europe,2028,251.095,0.251095
UKR,Ukraine,Europe,2029,260.8879999999999,0.2608879999999999
UKR,Ukraine,Europe,2030,274.47599999999994,0.27447599999999994
UKR,Ukraine,Europe,2031,290.868,0.290868
ARE,United Arab Emirates,Asia,1980,41.72500000000001,0.041725000000000005
ARE,United Arab Emirates,Asia,1981,46.461000000000006,0.046461
ARE,United Arab Emirates,Asia,1982,43.205000000000005,0.04320500000000001
ARE,United Arab Emirates,Asia,1983,39.588,0.039588
ARE,United Arab Emirates,Asia,1984,39.245000000000005,0.039245
ARE,United Arab Emirates,Asia,1985,38.519000000000005,0.038519000000000005
ARE,United Arab Emirates,Asia,1986,30.526,0.030526
ARE,United Arab Emirates,Asia,1987,33.519000000000005,0.03351900000000001
ARE,United Arab Emirates,Asia,1988,34.069,0.034069
ARE,United Arab Emirates,Asia,1989,39.325,0.039325000000000006
ARE,United Arab Emirates,Asia,1990,50.682,0.050682000000000005
ARE,United Arab Emirates,Asia,1991,49.30000000000001,0.04930000000000001
ARE,United Arab Emirates,Asia,1992,51.952,0.051952
ARE,United Arab Emirates,Asia,1993,52.144000000000005,0.052144
ARE,United Arab Emirates,Asia,1994,57.395,0.057395
ARE,United Arab Emirates,Asia,1995,63.432,0.063432
ARE,United Arab Emirates,Asia,1996,72.85299999999998,0.07285299999999997
ARE,United Arab Emirates,Asia,1997,77.167,0.077167
ARE,United Arab Emirates,Asia,1998,75.304,0.075304
ARE,United Arab Emirates,Asia,1999,84.42,0.08442
ARE,United Arab Emirates,Asia,2000,102.987,0.102987
ARE,United Arab Emirates,Asia,2001,103.312,0.103312
ARE,United Arab Emirates,Asia,2002,109.816,0.109816
ARE,United Arab Emirates,Asia,2003,124.346,0.124346
ARE,United Arab Emirates,Asia,2004,147.812,0.147812
ARE,United Arab Emirates,Asia,2005,180.61599999999999,0.180616
ARE,United Arab Emirates,Asia,2006,222.117,0.22211699999999998
ARE,United Arab Emirates,Asia,2007,257.8829999999999,0.2578829999999999
ARE,United Arab Emirates,Asia,2008,315.464,0.315464
ARE,United Arab Emirates,Asia,2009,253.547,0.253547
ARE,United Arab Emirates,Asia,2010,307.73599999999993,0.30773599999999995
ARE,United Arab Emirates,Asia,2011,368.8809999999999,0.3688809999999999
ARE,United Arab Emirates,Asia,2012,392.79299999999995,0.39279299999999995
ARE,United Arab Emirates,Asia,2013,409.6329999999999,0.4096329999999999
ARE,United Arab Emirates,Asia,2014,424.93599999999986,0.42493599999999987
ARE,United Arab Emirates,Asia,2015,381.97299999999996,0.38197299999999995
ARE,United Arab Emirates,Asia,2016,381.71699999999987,0.38171699999999986
ARE,United Arab Emirates,Asia,2017,403.365,0.40336500000000003
ARE,United Arab Emirates,Asia,2018,440.56,0.44056
ARE,United Arab Emirates,Asia,2019,433.92599999999993,0.4339259999999999
ARE,United Arab Emirates,Asia,2020,357.1619999999999,0.3571619999999999
ARE,United Arab Emirates,Asia,2021,422.4409999999999,0.4224409999999999
ARE,United Arab Emirates,Asia,2022,511.40299999999996,0.5114029999999999
ARE,United Arab Emirates,Asia,2023,522.622,0.5226219999999999
ARE,United Arab Emirates,Asia,2024,552.3249999999999,0.552325
ARE,United Arab Emirates,Asia,2025,571.643,0.571643
ARE,United Arab Emirates,Asia,2026,621.5459999999999,0.6215459999999999
ARE,United Arab Emirates,Asia,2027,648.6730000000001,0.6486730000000002
ARE,United Arab Emirates,Asia,2028,686.3519999999999,0.6863519999999999
ARE,United Arab Emirates,Asia,2029,727.722,0.727722
ARE,United Arab Emirates,Asia,2030,770.217,0.7702169999999999
ARE,United Arab Emirates,Asia,2031,815.049,0.815049
GBR,United Kingdom,Europe,1980,604.664,0.604664
GBR,United Kingdom,Europe,1981,589.092,0.589092
GBR,United Kingdom,Europe,1982,560.122,0.560122
GBR,United Kingdom,Europe,1983,533.763,0.533763
GBR,United Kingdom,Europe,1984,505.8589999999999,0.505859
GBR,United Kingdom,Europe,1985,538.269,0.538269
GBR,United Kingdom,Europe,1986,656.4449999999999,0.656445
GBR,United Kingdom,Europe,1987,816.119,0.816119
GBR,United Kingdom,Europe,1988,992.545,0.992545
GBR,United Kingdom,Europe,1989,1010.843,1.010843
GBR,United Kingdom,Europe,1990,1200.911,1.200911
GBR,United Kingdom,Europe,1991,1252.495,1.252495
GBR,United Kingdom,Europe,1992,1293.728,1.293728
GBR,United Kingdom,Europe,1993,1158.9660000000001,1.1589660000000002
GBR,United Kingdom,Europe,1994,1245.9050000000002,1.2459050000000003
GBR,United Kingdom,Europe,1995,1349.359,1.349359
GBR,United Kingdom,Europe,1996,1426.746,1.426746
GBR,United Kingdom,Europe,1997,1569.646,1.5696459999999999
GBR,United Kingdom,Europe,1998,1660.979,1.660979
GBR,United Kingdom,Europe,1999,1693.878,1.693878
GBR,United Kingdom,Europe,2000,1674.765,1.674765
GBR,United Kingdom,Europe,2001,1656.597,1.6565969999999999
GBR,United Kingdom,Europe,2002,1793.3629999999998,1.7933629999999998
GBR,United Kingdom,Europe,2003,2063.105,2.063105
GBR,United Kingdom,Europe,2004,2430.8720000000003,2.4308720000000004
GBR,United Kingdom,Europe,2005,2554.2289999999994,2.5542289999999994
GBR,United Kingdom,Europe,2006,2723.389,2.723389
GBR,United Kingdom,Europe,2007,3105.89,3.10589
GBR,United Kingdom,Europe,2008,2976.398,2.976398
GBR,United Kingdom,Europe,2009,2438.053,2.438053
GBR,United Kingdom,Europe,2010,2499.193,2.499193
GBR,United Kingdom,Europe,2011,2676.507,2.676507
GBR,United Kingdom,Europe,2012,2720.2,2.7201999999999997
GBR,United Kingdom,Europe,2013,2798.7279999999996,2.7987279999999997
GBR,United Kingdom,Europe,2014,3086.969,3.086969
GBR,United Kingdom,Europe,2015,2946.231,2.946231
GBR,United Kingdom,Europe,2016,2716.8520000000003,2.7168520000000003
GBR,United Kingdom,Europe,2017,2701.37,2.70137
GBR,United Kingdom,Europe,2018,2900.7449999999994,2.9007449999999992
GBR,United Kingdom,Europe,2019,2877.3920000000003,2.8773920000000004
GBR,United Kingdom,Europe,2020,2725.948,2.725948
GBR,United Kingdom,Europe,2021,3195.327,3.1953270000000003
GBR,United Kingdom,Europe,2022,3192.8510000000006,3.1928510000000005
GBR,United Kingdom,Europe,2023,3422.072,3.422072
GBR,United Kingdom,Europe,2024,3695.3550000000005,3.6953550000000006
GBR,United Kingdom,Europe,2025,4003.022,4.003022
GBR,United Kingdom,Europe,2026,4264.794,4.264794
GBR,United Kingdom,Europe,2027,4466.076,4.466076
GBR,United Kingdom,Europe,2028,4675.048,4.675047999999999
GBR,United Kingdom,Europe,2029,4898.447999999999,4.898447999999999
GBR,United Kingdom,Europe,2030,5148.433999999999,5.148433999999999
GBR,United Kingdom,Europe,2031,5403.155000000001,5.403155000000001
USA,United States,Americas,1980,2857.325,2.857325
USA,United States,Americas,1981,3207.025,3.2070250000000002
USA,United States,Americas,1982,3343.8,3.3438000000000003
USA,United States,Americas,1983,3634.025,3.6340250000000003
USA,United States,Americas,1984,4037.65,4.03765
USA,United States,Americas,1985,4339,4.339
USA,United States,Americas,1986,4579.625000000001,4.579625000000001
USA,United States,Americas,1987,4855.25,4.85525
USA,United States,Americas,1988,5236.425,5.2364250000000006
USA,United States,Americas,1989,5641.6,5.6416
USA,United States,Americas,1990,5963.125000000001,5.963125000000001
USA,United States,Americas,1991,6158.125000000001,6.158125000000001
USA,United States,Americas,1992,6520.325000000001,6.520325000000001
USA,United States,Americas,1993,6858.55,6.85855
USA,United States,Americas,1994,7287.25,7.28725
USA,United States,Americas,1995,7639.75,7.63975
USA,United States,Americas,1996,8073.125000000001,8.073125000000001
USA,United States,Americas,1997,8577.549999999997,8.577549999999997
USA,United States,Americas,1998,9062.824999999999,9.062824999999998
USA,United States,Americas,1999,9631.174999999997,9.631174999999997
USA,United States,Americas,2000,10250.95,10.250950000000001
USA,United States,Americas,2001,10581.924999999997,10.581924999999998
USA,United States,Americas,2002,10929.1,10.9291
USA,United States,Americas,2003,11456.45,11.45645
USA,United States,Americas,2004,12217.174999999997,12.217174999999997
USA,United States,Americas,2005,13039.200000000003,13.039200000000003
USA,United States,Americas,2006,13815.6,13.8156
USA,United States,Americas,2007,14474.25,14.47425
USA,United States,Americas,2008,14769.849999999999,14.769849999999998
USA,United States,Americas,2009,14478.049999999997,14.478049999999998
USA,United States,Americas,2010,15048.974999999999,15.048974999999999
USA,United States,Americas,2011,15599.725,15.599725000000001
USA,United States,Americas,2012,16253.95,16.25395
USA,United States,Americas,2013,16880.674999999996,16.880674999999997
USA,United States,Americas,2014,17608.125,17.608125
USA,United States,Americas,2015,18295,18.295
USA,United States,Americas,2016,18804.9,18.8049
USA,United States,Americas,2017,19612.099999999995,19.612099999999995
USA,United States,Americas,2018,20656.525,20.656525000000002
USA,United States,Americas,2019,21539.975,21.539975
USA,United States,Americas,2020,21375.275,21.375275000000002
USA,United States,Americas,2021,23725.649999999998,23.725649999999998
USA,United States,Americas,2022,26054.599999999995,26.054599999999994
USA,United States,Americas,2023,27811.5,27.8115
USA,United States,Americas,2024,29298.025,29.298025000000003
USA,United States,Americas,2025,30767.075,30.767075000000002
USA,United States,Americas,2026,32383.919999999995,32.383919999999996
USA,United States,Americas,2027,33790.034999999996,33.790034999999996
USA,United States,Americas,2028,35065.9,35.0659
USA,United States,Americas,2029,36360.58,36.36058
USA,United States,Americas,2030,37677.878000000004,37.67787800000001
USA,United States,Americas,2031,39031.261999999995,39.031262
URY,Uruguay,Americas,1980,12.217,0.012217
URY,Uruguay,Americas,1981,13.636000000000001,0.013636
URY,Uruguay,Americas,1982,11.146999999999998,0.011146999999999999
URY,Uruguay,Americas,1983,6.118999999999999,0.006118999999999999
URY,Uruguay,Americas,1984,5.819,0.0058189999999999995
URY,Uruguay,Americas,1985,5.685999999999999,0.005685999999999999
URY,Uruguay,Americas,1986,7.059,0.007059
URY,Uruguay,Americas,1987,8.832,0.008832000000000001
URY,Uruguay,Americas,1988,9.136999999999999,0.009137
URY,Uruguay,Americas,1989,9.629999999999999,0.00963
URY,Uruguay,Americas,1990,11.204,0.011204
URY,Uruguay,Americas,1991,13.502000000000002,0.013502000000000002
URY,Uruguay,Americas,1992,15.515000000000002,0.015515000000000003
URY,Uruguay,Americas,1993,18.064,0.018064
URY,Uruguay,Americas,1994,21.04,0.02104
URY,Uruguay,Americas,1995,23.266999999999996,0.023266999999999996
URY,Uruguay,Americas,1996,24.73,0.024730000000000002
URY,Uruguay,Americas,1997,26.155,0.026155
URY,Uruguay,Americas,1998,27.704,0.027704
URY,Uruguay,Americas,1999,26.178,0.026178
URY,Uruguay,Americas,2000,24.892,0.024892
URY,Uruguay,Americas,2001,22.802,0.022802
URY,Uruguay,Americas,2002,14.863000000000001,0.014863000000000001
URY,Uruguay,Americas,2003,13.159000000000002,0.013159000000000002
URY,Uruguay,Americas,2004,14.959000000000001,0.014959000000000002
URY,Uruguay,Americas,2005,18.985999999999997,0.018985999999999996
URY,Uruguay,Americas,2006,21.416,0.021416
URY,Uruguay,Americas,2007,25.603000000000005,0.025603000000000004
URY,Uruguay,Americas,2008,33.150999999999996,0.03315099999999999
URY,Uruguay,Americas,2009,34.565000000000005,0.034565000000000005
URY,Uruguay,Americas,2010,43.967000000000006,0.043967000000000006
URY,Uruguay,Americas,2011,52.354,0.052354
URY,Uruguay,Americas,2012,55.938,0.055938
URY,Uruguay,Americas,2013,62.857,0.062857
URY,Uruguay,Americas,2014,62.54600000000001,0.062546
URY,Uruguay,Americas,2015,58.21800000000001,0.05821800000000001
URY,Uruguay,Americas,2016,57.580000000000005,0.057580000000000006
URY,Uruguay,Americas,2017,65.06800000000001,0.06506800000000001
URY,Uruguay,Americas,2018,65.36999999999999,0.06536999999999998
URY,Uruguay,Americas,2019,62.22900000000001,0.062229000000000013
URY,Uruguay,Americas,2020,53.556999999999995,0.053556999999999994
URY,Uruguay,Americas,2021,60.742000000000004,0.060742000000000004
URY,Uruguay,Americas,2022,71.24700000000001,0.07124700000000002
URY,Uruguay,Americas,2023,79.21400000000001,0.079214
URY,Uruguay,Americas,2024,82.32299999999998,0.08232299999999998
URY,Uruguay,Americas,2025,85.57499999999999,0.08557499999999998
URY,Uruguay,Americas,2026,96.09200000000001,0.09609200000000001
URY,Uruguay,Americas,2027,100.85899999999998,0.10085899999999998
URY,Uruguay,Americas,2028,104.91700000000002,0.10491700000000001
URY,Uruguay,Americas,2029,109.60899999999998,0.10960899999999998
URY,Uruguay,Americas,2030,115.274,0.115274
URY,Uruguay,Americas,2031,121.215,0.121215
UZB,Uzbekistan,Asia,1992,4.971000000000001,0.004971000000000001
UZB,Uzbekistan,Asia,1993,7.658999999999999,0.007658999999999999
UZB,Uzbekistan,Asia,1994,9.078000000000001,0.009078000000000001
UZB,Uzbekistan,Asia,1995,14.155000000000001,0.014155000000000001
UZB,Uzbekistan,Asia,1996,19.381999999999998,0.019381999999999996
UZB,Uzbekistan,Asia,1997,20.471,0.020471
UZB,Uzbekistan,Asia,1998,20.81,0.02081
UZB,Uzbekistan,Asia,1999,23.724,0.023724
UZB,Uzbekistan,Asia,2000,19.096,0.019096
UZB,Uzbekistan,Asia,2001,16.193,0.016193000000000003
UZB,Uzbekistan,Asia,2002,13.444,0.013444000000000001
UZB,Uzbekistan,Asia,2003,14.1,0.0141
UZB,Uzbekistan,Asia,2004,16.707999999999995,0.016707999999999994
UZB,Uzbekistan,Asia,2005,19.921999999999997,0.019922
UZB,Uzbekistan,Asia,2006,23.702999999999996,0.023702999999999995
UZB,Uzbekistan,Asia,2007,31.053999999999995,0.031053999999999995
UZB,Uzbekistan,Asia,2008,39.822,0.039822
UZB,Uzbekistan,Asia,2009,46.582,0.046582
UZB,Uzbekistan,Asia,2010,55.550999999999995,0.055550999999999996
UZB,Uzbekistan,Asia,2011,67.44300000000001,0.06744300000000002
UZB,Uzbekistan,Asia,2012,75.32199999999999,0.07532199999999999
UZB,Uzbekistan,Asia,2013,82.68799999999999,0.08268799999999998
UZB,Uzbekistan,Asia,2014,91.307,0.091307
UZB,Uzbekistan,Asia,2015,96.96,0.09695999999999999
UZB,Uzbekistan,Asia,2016,97.32499999999999,0.097325
UZB,Uzbekistan,Asia,2017,69.703,0.069703
UZB,Uzbekistan,Asia,2018,61.318,0.061318
UZB,Uzbekistan,Asia,2019,70.17099999999999,0.070171
UZB,Uzbekistan,Asia,2020,70.12699999999998,0.07012699999999998
UZB,Uzbekistan,Asia,2021,81.16999999999999,0.08116999999999999
UZB,Uzbekistan,Asia,2022,94.317,0.094317
UZB,Uzbekistan,Asia,2023,107.518,0.107518
UZB,Uzbekistan,Asia,2024,121.35199999999999,0.12135199999999999
UZB,Uzbekistan,Asia,2025,147.06900000000002,0.147069
UZB,Uzbekistan,Asia,2026,181.502,0.181502
UZB,Uzbekistan,Asia,2027,203.085,0.20308500000000002
UZB,Uzbekistan,Asia,2028,224.85100000000003,0.22485100000000002
UZB,Uzbekistan,Asia,2029,248.258,0.248258
UZB,Uzbekistan,Asia,2030,273.4409999999999,0.27344099999999993
UZB,Uzbekistan,Asia,2031,301.1739999999999,0.30117399999999994
VUT,Vanuatu,Oceania,1980,0.134,1.34e-4
VUT,Vanuatu,Oceania,1981,0.126,1.26e-4
VUT,Vanuatu,Oceania,1982,0.127,1.27e-4
VUT,Vanuatu,Oceania,1983,0.13,1.3000000000000002e-4
VUT,Vanuatu,Oceania,1984,0.16,1.6e-4
VUT,Vanuatu,Oceania,1985,0.14600000000000002,1.4600000000000003e-4
VUT,Vanuatu,Oceania,1986,0.14100000000000001,1.41e-4
VUT,Vanuatu,Oceania,1987,0.15400000000000003,1.5400000000000003e-4
VUT,Vanuatu,Oceania,1988,0.17500000000000002,1.7500000000000003e-4
VUT,Vanuatu,Oceania,1989,0.17,1.7e-4
VUT,Vanuatu,Oceania,1990,0.187,1.87e-4
VUT,Vanuatu,Oceania,1991,0.223,2.23e-4
VUT,Vanuatu,Oceania,1992,0.231,2.31e-4
VUT,Vanuatu,Oceania,1993,0.222,2.22e-4
VUT,Vanuatu,Oceania,1994,0.259,2.59e-4
VUT,Vanuatu,Oceania,1995,0.276,2.7600000000000004e-4
VUT,Vanuatu,Oceania,1996,0.28900000000000003,2.8900000000000003e-4
VUT,Vanuatu,Oceania,1997,0.30200000000000005,3.02e-4
VUT,Vanuatu,Oceania,1998,0.29000000000000004,2.9000000000000006e-4
VUT,Vanuatu,Oceania,1999,0.2960000000000001,2.960000000000001e-4
VUT,Vanuatu,Oceania,2000,0.3000000000000001,3.000000000000001e-4
VUT,Vanuatu,Oceania,2001,0.28500000000000003,2.8500000000000004e-4
VUT,Vanuatu,Oceania,2002,0.29000000000000004,2.9000000000000006e-4
VUT,Vanuatu,Oceania,2003,0.349,3.4899999999999997e-4
VUT,Vanuatu,Oceania,2004,0.403,4.0300000000000004e-4
VUT,Vanuatu,Oceania,2005,0.43200000000000005,4.3200000000000004e-4
VUT,Vanuatu,Oceania,2006,0.48100000000000004,4.8100000000000004e-4
VUT,Vanuatu,Oceania,2007,0.572,5.719999999999999e-4
VUT,Vanuatu,Oceania,2008,0.644,6.44e-4
VUT,Vanuatu,Oceania,2009,0.652,6.52e-4
VUT,Vanuatu,Oceania,2010,0.721,7.21e-4
VUT,Vanuatu,Oceania,2011,0.816,8.16e-4
VUT,Vanuatu,Oceania,2012,0.814,8.139999999999999e-4
VUT,Vanuatu,Oceania,2013,0.8590000000000001,8.590000000000001e-4
VUT,Vanuatu,Oceania,2014,0.881,8.810000000000001e-4
VUT,Vanuatu,Oceania,2015,0.8710000000000001,8.710000000000001e-4
VUT,Vanuatu,Oceania,2016,0.902,9.02e-4
VUT,Vanuatu,Oceania,2017,0.999,9.99e-4
VUT,Vanuatu,Oceania,2018,1,0.001
VUT,Vanuatu,Oceania,2019,1.054,0.001054
VUT,Vanuatu,Oceania,2020,1.1279999999999997,0.0011279999999999997
VUT,Vanuatu,Oceania,2021,1.06,0.00106
VUT,Vanuatu,Oceania,2022,1.1299999999999997,0.0011299999999999997
VUT,Vanuatu,Oceania,2023,1.1980000000000002,0.0011980000000000003
VUT,Vanuatu,Oceania,2024,1.2649999999999997,0.0012649999999999996
VUT,Vanuatu,Oceania,2025,1.316,0.0013160000000000001
VUT,Vanuatu,Oceania,2026,1.3959999999999997,0.0013959999999999997
VUT,Vanuatu,Oceania,2027,1.4769999999999999,0.0014769999999999998
VUT,Vanuatu,Oceania,2028,1.5529999999999997,0.0015529999999999997
VUT,Vanuatu,Oceania,2029,1.6279999999999997,0.0016279999999999997
VUT,Vanuatu,Oceania,2030,1.7069999999999999,0.0017069999999999998
VUT,Vanuatu,Oceania,2031,1.7889999999999997,0.0017889999999999998
VEN,Venezuela,Americas,1980,69.841,0.069841
VEN,Venezuela,Americas,1981,78.367,0.078367
VEN,Venezuela,Americas,1982,79.998,0.079998
VEN,Venezuela,Americas,1983,79.67199999999998,0.07967199999999998
VEN,Venezuela,Americas,1984,57.826,0.057826
VEN,Venezuela,Americas,1985,59.865,0.059865
VEN,Venezuela,Americas,1986,60.876999999999995,0.060876999999999994
VEN,Venezuela,Americas,1987,46.854,0.046854
VEN,Venezuela,Americas,1988,60.378,0.060378
VEN,Venezuela,Americas,1989,44.672000000000004,0.044672
VEN,Venezuela,Americas,1990,48.391000000000005,0.048391000000000003
VEN,Venezuela,Americas,1991,53.382,0.053382
VEN,Venezuela,Americas,1992,60.400000000000006,0.0604
VEN,Venezuela,Americas,1993,59.865,0.059865
VEN,Venezuela,Americas,1994,58.357,0.058357
VEN,Venezuela,Americas,1995,77.427,0.07742700000000001
VEN,Venezuela,Americas,1996,70.536,0.070536
VEN,Venezuela,Americas,1997,85.68399999999998,0.08568399999999998
VEN,Venezuela,Americas,1998,91.836,0.091836
VEN,Venezuela,Americas,1999,97.517,0.09751699999999999
VEN,Venezuela,Americas,2000,117.596,0.117596
VEN,Venezuela,Americas,2001,123.119,0.123119
VEN,Venezuela,Americas,2002,95.258,0.095258
VEN,Venezuela,Americas,2003,83.68399999999998,0.08368399999999998
VEN,Venezuela,Americas,2004,112.254,0.112254
VEN,Venezuela,Americas,2005,143.375,0.143375
VEN,Venezuela,Americas,2006,178.52100000000002,0.178521
VEN,Venezuela,Americas,2007,232.85700000000003,0.23285700000000004
VEN,Venezuela,Americas,2008,306.764,0.30676400000000004
VEN,Venezuela,Americas,2009,268.624,0.26862400000000003
VEN,Venezuela,Americas,2010,318.28099999999995,0.3182809999999999
VEN,Venezuela,Americas,2011,316.482,0.31648200000000004
VEN,Venezuela,Americas,2012,372.59199999999987,0.37259199999999987
VEN,Venezuela,Americas,2013,258.93199999999996,0.25893199999999994
VEN,Venezuela,Americas,2014,214.69,0.21469
VEN,Venezuela,Americas,2015,125.44900000000001,0.125449
VEN,Venezuela,Americas,2016,112.91500000000002,0.11291500000000002
VEN,Venezuela,Americas,2017,115.882,0.115882
VEN,Venezuela,Americas,2018,102.021,0.102021
VEN,Venezuela,Americas,2019,73.014,0.073014
VEN,Venezuela,Americas,2020,42.838,0.042838
VEN,Venezuela,Americas,2021,56.615,0.056615
VEN,Venezuela,Americas,2022,89.013,0.08901300000000001
VEN,Venezuela,Americas,2023,102.37799999999999,0.10237799999999998
VEN,Venezuela,Americas,2024,120.566,0.120566
VEN,Venezuela,Americas,2025,99.661,0.099661
VEN,Venezuela,Americas,2026,111.303,0.111303
VEN,Venezuela,Americas,2027,117.908,0.117908
VNM,Vietnam,Asia,1980,35.357,0.035357
VNM,Vietnam,Asia,1981,17.617000000000004,0.017617000000000004
VNM,Vietnam,Asia,1982,23.369,0.023369
VNM,Vietnam,Asia,1983,35.204,0.035204
VNM,Vietnam,Asia,1984,61.17100000000001,0.061171
VNM,Vietnam,Asia,1985,19.045,0.019045000000000003
VNM,Vietnam,Asia,1986,43.009,0.043009
VNM,Vietnam,Asia,1987,53.385,0.053384999999999995
VNM,Vietnam,Asia,1988,29.501,0.029501000000000003
VNM,Vietnam,Asia,1989,7.991,0.007991
VNM,Vietnam,Asia,1990,8.216999999999999,0.008216999999999999
VNM,Vietnam,Asia,1991,9.703999999999999,0.009703999999999999
VNM,Vietnam,Asia,1992,12.527999999999999,0.012528
VNM,Vietnam,Asia,1993,16.736,0.016736
VNM,Vietnam,Asia,1994,20.712,0.020712
VNM,Vietnam,Asia,1995,26.407,0.026407
VNM,Vietnam,Asia,1996,31.352,0.031352
VNM,Vietnam,Asia,1997,34.146,0.034146
VNM,Vietnam,Asia,1998,34.580000000000005,0.03458000000000001
VNM,Vietnam,Asia,1999,36.443999999999996,0.036444
VNM,Vietnam,Asia,2000,39.585,0.039585
VNM,Vietnam,Asia,2001,41.29700000000001,0.041297000000000014
VNM,Vietnam,Asia,2002,44.563,0.044563000000000005
VNM,Vietnam,Asia,2003,50.23300000000001,0.050233000000000014
VNM,Vietnam,Asia,2004,62.876999999999995,0.06287699999999999
VNM,Vietnam,Asia,2005,73.197,0.073197
VNM,Vietnam,Asia,2006,84.301,0.084301
VNM,Vietnam,Asia,2007,98.426,0.098426
VNM,Vietnam,Asia,2008,124.756,0.124756
VNM,Vietnam,Asia,2009,129.02200000000002,0.12902200000000003
VNM,Vietnam,Asia,2010,143.287,0.143287
VNM,Vietnam,Asia,2011,171.36700000000002,0.17136700000000002
VNM,Vietnam,Asia,2012,195.167,0.195167
VNM,Vietnam,Asia,2013,212.737,0.21273699999999998
VNM,Vietnam,Asia,2014,232.89100000000002,0.23289100000000001
VNM,Vietnam,Asia,2015,236.839,0.236839
VNM,Vietnam,Asia,2016,252.13899999999998,0.252139
VNM,Vietnam,Asia,2017,277.07599999999996,0.277076
VNM,Vietnam,Asia,2018,304.47399999999993,0.3044739999999999
VNM,Vietnam,Asia,2019,331.8109999999999,0.3318109999999999
VNM,Vietnam,Asia,2020,346.28299999999996,0.34628299999999995
VNM,Vietnam,Asia,2021,370.065,0.370065
VNM,Vietnam,Asia,2022,411.03099999999995,0.4110309999999999
VNM,Vietnam,Asia,2023,432.98099999999994,0.43298099999999995
VNM,Vietnam,Asia,2024,459.4479999999999,0.4594479999999999
VNM,Vietnam,Asia,2025,494.046,0.494046
VNM,Vietnam,Asia,2026,527.266,0.527266
VNM,Vietnam,Asia,2027,557.405,0.5574049999999999
VNM,Vietnam,Asia,2028,594.8259999999999,0.5948259999999999
VNM,Vietnam,Asia,2029,631.081,0.631081
VNM,Vietnam,Asia,2030,667.52,0.66752
VNM,Vietnam,Asia,2031,705.4429999999999,0.7054429999999998
YEM,Yemen,Asia,2014,14.220999999999998,0.014220999999999998
YEM,Yemen,Asia,2015,10.265000000000002,0.010265000000000002
YEM,Yemen,Asia,2016,9.943999999999999,0.009944
YEM,Yemen,Asia,2017,10.443,0.010443
YEM,Yemen,Asia,2018,11.494,0.011493999999999999
YEM,Yemen,Asia,2019,12.849,0.012849000000000001
YEM,Yemen,Asia,2020,10.783000000000001,0.010783000000000001
YEM,Yemen,Asia,2021,10.203000000000001,0.010203000000000002
YEM,Yemen,Asia,2022,11.124,0.011124
YEM,Yemen,Asia,2023,9.364,0.009364
YEM,Yemen,Asia,2024,8.058000000000002,0.008058000000000001
YEM,Yemen,Asia,2025,7.896999999999999,0.007897
YEM,Yemen,Asia,2026,7.435,0.007435
YEM,Yemen,Asia,2027,7.121999999999999,0.007121999999999999
YEM,Yemen,Asia,2028,7.004999999999999,0.007004999999999999
YEM,Yemen,Asia,2029,6.962,0.0069619999999999994
YEM,Yemen,Asia,2030,6.979000000000001,0.006979000000000001
YEM,Yemen,Asia,2031,7.047,0.0070469999999999994
ZMB,Zambia,Africa,1980,4.246,0.004246000000000001
ZMB,Zambia,Africa,1981,4.384999999999999,0.004384999999999999
ZMB,Zambia,Africa,1982,4.232,0.0042320000000000005
ZMB,Zambia,Africa,1983,3.653,0.003653
ZMB,Zambia,Africa,1984,3.003,0.003003
ZMB,Zambia,Africa,1985,2.848,0.002848
ZMB,Zambia,Africa,1986,1.962,0.0019619999999999998
ZMB,Zambia,Africa,1987,2.4309999999999996,0.0024309999999999996
ZMB,Zambia,Africa,1988,4.094999999999999,0.004094999999999999
ZMB,Zambia,Africa,1989,4.364999999999999,0.004364999999999999
ZMB,Zambia,Africa,1990,4.085,0.004085
ZMB,Zambia,Africa,1991,3.69,0.00369
ZMB,Zambia,Africa,1992,3.614,0.003614
ZMB,Zambia,Africa,1993,3.549,0.003549
ZMB,Zambia,Africa,1994,3.657,0.003657
ZMB,Zambia,Africa,1995,3.799,0.003799
ZMB,Zambia,Africa,1996,3.5989999999999998,0.0035989999999999998
ZMB,Zambia,Africa,1997,4.302999999999999,0.004302999999999999
ZMB,Zambia,Africa,1998,3.538,0.003538
ZMB,Zambia,Africa,1999,3.405,0.0034049999999999996
ZMB,Zambia,Africa,2000,3.601,0.003601
ZMB,Zambia,Africa,2001,3.8699999999999997,0.0038699999999999997
ZMB,Zambia,Africa,2002,4.193999999999999,0.004193999999999999
ZMB,Zambia,Africa,2003,4.902,0.004902
ZMB,Zambia,Africa,2004,6.221,0.006221
ZMB,Zambia,Africa,2005,8.329,0.008329000000000001
ZMB,Zambia,Africa,2006,12.762,0.012762
ZMB,Zambia,Africa,2007,14.06,0.014060000000000001
ZMB,Zambia,Africa,2008,17.914,0.017914000000000003
ZMB,Zambia,Africa,2009,15.332000000000003,0.015332000000000002
ZMB,Zambia,Africa,2010,20.263999999999996,0.020263999999999997
ZMB,Zambia,Africa,2011,23.454999999999995,0.023454999999999993
ZMB,Zambia,Africa,2012,25.502,0.025502
ZMB,Zambia,Africa,2013,28.042,0.028042
ZMB,Zambia,Africa,2014,27.145,0.027145
ZMB,Zambia,Africa,2015,21.244999999999997,0.021244999999999997
ZMB,Zambia,Africa,2016,20.964999999999996,0.020964999999999998
ZMB,Zambia,Africa,2017,25.874,0.025873999999999998
ZMB,Zambia,Africa,2018,26.311000000000003,0.026311000000000005
ZMB,Zambia,Africa,2019,23.309,0.023309
ZMB,Zambia,Africa,2020,18.138000000000005,0.018138000000000005
ZMB,Zambia,Africa,2021,22.096,0.022096
ZMB,Zambia,Africa,2022,29.164,0.029164000000000002
ZMB,Zambia,Africa,2023,27.578,0.027578
ZMB,Zambia,Africa,2024,25.303,0.025303
ZMB,Zambia,Africa,2025,28.88,0.02888
ZMB,Zambia,Africa,2026,41.243,0.041243
ZMB,Zambia,Africa,2027,43.26300000000001,0.04326300000000001
ZMB,Zambia,Africa,2028,46.098000000000006,0.04609800000000001
ZMB,Zambia,Africa,2029,51.702000000000005,0.051702000000000005
ZMB,Zambia,Africa,2030,55.931000000000004,0.055931
ZMB,Zambia,Africa,2031,60.5,0.0605
ZWE,Zimbabwe,Africa,1990,14.988,0.014988
ZWE,Zimbabwe,Africa,1991,13.962000000000002,0.013962000000000002
ZWE,Zimbabwe,Africa,1992,11.515000000000002,0.011515000000000003
ZWE,Zimbabwe,Africa,1993,11.184000000000001,0.011184000000000001
ZWE,Zimbabwe,Africa,1994,11.76,0.01176
ZWE,Zimbabwe,Africa,1995,12.209,0.012209
ZWE,Zimbabwe,Africa,1996,14.949,0.014949
ZWE,Zimbabwe,Africa,1997,15.345000000000002,0.015345000000000003
ZWE,Zimbabwe,Africa,1998,17.876,0.017876
ZWE,Zimbabwe,Africa,1999,17.388,0.017388
ZWE,Zimbabwe,Africa,2000,16.755,0.016755
ZWE,Zimbabwe,Africa,2001,16.613000000000003,0.016613000000000003
ZWE,Zimbabwe,Africa,2002,15.861000000000002,0.015861000000000004
ZWE,Zimbabwe,Africa,2003,14.145,0.014145
ZWE,Zimbabwe,Africa,2004,13.985000000000001,0.013985000000000001
ZWE,Zimbabwe,Africa,2005,13.365000000000002,0.013365000000000002
ZWE,Zimbabwe,Africa,2006,12.029,0.012029
ZWE,Zimbabwe,Africa,2007,11.502000000000002,0.011502000000000002
ZWE,Zimbabwe,Africa,2008,9.91,0.00991
ZWE,Zimbabwe,Africa,2009,14.282,0.014282
ZWE,Zimbabwe,Africa,2010,17.264999999999997,0.017264999999999996
ZWE,Zimbabwe,Africa,2011,20.134000000000004,0.020134000000000003
ZWE,Zimbabwe,Africa,2012,24.172999999999995,0.024172999999999993
ZWE,Zimbabwe,Africa,2013,26.756,0.026756
ZWE,Zimbabwe,Africa,2014,28.247999999999998,0.028248
ZWE,Zimbabwe,Africa,2015,28.123,0.028123000000000002
ZWE,Zimbabwe,Africa,2016,29.257,0.029257000000000002
ZWE,Zimbabwe,Africa,2017,31.018,0.031018
ZWE,Zimbabwe,Africa,2018,53.913999999999994,0.053914
ZWE,Zimbabwe,Africa,2019,39.776,0.039776000000000006
ZWE,Zimbabwe,Africa,2020,39.962,0.039962000000000004
ZWE,Zimbabwe,Africa,2021,52.413000000000004,0.052413
ZWE,Zimbabwe,Africa,2022,48.57,0.04857
ZWE,Zimbabwe,Africa,2023,44.372,0.044372
ZWE,Zimbabwe,Africa,2024,49.153999999999996,0.049153999999999996
ZWE,Zimbabwe,Africa,2025,53.474000000000004,0.053474
ZWE,Zimbabwe,Africa,2026,56.713,0.056713
ZWE,Zimbabwe,Africa,2027,57.406000000000006,0.057406000000000006
ZWE,Zimbabwe,Africa,2028,59.827000000000005,0.059827000000000005
ZWE,Zimbabwe,Africa,2029,62.349999999999994,0.062349999999999996
ZWE,Zimbabwe,Africa,2030,64.99400000000001,0.06499400000000001
ZWE,Zimbabwe,Africa,2031,67.762,0.067762
XKX,NA,NA,2000,2.217,0.0022170000000000002
XKX,NA,NA,2001,2.509,0.002509
XKX,NA,NA,2002,2.73,0.00273
XKX,NA,NA,2003,3.3899999999999997,0.00339
XKX,NA,NA,2004,3.71,0.0037099999999999998
XKX,NA,NA,2005,3.828,0.003828
XKX,NA,NA,2006,4.019,0.004019
XKX,NA,NA,2007,4.867999999999999,0.004867999999999999
XKX,NA,NA,2008,5.202,0.005202
XKX,NA,NA,2009,5.03,0.005030000000000001
XKX,NA,NA,2010,5.347999999999999,0.005347999999999999
XKX,NA,NA,2011,6.34,0.00634
XKX,NA,NA,2012,6.166999999999999,0.006166999999999999
XKX,NA,NA,2013,6.735,0.0067350000000000005
XKX,NA,NA,2014,7.076,0.007076
XKX,NA,NA,2015,6.296,0.006296
XKX,NA,NA,2016,6.681,0.006681
XKX,NA,NA,2017,7.177999999999999,0.007177999999999999
XKX,NA,NA,2018,7.882,0.007882
XKX,NA,NA,2019,7.9,0.0079
XKX,NA,NA,2020,7.727999999999999,0.007727999999999999
XKX,NA,NA,2021,9.418000000000001,0.009418000000000001
XKX,NA,NA,2022,9.375000000000002,0.009375000000000001
XKX,NA,NA,2023,10.470000000000002,0.010470000000000002
XKX,NA,NA,2024,11.200000000000001,0.011200000000000002
XKX,NA,NA,2025,12.449,0.012449
XKX,NA,NA,2026,14.053000000000003,0.014053000000000003
XKX,NA,NA,2027,15.26,0.01526
XKX,NA,NA,2028,16.213,0.016213
XKX,NA,NA,2029,17.248999999999995,0.017248999999999994
XKX,NA,NA,2030,18.354,0.018354
XKX,NA,NA,2031,19.527,0.019527000000000003
